# Blender v3.6.5 OBJ File: 'rendering_final.blend'
# www.blender.org
mtllib rendering_final.mtl
o Head_fitted_mesh_best
v 0.075398 1.712984 0.001622
v 0.080324 1.711507 0.002749
v 0.080976 1.713300 0.002996
v 0.075813 1.714636 0.001966
v 0.092915 1.714543 -0.007687
v 0.092111 1.718687 -0.003481
v 0.091266 1.722244 -0.003230
v 0.091809 1.722249 -0.006240
v 0.034650 1.666515 -0.077976
v 0.015934 1.667426 -0.083253
v 0.015476 1.654039 -0.081079
v 0.032459 1.650141 -0.074727
v 0.052434 1.619774 -0.054638
v 0.047545 1.629696 -0.059834
v 0.043295 1.615500 -0.064797
v 0.052722 1.610485 -0.054953
v 0.045565 1.782761 0.099065
v 0.055348 1.780893 0.093713
v 0.052813 1.773170 0.096149
v -0.078914 1.716661 -0.002931
v -0.083962 1.715421 -0.002099
v -0.084541 1.717243 -0.001887
v -0.079269 1.718331 -0.002609
v -0.095754 1.719039 -0.013249
v -0.095007 1.723145 -0.008997
v -0.094011 1.726658 -0.008692
v -0.094373 1.726685 -0.011728
v 0.043673 1.774597 0.099958
v 0.115305 1.742506 -0.021017
v 0.115590 1.739062 -0.022334
v 0.115757 1.737140 -0.020360
v 0.115384 1.740193 -0.019169
v 0.110811 1.718947 -0.019706
v 0.110489 1.728864 -0.021245
v 0.111897 1.732282 -0.022179
v 0.112241 1.729355 -0.021279
v 0.110998 1.704762 -0.016667
v 0.109781 1.705668 -0.016037
v 0.111717 1.711692 -0.018003
v 0.112963 1.711201 -0.018931
v 0.090996 1.679344 0.007139
v 0.094655 1.682159 0.005544
v 0.095077 1.679113 0.003678
v 0.089287 1.677289 0.004931
v 0.085630 1.678941 0.003500
v 0.091376 1.678195 -0.000901
v 0.091048 1.681956 -0.001818
v 0.086475 1.681876 0.001568
v 0.107094 1.754838 -0.004370
v 0.107132 1.750962 -0.004097
v 0.104629 1.749844 -0.001452
v 0.104519 1.753725 -0.001333
v 0.094438 1.709825 -0.019095
v 0.092456 1.701371 -0.017367
v 0.099958 1.707868 -0.019651
v 0.100051 1.711662 -0.019785
v 0.105821 1.742399 -0.012779
v 0.107347 1.743606 -0.016749
v 0.108053 1.740821 -0.018178
v 0.106678 1.738738 -0.015057
v 0.111019 1.744733 -0.022303
v 0.111506 1.740920 -0.023777
v 0.088531 1.690843 0.009586
v 0.086888 1.695520 0.010562
v 0.087630 1.697624 0.009468
v 0.088588 1.696300 0.007979
v 0.090497 1.714007 -0.004240
v 0.091981 1.719291 -0.002055
v 0.105799 1.691322 -0.011507
v 0.105774 1.693756 -0.010123
v 0.108560 1.698951 -0.013763
v 0.108779 1.697224 -0.015259
v 0.102451 1.697054 -0.007274
v 0.105512 1.700435 -0.011088
v 0.106736 1.701305 -0.013209
v 0.105324 1.698488 -0.010970
v 0.109058 1.746478 -0.012571
v 0.106253 1.749145 -0.007043
v 0.107285 1.748560 -0.007028
v 0.110122 1.745656 -0.012591
v 0.101265 1.727885 -0.018149
v 0.099252 1.734389 -0.015490
v 0.098331 1.733248 -0.015594
v 0.100375 1.727510 -0.017980
v 0.110514 1.742298 -0.020126
v 0.111140 1.738856 -0.021349
v 0.109001 1.737379 -0.019629
v 0.092878 1.738743 0.000318
v 0.093720 1.740067 -0.001121
v 0.094301 1.738027 -0.001678
v 0.093925 1.736266 -0.000411
v 0.094757 1.677767 -0.000393
v 0.089037 1.690299 -0.010364
v 0.091229 1.691406 -0.011701
v 0.094928 1.696803 -0.014591
v 0.093495 1.697974 -0.015325
v 0.085161 1.681290 0.008715
v 0.089122 1.681675 0.009239
v 0.090240 1.680136 0.008153
v 0.086384 1.679283 0.007145
v 0.096707 1.744550 -0.001220
v 0.099920 1.743843 -0.003695
v 0.097540 1.742558 -0.002872
v 0.095342 1.742897 -0.000942
v 0.109358 1.726326 -0.019155
v 0.107629 1.735055 -0.016866
v 0.109676 1.713907 -0.012536
v 0.109610 1.714238 -0.016293
v 0.108860 1.708840 -0.014735
v -0.035802 1.668194 -0.080053
v -0.016785 1.668205 -0.084218
v -0.017093 1.654815 -0.082039
v -0.034587 1.651739 -0.076704
v 0.108781 1.708678 -0.011120
v 0.108908 1.724641 -0.012256
v 0.109178 1.724782 -0.016546
v 0.112692 1.736484 -0.019076
v 0.113076 1.728477 -0.019747
v 0.111992 1.737332 -0.019996
v 0.095792 1.738080 -0.012615
v 0.095828 1.741816 -0.016864
v 0.096010 1.733246 -0.019369
v 0.096814 1.734806 -0.014492
v 0.087995 1.702794 0.009422
v 0.089546 1.705570 0.008313
v 0.088449 1.702798 0.006665
v 0.087804 1.699853 0.006966
v 0.095447 1.694392 -0.013036
v 0.091916 1.690215 -0.010658
v 0.092357 1.689785 -0.009677
v 0.095857 1.692293 -0.011258
v 0.102705 1.745474 -0.006284
v 0.103510 1.738773 -0.007065
v 0.101273 1.738725 -0.005425
v 0.096744 1.698767 0.001642
v 0.097843 1.700535 -0.000093
v 0.099428 1.696594 -0.002367
v 0.098312 1.693950 -0.001034
v 0.100525 1.682785 -0.005518
v 0.097646 1.682353 -0.006799
v 0.094571 1.679651 -0.003686
v 0.097661 1.679573 -0.002868
v 0.088178 1.698385 0.007549
v 0.087717 1.699447 0.009344
v 0.103736 1.728693 -0.019869
v 0.102138 1.736491 -0.016885
v 0.106383 1.736498 -0.012034
v 0.107205 1.733321 -0.013698
v 0.091321 1.719204 0.004767
v 0.088580 1.720098 0.003523
v 0.088482 1.719067 0.003454
v 0.091949 1.717103 0.004761
v 0.091595 1.718979 0.006087
v 0.092203 1.716902 0.006109
v 0.091624 1.716578 0.007350
v 0.091179 1.717752 0.007541
v 0.087740 1.720550 0.003118
v 0.087982 1.720124 0.003346
v 0.088490 1.720838 0.003120
v 0.095078 1.725108 -0.009451
v 0.097018 1.715009 -0.011534
v 0.095002 1.714623 -0.010274
v 0.093011 1.723486 -0.008007
v 0.109978 1.715773 -0.018405
v 0.099884 1.748804 0.003046
v 0.098175 1.751177 0.003235
v 0.101936 1.755827 -0.001440
v 0.090717 1.702571 -0.002653
v 0.094040 1.703401 0.000415
v 0.091855 1.703100 0.001957
v 0.089893 1.702058 -0.000976
v 0.087929 1.708401 0.004257
v 0.085587 1.704155 0.004712
v 0.090351 1.706210 0.005598
v 0.091205 1.726632 0.006483
v 0.090052 1.722113 0.003751
v 0.090809 1.720477 0.005009
v 0.090993 1.720809 0.006273
v 0.111037 1.703812 -0.018217
v 0.112789 1.710642 -0.020729
v 0.110931 1.710398 -0.022415
v 0.109328 1.703166 -0.019942
v 0.085906 1.686045 0.010878
v 0.081771 1.682809 0.006367
v 0.084350 1.690194 0.011353
v 0.112936 1.751034 -0.014904
v 0.108902 1.753741 -0.015349
v 0.109794 1.751176 -0.018171
v 0.114066 1.748544 -0.017448
v 0.089500 1.729206 -0.002185
v 0.089553 1.726463 -0.001742
v 0.089430 1.728201 -0.000371
v 0.089216 1.730809 -0.000585
v 0.065908 1.682576 -0.056687
v 0.076312 1.682013 -0.035051
v 0.082076 1.699365 -0.043453
v 0.072942 1.699369 -0.061664
v 0.101835 1.686383 -0.004270
v 0.100335 1.683569 -0.001760
v 0.092460 1.736254 0.007746
v 0.091645 1.738275 0.008886
v 0.092838 1.745072 0.007396
v 0.093631 1.741332 0.007292
v 0.112361 1.730489 -0.025393
v 0.115691 1.729547 -0.023592
v 0.095778 1.744987 0.000485
v 0.100331 1.749488 -0.002867
v 0.097865 1.746358 -0.001707
v 0.095483 1.744388 0.000207
v 0.094800 1.733637 0.002430
v 0.095457 1.735294 0.002788
v 0.093383 1.736633 0.002638
v 0.092346 1.734853 0.002527
v 0.091300 1.743780 0.010211
v 0.092708 1.749883 0.006606
v 0.086913 1.689518 -0.010021
v 0.094657 1.735166 0.005314
v 0.095458 1.738379 0.005502
v 0.096354 1.737343 0.003019
v -0.057123 1.622389 -0.057869
v -0.051472 1.632059 -0.062755
v -0.047615 1.617670 -0.067479
v -0.057832 1.613124 -0.058213
v 0.085296 1.696601 0.012367
v 0.086766 1.698871 0.010717
v 0.094618 1.743207 0.000368
v 0.093746 1.741656 0.000383
v 0.092054 1.736681 0.001248
v 0.093034 1.734235 -0.000312
v 0.102668 1.726231 -0.008087
v 0.105567 1.715023 -0.009562
v 0.086732 1.699566 -0.027384
v 0.080984 1.681504 -0.011372
v 0.092031 1.737200 0.002411
v 0.092049 1.737730 0.002206
v 0.091284 1.736597 0.001886
v 0.091132 1.735806 0.002190
v 0.098576 1.681300 0.000500
v 0.100281 1.734325 -0.005240
v 0.096563 1.731865 -0.003024
v 0.096836 1.734633 -0.002387
v 0.113000 1.717678 -0.018915
v 0.114374 1.728176 -0.019523
v 0.115964 1.728630 -0.021259
v 0.114418 1.717468 -0.020412
v 0.083407 1.680656 0.005157
v 0.090035 1.725582 -0.002595
v 0.091196 1.723327 -0.002009
v 0.090053 1.732614 -0.001022
v 0.090089 1.734530 0.001073
v 0.086756 1.702729 0.011272
v 0.108799 1.747486 -0.016753
v 0.109764 1.745077 -0.018491
v 0.106745 1.745739 -0.015251
v 0.106214 1.747209 -0.013328
v 0.105100 1.749242 -0.009643
v 0.105162 1.751093 -0.009064
v 0.107650 1.749563 -0.014328
v 0.094554 1.732952 -0.001583
v 0.095315 1.735131 -0.001249
v 0.095870 1.697160 0.002749
v 0.096842 1.689452 0.001302
v 0.107400 1.704205 -0.012207
v 0.106892 1.705090 -0.008586
v 0.107657 1.717776 -0.023292
v 0.107234 1.729843 -0.023436
v 0.105466 1.729129 -0.021371
v 0.106374 1.717737 -0.022049
v 0.099716 1.719321 -0.019470
v 0.095758 1.720177 -0.019531
v 0.090437 1.719040 0.007921
v 0.089365 1.723745 0.010014
v 0.089630 1.731729 -0.000884
v 0.089757 1.733686 0.001098
v 0.100596 1.697921 -0.015475
v 0.094893 1.688716 -0.007354
v 0.100348 1.695349 -0.013291
v 0.089729 1.687707 -0.005514
v 0.088985 1.686597 -0.002885
v 0.092260 1.686646 -0.004412
v 0.102792 1.699567 -0.005769
v 0.105308 1.701116 -0.008825
v 0.087388 1.720312 0.002519
v 0.085631 1.718501 0.001065
v 0.086132 1.720022 0.003048
v 0.106918 1.725083 -0.009512
v 0.108489 1.714446 -0.010295
v 0.095068 1.738289 0.002463
v 0.093260 1.725381 0.001937
v 0.094094 1.729656 0.004054
v 0.098616 1.742493 0.002671
v 0.096745 1.740607 0.002036
v 0.096161 1.739338 0.002339
v 0.097329 1.739748 0.003140
v 0.078983 1.708319 0.001896
v 0.082912 1.705950 0.003557
v 0.084734 1.709928 0.003865
v 0.103891 1.750554 -0.007118
v 0.104422 1.748026 -0.008563
v 0.103759 1.737831 -0.018587
v 0.094869 1.740485 -0.002230
v 0.095605 1.738591 -0.003240
v 0.096018 1.752328 -0.010093
v 0.095384 1.750211 -0.006375
v 0.095215 1.750628 -0.004942
v 0.095301 1.755307 -0.005041
v 0.087425 1.683474 0.000510
v 0.091017 1.683943 -0.002261
v 0.090956 1.685296 -0.002751
v 0.088250 1.685076 -0.000776
v 0.090846 1.702690 0.002591
v 0.089380 1.701733 -0.000073
v 0.108539 1.705926 -0.015732
v 0.107824 1.704838 -0.014409
v 0.109277 1.710123 -0.016760
v 0.110105 1.711725 -0.017942
v 0.090991 1.730441 -0.004831
v 0.090428 1.728919 -0.004289
v 0.096682 1.743473 -0.008045
v 0.099340 1.746766 -0.009472
v 0.097599 1.750180 -0.005329
v 0.095585 1.747322 -0.005306
v 0.105583 1.739213 -0.020836
v 0.095908 1.736740 -0.002639
v 0.096934 1.737031 -0.003778
v 0.095146 1.737242 -0.002178
v 0.091692 1.733707 0.002347
v 0.094154 1.732122 0.001977
v 0.098066 1.743117 0.001185
v 0.102888 1.747805 -0.002202
v 0.102027 1.747894 -0.002284
v 0.097593 1.744145 0.000964
v 0.092850 1.739831 0.001527
v 0.018257 1.682338 -0.089502
v 0.021044 1.694843 -0.096872
v -0.051580 1.785074 0.096203
v -0.061108 1.783666 0.090282
v -0.059093 1.775835 0.092853
v -0.050136 1.776832 0.097194
v 0.095582 1.750931 0.003254
v 0.096857 1.753126 -0.001142
v 0.098282 1.754556 -0.001450
v 0.096406 1.752076 0.002281
v 0.105901 1.745623 -0.012716
v 0.111436 1.740656 -0.018901
v 0.092140 1.721212 -0.000483
v 0.088423 1.717599 -0.000519
v 0.075642 1.716409 0.000428
v 0.076050 1.717951 0.000524
v 0.076823 1.717486 -0.000867
v 0.076425 1.715834 -0.001216
v 0.080159 1.709817 -0.001747
v 0.083680 1.708346 -0.000255
v 0.082470 1.705803 0.001034
v 0.079193 1.707094 -0.001261
v 0.075070 1.712443 -0.000271
v 0.075354 1.714484 0.000198
v 0.076260 1.713661 -0.001600
v 0.076113 1.711350 -0.002301
v 0.102962 1.750369 -0.004662
v 0.105258 1.750326 -0.006732
v 0.113367 1.739113 -0.017735
v 0.113945 1.736189 -0.018830
v 0.110060 1.745799 -0.015505
v 0.110830 1.743430 -0.017250
v 0.089816 1.708908 0.008530
v 0.091252 1.709225 0.006824
v 0.090798 1.707185 0.006720
v 0.114601 1.742975 -0.017606
v 0.114795 1.745534 -0.019358
v 0.089497 1.686435 0.009876
v 0.088033 1.684483 0.010410
v 0.045389 1.595109 0.015779
v 0.055339 1.602358 0.002780
v 0.053761 1.589741 0.001357
v 0.043737 1.582819 0.013622
v 0.098022 1.745514 0.004319
v 0.096480 1.748392 0.004695
v 0.075156 1.710339 0.000683
v 0.075101 1.709325 -0.001000
v 0.078460 1.707208 0.000223
v 0.081400 1.715229 0.002967
v 0.076328 1.716306 0.002094
v 0.080461 1.711989 -0.001525
v 0.081310 1.718380 0.000008
v 0.081662 1.719685 0.001732
v 0.084880 1.701121 0.003194
v 0.087123 1.700580 0.000982
v 0.088842 1.700246 0.004541
v 0.076034 1.708820 -0.002365
v 0.090436 1.731676 -0.002724
v 0.084556 1.712891 -0.000630
v 0.088545 1.709685 -0.002565
v 0.087960 1.706945 -0.001913
v 0.084242 1.710444 -0.000665
v 0.100322 1.695911 -0.004255
v 0.100757 1.698311 -0.003759
v 0.091827 1.703768 -0.004633
v 0.095985 1.703667 -0.002354
v 0.091482 1.725084 -0.000987
v 0.092890 1.728935 0.000875
v 0.088041 1.720480 0.002379
v 0.084984 1.715580 -0.000029
v 0.088506 1.712766 -0.002151
v 0.081686 1.716936 0.002790
v 0.086274 1.716769 0.003679
v 0.086057 1.718220 0.003547
v 0.081731 1.718235 0.002569
v 0.098894 1.738723 -0.004632
v 0.094937 1.745453 0.006148
v 0.096677 1.742001 0.005152
v 0.098326 1.757291 -0.023569
v 0.097003 1.747177 -0.029615
v 0.096250 1.748418 -0.014617
v 0.080631 1.714314 -0.001186
v 0.076826 1.719105 0.000851
v 0.077375 1.718358 0.001882
v 0.107575 1.700513 -0.013357
v 0.089938 1.699633 0.004747
v 0.090291 1.731338 0.001625
v 0.107312 1.710830 -0.021815
v 0.105974 1.704003 -0.019649
v 0.089601 1.733043 0.001174
v 0.090378 1.734414 0.001836
v 0.088462 1.701011 0.000341
v 0.090041 1.701516 0.003462
v 0.090618 1.734919 0.002009
v 0.091086 1.708677 0.005448
v 0.105686 1.738504 -0.010706
v 0.096043 1.685373 -0.007203
v 0.093433 1.683354 -0.004322
v 0.076874 1.717569 0.002126
v 0.081522 1.706047 0.001800
v 0.081038 1.716487 -0.000699
v 0.089157 1.713705 0.004101
v 0.088630 1.710974 0.004341
v 0.091477 1.711492 0.005517
v 0.098039 1.704402 -0.004012
v 0.093187 1.706088 -0.006882
v 0.094903 1.707335 -0.009161
v 0.100491 1.705508 -0.005612
v 0.104012 1.697824 -0.017106
v 0.101545 1.692259 -0.013607
v 0.104018 1.690395 -0.013315
v 0.107079 1.696306 -0.017004
v 0.100245 1.776301 -0.032506
v 0.098203 1.764380 -0.015572
v 0.100304 1.784380 -0.019333
v 0.103331 1.749440 -0.015268
v 0.103932 1.746436 -0.017287
v 0.110524 1.748019 -0.020407
v 0.094255 1.753471 0.001064
v 0.095047 1.750704 -0.003132
v 0.095605 1.752121 -0.000822
v 0.111554 1.717612 -0.024359
v 0.091744 1.731483 0.007467
v 0.094223 1.732347 0.004899
v 0.099666 1.699238 -0.016639
v 0.101157 1.702693 -0.003584
v 0.104163 1.703393 -0.005759
v 0.109353 1.750815 -0.007185
v 0.105212 1.748797 -0.004388
v 0.004849 1.583607 0.042607
v 0.004739 1.574376 0.037198
v 0.005453 1.714568 0.117630
v 0.007295 1.714412 0.115947
v 0.005802 1.716990 0.114854
v 0.004980 1.716973 0.115673
v 0.005683 1.702781 0.115414
v 0.005008 1.704965 0.114207
v 0.006255 1.704636 0.113098
v 0.007260 1.702757 0.114388
v 0.001969 1.716660 0.114586
v -0.000027 1.713155 0.117390
v 0.001905 1.714178 0.119148
v 0.003345 1.717266 0.115525
v 0.109576 1.754617 -0.007916
v 0.009911 1.702290 0.115126
v 0.008743 1.704853 0.113854
v 0.009591 1.705305 0.116065
v 0.011583 1.703166 0.117207
v 0.000462 1.703313 0.124379
v 0.001912 1.705986 0.124776
v 0.000602 1.705135 0.122012
v 0.000503 1.702599 0.121422
v 0.004196 1.706562 0.124165
v 0.006508 1.705699 0.126218
v 0.008773 1.705702 0.124388
v 0.006127 1.706438 0.122489
v 0.000515 1.708439 0.116467
v 0.002086 1.705792 0.117985
v -0.000545 1.708452 0.120633
v 0.009995 1.708480 0.114069
v 0.008352 1.707288 0.112289
v 0.007088 1.712273 0.111889
v 0.008638 1.713193 0.113008
v 0.051664 1.615793 0.019786
v 0.059753 1.619303 0.003878
v 0.038955 1.729476 0.093074
v 0.038045 1.725990 0.094359
v 0.033119 1.727552 0.095027
v 0.034221 1.730595 0.093904
v 0.092238 1.714285 0.006434
v 0.091454 1.715268 0.007723
v 0.104622 1.742902 -0.019125
v 0.108775 1.747756 -0.012998
v 0.102806 1.751649 -0.012721
v 0.100923 1.754145 -0.007169
v 0.099089 1.752045 -0.006172
v 0.100704 1.749143 -0.010928
v 0.112562 1.747471 -0.013588
v 0.091617 1.697781 0.004814
v 0.103611 1.733309 -0.007071
v 0.099603 1.754668 -0.004249
v 0.103954 1.756913 -0.004794
v 0.111756 1.717955 -0.018856
v 0.113687 1.745498 -0.015781
v 0.111277 1.743920 -0.014620
v 0.100245 1.745466 0.001956
v 0.096785 1.710748 -0.011224
v 0.104806 1.710404 -0.008533
v 0.102947 1.707123 -0.007078
v -0.115968 1.748013 -0.027833
v -0.116338 1.744586 -0.029170
v -0.116712 1.742676 -0.027212
v -0.116265 1.745710 -0.025998
v -0.112683 1.724272 -0.026294
v -0.111801 1.734159 -0.027797
v -0.112987 1.737639 -0.028807
v -0.113521 1.734733 -0.027933
v 0.096085 1.708400 -0.010335
v 0.090166 1.727455 -0.003696
v 0.086175 1.703526 0.013483
v 0.099360 1.689969 -0.002158
v -0.113723 1.710117 -0.023292
v -0.112503 1.710966 -0.022591
v -0.114031 1.717072 -0.024658
v -0.115243 1.716639 -0.025658
v 0.100881 1.691373 -0.004579
v 0.038700 1.682021 -0.082317
v 0.043857 1.695596 -0.088752
v 0.114111 1.717467 -0.022643
v 0.102920 1.749887 -0.005788
v 0.094291 1.697288 0.003599
v 0.093734 1.689899 0.004124
v 0.091584 1.690489 0.006067
v 0.096347 1.737572 -0.003614
v 0.099072 1.700483 -0.017065
v 0.099443 1.703226 -0.018398
v 0.077207 1.718361 -0.000353
v 0.100682 1.693919 -0.013227
v 0.095594 1.687087 -0.007219
v 0.064394 1.624068 -0.011392
v 0.063805 1.628125 -0.028610
v -0.096390 1.683807 0.001611
v -0.099811 1.686791 -0.000193
v -0.100266 1.683766 -0.002086
v -0.094653 1.681671 -0.000495
v 0.062062 1.613974 -0.027687
v 0.061192 1.608590 -0.011881
v 0.088206 1.721122 0.013342
v 0.088476 1.712200 0.010550
v 0.087592 1.710705 0.012169
v 0.021723 1.593917 0.039914
v 0.017645 1.578834 0.033395
v 0.086026 1.703976 0.017479
v 0.084496 1.702536 0.029319
v 0.086942 1.722285 0.030550
v 0.087612 1.716157 0.018904
v 0.071932 1.760652 0.071802
v 0.074207 1.761249 0.067115
v 0.074269 1.749357 0.066629
v 0.071608 1.750955 0.070587
v 0.023372 1.833049 0.092726
v 0.010381 1.834701 0.095255
v 0.011082 1.843879 0.088664
v 0.024344 1.841980 0.085838
v 0.046568 1.705479 -0.092433
v 0.049134 1.718189 -0.096520
v 0.024393 1.715683 -0.105585
v 0.022645 1.703941 -0.100838
v 0.025762 1.862922 0.061615
v 0.012455 1.865514 0.064272
v 0.013081 1.871695 0.053236
v -0.090844 1.683146 -0.001706
v -0.096348 1.682668 -0.006440
v -0.095788 1.686408 -0.007331
v -0.091433 1.686115 -0.003680
v 0.026571 1.868742 0.051012
v 0.060661 1.726274 0.083336
v 0.062307 1.718385 0.082792
v 0.057443 1.717896 0.086463
v 0.056529 1.725808 0.086293
v 0.093342 1.683912 0.006788
v 0.091822 1.685032 0.008079
v -0.108174 1.759964 -0.010713
v -0.108411 1.756095 -0.010449
v -0.106123 1.754863 -0.007664
v -0.105838 1.758734 -0.007532
v -0.096827 1.714380 -0.024733
v -0.095354 1.705845 -0.022904
v -0.102391 1.712688 -0.025616
v -0.102295 1.716481 -0.025749
v 0.013820 1.876973 0.040224
v 0.027609 1.873818 0.038491
v 0.012890 1.739273 0.102273
v -0.107000 1.747468 -0.019052
v -0.108231 1.748741 -0.023103
v -0.108984 1.745990 -0.024574
v -0.107896 1.743848 -0.021381
v -0.111512 1.750032 -0.028861
v -0.112092 1.746244 -0.030367
v -0.093530 1.695180 0.004213
v -0.091726 1.699774 0.005292
v -0.092302 1.701910 0.004159
v -0.093233 1.700630 0.002614
v -0.093574 1.718392 -0.009667
v -0.094934 1.723743 -0.007565
v -0.109480 1.696453 -0.017855
v -0.109422 1.698885 -0.016468
v -0.111739 1.704201 -0.020258
v -0.111951 1.702485 -0.021767
v 0.013549 1.741708 0.099153
v 0.017924 1.737737 0.097457
v 0.017387 1.735229 0.100027
v 0.006307 1.800308 0.106477
v 0.007807 1.809914 0.104076
v 0.019026 1.809194 0.102250
v 0.016785 1.799746 0.105120
v 0.022962 1.734332 0.095727
v 0.021943 1.731940 0.097605
v 0.011566 1.851901 0.081318
v 0.024932 1.849784 0.078388
v 0.028708 1.881681 -0.018078
v -0.106120 1.702026 -0.013424
v -0.108786 1.705543 -0.017406
v -0.109840 1.706467 -0.019595
v -0.108697 1.703590 -0.017281
v 0.029090 1.882160 -0.008588
v 0.015021 1.885736 -0.009317
v -0.110047 1.751695 -0.019028
v -0.107450 1.754233 -0.013342
v -0.108505 1.753699 -0.013388
v -0.111145 1.750925 -0.019112
v 0.016687 1.884619 -0.023566
v 0.088393 1.722247 -0.050257
v 0.092428 1.720729 -0.032594
v 0.095426 1.735846 -0.033091
v 0.093159 1.743050 -0.051840
v 0.035692 1.601142 0.032086
v 0.031781 1.585881 0.026200
v -0.102832 1.732746 -0.024165
v -0.100671 1.739150 -0.021383
v -0.099800 1.737966 -0.021434
v -0.101971 1.732329 -0.023944
v -0.111253 1.747580 -0.026662
v -0.111969 1.744170 -0.027924
v -0.110008 1.742595 -0.026083
v -0.095037 1.743219 -0.005222
v -0.095732 1.744581 -0.006705
v -0.096375 1.742569 -0.007299
v -0.096159 1.740795 -0.006014
v -0.099770 1.682401 -0.006133
v -0.092883 1.694635 -0.015728
v -0.094937 1.695844 -0.017190
v -0.098198 1.701406 -0.020285
v -0.096671 1.702506 -0.020931
v 0.064274 1.787846 0.081464
v 0.066625 1.794219 0.076528
v 0.070615 1.785437 0.072335
v 0.068288 1.780300 0.077676
v 0.003998 1.784626 0.109460
v 0.013180 1.784189 0.108666
v 0.010723 1.776496 0.109116
v 0.002949 1.776603 0.109649
v -0.090572 1.685476 0.003530
v -0.094535 1.686049 0.003820
v -0.095660 1.684564 0.002668
v -0.091795 1.683528 0.001889
v 0.070861 1.741843 0.070797
v 0.074074 1.738021 0.067862
v 0.072195 1.727934 0.072637
v 0.068748 1.733067 0.074558
v 0.064204 1.727632 0.080399
v -0.098490 1.749200 -0.006972
v -0.101580 1.748643 -0.009634
v -0.099318 1.747248 -0.008675
v -0.097224 1.747484 -0.006617
v 0.066548 1.720157 0.079502
v -0.110917 1.731574 -0.025647
v -0.108913 1.740213 -0.023248
v 0.021404 1.820935 0.098877
v 0.009167 1.822277 0.100965
v 0.073133 1.773896 0.068837
v 0.070885 1.770828 0.074312
v 0.009130 1.743066 0.105222
v 0.010308 1.744978 0.101283
v 0.005977 1.749913 0.103456
v -0.112213 1.719195 -0.019077
v -0.111911 1.719517 -0.022823
v -0.111511 1.714091 -0.021231
v -0.111653 1.713931 -0.017618
v 0.000687 1.749454 0.109789
v 0.000531 1.754418 0.107938
v 0.004880 1.754235 0.103967
v 0.039701 1.798485 0.098039
v 0.042061 1.807098 0.094450
v 0.051731 1.805083 0.088546
v 0.049479 1.796982 0.092512
v 0.025325 1.856574 0.070513
v -0.110955 1.729879 -0.018736
v -0.110965 1.730027 -0.023035
v 0.011968 1.858910 0.073352
v 0.001435 1.766380 0.107723
v 0.006958 1.766295 0.106314
v 0.005581 1.761894 0.104450
v -0.113762 1.741878 -0.025751
v -0.114486 1.733898 -0.026455
v -0.112970 1.742691 -0.026625
v -0.097214 1.742676 -0.018303
v -0.096821 1.746403 -0.022541
v -0.097263 1.737849 -0.025065
v -0.098279 1.739451 -0.020242
v 0.001125 1.762132 0.106800
v 0.027517 1.729419 0.096229
v 0.028518 1.732066 0.094907
v 0.083336 1.683400 0.000769
v 0.084701 1.682596 0.002003
v 0.089794 1.742644 0.017357
v 0.088636 1.729372 0.018718
v 0.087298 1.738867 0.030399
v 0.087760 1.755178 0.028393
v 0.090166 1.769849 0.024697
v 0.092227 1.780938 0.018619
v 0.093411 1.761699 0.010143
v 0.091705 1.753882 0.014996
v 0.059042 1.617828 -0.042224
v 0.058103 1.630438 -0.044937
v 0.000710 1.745811 0.113075
v 0.000478 1.742241 0.115923
v 0.028404 1.767385 -0.114807
v -0.092417 1.707091 0.004099
v -0.093767 1.709936 0.002905
v -0.092708 1.707112 0.001321
v -0.092223 1.704141 0.001655
v 0.027349 1.750757 -0.113748
v 0.052828 1.754905 -0.103083
v 0.053468 1.770750 -0.103713
v 0.084757 1.708949 -0.047019
v -0.098923 1.699025 -0.018766
v -0.095740 1.694689 -0.016191
v -0.096258 1.694281 -0.015239
v -0.099536 1.696950 -0.017020
v 0.089661 1.709502 -0.030512
v 0.008207 1.710097 0.117950
v 0.004405 1.716457 0.112643
v 0.004566 1.711947 0.111770
v 0.004168 1.715411 0.112351
v 0.008116 1.706047 0.119956
v 0.010913 1.704898 0.121493
v 0.005459 1.706989 0.111774
v 0.004324 1.707252 0.112423
v 0.003580 1.712337 0.112103
v 0.005806 1.716902 0.113466
v -0.003412 1.701185 0.126642
v -0.002778 1.702918 0.130002
v 0.002277 1.704304 0.129032
v 0.000443 1.702695 0.126545
v 0.001682 1.715618 0.114015
v 0.000384 1.712667 0.114803
v 0.001084 1.709444 0.123070
v 0.003693 1.714471 0.118783
v 0.004208 1.717230 0.115742
v 0.003482 1.710232 0.122261
v 0.002167 1.702688 0.118539
v 0.005792 1.710413 0.120478
v -0.104128 1.750401 -0.012380
v -0.105204 1.743744 -0.013218
v -0.103073 1.743592 -0.011449
v -0.100874 1.703476 -0.004187
v -0.101783 1.705293 -0.005979
v -0.103417 1.701428 -0.008349
v -0.102508 1.698735 -0.006957
v 0.099046 1.701741 -0.001865
v 0.065062 1.641708 0.012495
v 0.073749 1.659807 0.005450
v 0.073905 1.658387 -0.000903
v -0.104980 1.687683 -0.011580
v -0.102054 1.687112 -0.012691
v -0.099301 1.684270 -0.009406
v -0.102433 1.684341 -0.008771
v -0.092699 1.702693 0.002213
v -0.092295 1.703734 0.004033
v -0.105156 1.733668 -0.026025
v -0.103367 1.741385 -0.022941
v 0.066730 1.639507 0.001818
v 0.099594 1.736664 -0.005101
v 0.080845 1.794059 0.052695
v 0.083594 1.808407 0.042235
v 0.089464 1.794677 0.028764
v -0.107886 1.741602 -0.018349
v -0.108760 1.738466 -0.020063
v 0.087750 1.781421 0.034597
v 0.084973 1.820290 0.033816
v 0.091137 1.807633 0.021159
v 0.094542 1.793135 0.009966
v 0.096772 1.768296 -0.006048
v 0.048909 1.744786 0.087691
v 0.049206 1.744586 0.087925
v 0.047269 1.744146 0.089344
v -0.094679 1.723635 -0.000719
v -0.091830 1.724396 -0.001798
v -0.091778 1.723361 -0.001862
v -0.095405 1.721566 -0.000765
v 0.047279 1.744288 0.089118
v 0.048335 1.744890 0.086942
v 0.046613 1.744217 0.088110
v -0.095040 1.723425 0.000582
v -0.095747 1.721379 0.000565
v -0.095257 1.721030 0.001838
v -0.094769 1.722181 0.002056
v 0.049450 1.745479 0.085871
v 0.050114 1.745230 0.086492
v 0.050439 1.744981 0.086696
v 0.027363 1.745925 0.090940
v 0.028213 1.746302 0.090126
v 0.031416 1.744966 0.090455
v 0.030574 1.744971 0.091766
v 0.027076 1.745655 0.091468
v 0.030497 1.744641 0.092251
v -0.090948 1.724807 -0.002152
v -0.091223 1.724393 -0.001940
v -0.091682 1.725130 -0.002193
v -0.097304 1.729690 -0.015120
v -0.099596 1.719695 -0.017327
v -0.097679 1.719215 -0.015952
v -0.095407 1.727974 -0.013560
v 0.032310 1.748802 0.083824
v 0.031733 1.749254 0.083755
v -0.112080 1.721065 -0.024951
v 0.033274 1.748231 0.083967
v 0.025391 1.748798 0.088425
v 0.025486 1.750083 0.088621
v -0.101707 1.753604 -0.002895
v -0.099901 1.755894 -0.002602
v -0.103155 1.760711 -0.007484
v 0.031475 1.750288 0.083942
v 0.031448 1.749615 0.083764
v 0.025663 1.748096 0.088543
v -0.094431 1.706983 -0.008114
v -0.097885 1.707974 -0.005246
v -0.095812 1.707571 -0.003579
v -0.093732 1.706433 -0.006393
v -0.091781 1.712681 -0.001046
v -0.089674 1.708329 -0.000460
v -0.094379 1.710609 0.000148
v -0.094310 1.731052 0.001012
v -0.093215 1.726480 -0.001653
v -0.094122 1.724882 -0.000445
v -0.094364 1.725225 0.000807
v -0.113716 1.709167 -0.024843
v -0.114991 1.716071 -0.027444
v -0.113050 1.715735 -0.029018
v -0.111940 1.708438 -0.026465
v 0.023771 1.747918 0.088669
v 0.022761 1.748458 0.088301
v -0.091216 1.690264 0.005650
v -0.086982 1.686829 0.001390
v -0.089495 1.694334 0.006222
v -0.113560 1.756427 -0.021578
v -0.109382 1.758939 -0.021781
v -0.110227 1.756414 -0.024655
v -0.114655 1.753990 -0.024188
v -0.091978 1.733529 -0.007534
v -0.092188 1.730793 -0.007099
v -0.092063 1.732524 -0.005722
v -0.091713 1.735120 -0.005918
v 0.022909 1.750133 0.088669
v 0.036936 1.743295 0.092487
v 0.037158 1.742378 0.092542
v 0.031312 1.742897 0.092663
v 0.030843 1.743945 0.092555
v 0.036703 1.743811 0.092266
v 0.040972 1.743915 0.091359
v 0.041073 1.743380 0.091552
v 0.041187 1.742476 0.091536
v -0.067460 1.685754 -0.060619
v -0.079135 1.685718 -0.039634
v -0.083562 1.703311 -0.048336
v -0.073383 1.702854 -0.065977
v -0.106189 1.691341 -0.010406
v -0.104975 1.688462 -0.007817
v -0.095177 1.740724 0.002215
v -0.094333 1.742705 0.003404
v -0.095111 1.749548 0.001856
v -0.096074 1.745851 0.001700
v 0.027241 1.744155 0.092328
v 0.027150 1.745226 0.091957
v 0.041165 1.741700 0.091478
v 0.037396 1.741603 0.092409
v -0.113345 1.735865 -0.032045
v -0.116816 1.735085 -0.030445
v 0.031544 1.742111 0.092607
v 0.027224 1.743642 0.092441
v 0.023895 1.745347 0.091726
v 0.025248 1.745513 0.091723
v 0.037381 1.740715 0.092113
v 0.037245 1.739689 0.091845
v 0.031379 1.740183 0.092365
v 0.031528 1.741210 0.092462
v -0.097643 1.749594 -0.005215
v -0.101771 1.754302 -0.008824
v -0.099528 1.751060 -0.007525
v -0.097360 1.748982 -0.005477
v -0.097322 1.738214 -0.003234
v -0.097919 1.739900 -0.002912
v -0.095779 1.741139 -0.002939
v -0.094823 1.739311 -0.002991
v 0.041156 1.740815 0.091079
v 0.041015 1.739797 0.090785
v -0.093805 1.748188 0.004755
v -0.094707 1.754346 0.001083
v 0.051837 1.745246 0.084894
v 0.052457 1.745888 0.083869
v 0.052422 1.745227 0.084055
v -0.090823 1.693754 -0.015261
v 0.052048 1.744689 0.084619
v 0.055421 1.742059 0.081646
v 0.056729 1.743509 0.080714
v 0.058974 1.742475 0.079791
v -0.097276 1.739739 -0.000344
v -0.097932 1.742986 -0.000199
v -0.098730 1.741990 -0.002731
v -0.090193 1.700780 0.007189
v -0.091454 1.703115 0.005459
v -0.096563 1.747762 -0.005266
v -0.095769 1.746171 -0.005203
v -0.094369 1.741122 -0.004248
v -0.095373 1.738725 -0.005865
v 0.057415 1.740893 0.080952
v -0.104900 1.731177 -0.014203
v -0.108237 1.720118 -0.015862
v 0.066934 1.729584 0.077406
v 0.060179 1.737206 0.080691
v 0.062032 1.738837 0.078750
v 0.051256 1.744902 0.085766
v 0.050468 1.744476 0.086771
v 0.051143 1.745300 0.085668
v 0.051701 1.745765 0.084625
v 0.051475 1.744137 0.085486
v 0.050591 1.743702 0.086624
v 0.049303 1.744174 0.088004
v 0.049394 1.743271 0.087946
v 0.047361 1.742844 0.089392
v 0.047257 1.743751 0.089438
v 0.044635 1.743483 0.090521
v -0.089142 1.703756 -0.032570
v -0.085213 1.685465 -0.016272
v 0.044989 1.744002 0.090306
v 0.044736 1.742573 0.090464
v 0.047476 1.742079 0.089120
v 0.044835 1.741800 0.090318
v 0.049401 1.742511 0.087566
v 0.050688 1.743077 0.086225
v 0.051639 1.743636 0.085015
v 0.052408 1.744190 0.084125
v 0.052945 1.744992 0.083484
v 0.051998 1.743017 0.084399
v 0.052750 1.742140 0.083556
v 0.051196 1.741446 0.084990
v 0.050857 1.742417 0.085718
v 0.053041 1.743697 0.083416
v 0.054047 1.742950 0.082471
v -0.094390 1.741641 -0.003085
v -0.094371 1.742171 -0.003289
v -0.093643 1.741003 -0.003565
v -0.093547 1.740205 -0.003254
v 0.049525 1.741887 0.087068
v 0.049519 1.741008 0.086552
v 0.047339 1.740447 0.088208
v 0.047460 1.741331 0.088717
v -0.103463 1.686114 -0.005460
v -0.102304 1.739151 -0.011211
v -0.098844 1.736521 -0.008783
v -0.099023 1.739299 -0.008160
v 0.044828 1.741032 0.089925
v 0.044829 1.740029 0.089479
v -0.114972 1.723110 -0.025635
v -0.115808 1.733659 -0.026308
v -0.117269 1.734185 -0.028135
v -0.116309 1.722965 -0.027214
v 0.036589 1.743851 0.091936
v 0.036223 1.743889 0.090522
v 0.040593 1.743584 0.089944
v 0.040983 1.743935 0.091010
v 0.045001 1.744026 0.090086
v -0.088644 1.684756 0.000081
v -0.092661 1.729935 -0.007979
v -0.093961 1.727738 -0.007467
v 0.044292 1.743683 0.089094
v 0.040426 1.743533 0.088587
v 0.038480 1.746839 0.083861
v 0.040164 1.746855 0.083489
v 0.043783 1.743624 0.087824
v -0.092437 1.736964 -0.006400
v -0.092503 1.738880 -0.004309
v 0.036492 1.743956 0.089069
v 0.036557 1.747083 0.084086
v 0.032402 1.745135 0.089056
v -0.091293 1.706970 0.006019
v 0.034709 1.747599 0.084101
v 0.029150 1.746330 0.089244
v 0.038883 1.759709 0.092336
v 0.038934 1.759996 0.092619
v 0.044552 1.759096 0.092065
v 0.044060 1.758745 0.091561
v 0.065102 1.721574 -0.083727
v 0.067386 1.740425 -0.088984
v 0.051772 1.735101 -0.100751
v 0.047509 1.755620 0.090444
v 0.047559 1.756809 0.090055
v 0.050542 1.755134 0.088642
v 0.050278 1.754097 0.088706
v 0.047466 1.754414 0.090852
v -0.109495 1.752685 -0.023187
v -0.110469 1.750322 -0.024983
v -0.107617 1.750844 -0.021569
v -0.107132 1.752290 -0.019616
v -0.106142 1.754274 -0.015869
v -0.106150 1.756125 -0.015292
v -0.108392 1.754709 -0.020696
v -0.096874 1.737514 -0.007224
v -0.097550 1.739726 -0.006934
v 0.049971 1.752819 0.088832
v 0.044086 1.755962 0.092695
v -0.100145 1.701830 -0.003033
v -0.101395 1.694176 -0.004545
v -0.110423 1.709396 -0.018628
v -0.110089 1.710261 -0.014982
v -0.109383 1.722947 -0.029690
v -0.108379 1.734979 -0.029792
v -0.106772 1.734184 -0.027627
v -0.108177 1.722849 -0.028373
v 0.044132 1.757285 0.092184
v 0.044048 1.758352 0.091655
v 0.049118 1.751242 0.083865
v 0.048180 1.752507 0.084688
v -0.101616 1.724116 -0.025405
v -0.097624 1.724781 -0.025230
v -0.093990 1.723433 0.002481
v -0.092820 1.728085 0.004641
v -0.092063 1.736058 -0.006240
v -0.092214 1.738022 -0.004266
v -0.103745 1.702790 -0.021500
v -0.098974 1.693336 -0.013072
v -0.103749 1.700213 -0.019309
v -0.093982 1.692086 -0.010932
v -0.093449 1.690945 -0.008266
v -0.096621 1.691148 -0.009983
v 0.048814 1.752232 0.086370
v 0.050129 1.751238 0.084951
v 0.049914 1.750353 0.083143
v 0.050944 1.750291 0.083892
v 0.043475 1.750409 0.081111
v 0.043048 1.750905 0.081457
v 0.042377 1.751516 0.081928
v -0.106430 1.704554 -0.011938
v -0.108685 1.706216 -0.015134
v 0.043686 1.749994 0.080896
v -0.090573 1.724552 -0.002728
v -0.088822 1.722658 -0.004079
v -0.089366 1.724203 -0.002127
v -0.109110 1.730230 -0.015879
v -0.111136 1.719680 -0.016769
v -0.097370 1.742871 -0.003210
v 0.043761 1.749617 0.080802
v -0.096152 1.729895 -0.003647
v -0.096904 1.734207 -0.001577
v -0.100720 1.747240 -0.003204
v -0.098907 1.745266 -0.003730
v -0.098402 1.743971 -0.003396
v -0.099594 1.744437 -0.002664
v -0.082726 1.712172 -0.002876
v -0.086854 1.709994 -0.001453
v -0.088499 1.714055 -0.001247
v 0.043726 1.749252 0.080815
v 0.043602 1.748889 0.080967
v 0.068782 1.709406 0.076075
v 0.069805 1.723116 0.076239
v -0.105021 1.755530 -0.013276
v -0.105585 1.753028 -0.014752
v -0.104820 1.742799 -0.024734
v 0.072447 1.713037 0.072283
v 0.050785 1.745644 0.085391
v -0.096792 1.745051 -0.007879
v -0.097557 1.743192 -0.008934
v 0.051395 1.746170 0.084389
v -0.096910 1.756922 -0.015776
v -0.096598 1.754783 -0.012031
v -0.096494 1.755195 -0.010590
v -0.096351 1.759872 -0.010687
v 0.050080 1.745991 0.084889
v -0.092241 1.687755 -0.004790
v -0.095637 1.688391 -0.007767
v -0.095483 1.689739 -0.008250
v -0.092912 1.689394 -0.006120
v -0.094863 1.707114 -0.002888
v -0.093289 1.706085 -0.005461
v 0.050676 1.746552 0.084025
v -0.111270 1.711165 -0.022212
v -0.110686 1.710046 -0.020851
v -0.111746 1.715390 -0.023275
v -0.112426 1.717028 -0.024503
v 0.052061 1.746907 0.083449
v 0.052519 1.746626 0.083495
v 0.047580 1.744893 0.086009
v 0.042279 1.747436 0.082559
v 0.042814 1.747836 0.082081
v -0.093251 1.734830 -0.010261
v -0.092793 1.733283 -0.009689
v -0.098114 1.748112 -0.013785
v -0.100524 1.751526 -0.015362
v -0.098870 1.754859 -0.011118
v -0.096999 1.751909 -0.010980
v -0.106441 1.744262 -0.027084
v 0.048489 1.745746 0.085046
v 0.045954 1.744162 0.086948
v 0.041396 1.747086 0.083041
v 0.043115 1.748173 0.081655
v 0.043386 1.748517 0.081270
v -0.097983 1.741359 -0.008354
v -0.098925 1.741697 -0.009550
v 0.048913 1.746258 0.084227
v -0.097226 1.741824 -0.007849
v 0.049506 1.746843 0.083432
v 0.051167 1.747352 0.083406
v -0.094215 1.738136 -0.003134
v -0.096724 1.736668 -0.003650
v -0.100054 1.747834 -0.004654
v -0.104439 1.752743 -0.008313
v -0.103573 1.752790 -0.008344
v -0.099521 1.748839 -0.004845
v 0.050217 1.748246 0.082517
v 0.050323 1.748921 0.082534
v 0.051420 1.748092 0.083240
v -0.095029 1.744307 -0.004011
v 0.051515 1.748760 0.083164
v 0.049979 1.747569 0.082790
v -0.018024 1.683203 -0.090571
v -0.019775 1.695815 -0.098075
v 0.050229 1.749617 0.082716
v 0.051347 1.749445 0.083400
v 0.052810 1.746069 0.083457
v 0.052846 1.747108 0.083139
v 0.053536 1.748407 0.082666
v 0.053374 1.746096 0.082969
v -0.097329 1.755525 -0.002431
v -0.098237 1.757771 -0.006891
v -0.099572 1.759267 -0.007281
v -0.098039 1.756707 -0.003449
v -0.106930 1.750692 -0.018989
v 0.054260 1.746071 0.082318
v 0.053708 1.744632 0.082670
v 0.054819 1.749140 0.082481
v 0.056605 1.749556 0.082010
v -0.112322 1.745985 -0.025494
v -0.095092 1.725672 -0.006003
v -0.091556 1.721886 -0.005825
v 0.055901 1.745945 0.081424
v 0.054972 1.744266 0.081754
v 0.052429 1.747699 0.083084
v -0.078923 1.720093 -0.004132
v -0.079262 1.721652 -0.004058
v -0.079973 1.721223 -0.005491
v -0.079635 1.719554 -0.005819
v 0.052658 1.748507 0.082859
v 0.054052 1.750412 0.083798
v -0.083613 1.713719 -0.006581
v -0.087281 1.712419 -0.005299
v -0.086271 1.709824 -0.003944
v -0.082808 1.710953 -0.006041
v 0.055081 1.751406 0.083902
v 0.053183 1.749756 0.083766
v 0.052528 1.750635 0.085173
v 0.053170 1.751497 0.085368
v -0.078500 1.716103 -0.004802
v -0.078714 1.718157 -0.004347
v -0.079551 1.717375 -0.006196
v -0.079473 1.715058 -0.006892
v 0.053937 1.752383 0.085441
v 0.052012 1.752602 0.087018
v -0.104246 1.755304 -0.010771
v -0.106419 1.755367 -0.012972
v 0.052546 1.753619 0.087102
v 0.051522 1.751570 0.086858
v 0.052417 1.749480 0.083571
v -0.114390 1.744538 -0.024448
v -0.115040 1.741643 -0.025580
v -0.110906 1.751062 -0.022016
v -0.111683 1.748730 -0.023806
v 0.051809 1.750322 0.084668
v 0.050846 1.751223 0.086139
v 0.049489 1.751940 0.088212
v -0.093889 1.713284 0.003110
v -0.095206 1.713666 0.001323
v -0.094844 1.711607 0.001243
v -0.115443 1.748453 -0.024387
v -0.115412 1.751016 -0.026142
v -0.094720 1.690823 0.004439
v -0.093385 1.688804 0.005055
v -0.055425 1.597514 0.012805
v -0.064236 1.605211 -0.000746
v -0.063178 1.592532 -0.002090
v -0.054235 1.585157 0.010733
v -0.100081 1.750232 -0.001520
v -0.098429 1.753034 -0.001049
v 0.047194 1.753310 0.090405
v 0.046326 1.753424 0.088221
v 0.043825 1.754953 0.092282
v -0.078743 1.714006 -0.003858
v -0.078636 1.712989 -0.005536
v -0.082159 1.711035 -0.004517
v -0.084871 1.719190 -0.001937
v -0.079711 1.720024 -0.002509
v 0.042892 1.754593 0.089936
v 0.039608 1.760800 0.093929
v 0.045778 1.760046 0.093529
v 0.042461 1.754694 0.087857
v 0.039476 1.752546 0.083369
v 0.037500 1.752684 0.083924
v 0.038371 1.754843 0.088863
v -0.083824 1.715904 -0.006373
v 0.026173 1.750957 0.089136
v 0.027151 1.751975 0.089609
v -0.084456 1.722330 -0.004880
v -0.084848 1.723652 -0.003178
v -0.089022 1.705263 -0.001937
v -0.091155 1.704827 -0.004278
v -0.093095 1.704580 -0.000827
v -0.079511 1.712527 -0.006955
v -0.092763 1.736041 -0.008122
v 0.032169 1.751218 0.084250
v 0.031730 1.750710 0.084083
v 0.024430 1.751037 0.089902
v 0.026035 1.751996 0.090599
v -0.087917 1.717000 -0.005718
v -0.091933 1.713985 -0.007888
v -0.091517 1.711221 -0.007207
v -0.087718 1.714541 -0.005739
v -0.104230 1.700787 -0.010287
v -0.104578 1.703206 -0.009814
v -0.095363 1.708230 -0.010153
v -0.099648 1.708331 -0.008123
v -0.094222 1.729508 -0.006461
v -0.095551 1.733424 -0.004681
v -0.091209 1.724750 -0.002905
v -0.088251 1.719706 -0.005137
v -0.091771 1.717060 -0.007468
v -0.085065 1.720908 -0.002128
v -0.089699 1.720961 -0.001511
v -0.089406 1.722400 -0.001628
v -0.085035 1.722208 -0.002349
v -0.100748 1.743478 -0.010517
v -0.097114 1.750027 0.000487
v -0.098955 1.746661 -0.000615
v -0.098181 1.761971 -0.029358
v -0.096988 1.751797 -0.035331
v -0.097060 1.753020 -0.020312
v -0.083903 1.718233 -0.006040
v -0.080000 1.722842 -0.003776
v -0.080645 1.722123 -0.002779
v -0.110706 1.705715 -0.019794
v -0.094230 1.704020 -0.000686
v -0.092889 1.735701 -0.003776
v -0.109455 1.715995 -0.028206
v -0.108573 1.709115 -0.025974
v -0.092092 1.737371 -0.004182
v -0.092841 1.738778 -0.003565
v -0.092432 1.705320 -0.004996
v -0.094167 1.705903 -0.001972
v -0.093066 1.739295 -0.003405
v -0.094985 1.713109 -0.000042
v -0.107173 1.743574 -0.016980
v 0.031225 1.754134 0.089878
v 0.033976 1.752297 0.084473
v -0.100289 1.690052 -0.012994
v -0.097952 1.687915 -0.009968
v 0.032870 1.751784 0.084412
v -0.080198 1.721311 -0.002507
v 0.029139 1.753057 0.089626
v -0.085360 1.710023 -0.003125
v -0.084234 1.720425 -0.005574
v 0.030465 1.754603 0.091998
v 0.027741 1.753104 0.091150
v 0.038563 1.755292 0.091123
v -0.092744 1.718038 -0.001266
v -0.092362 1.715285 -0.000999
v -0.095246 1.715939 0.000008
v 0.030914 1.811854 -0.108844
v 0.030083 1.792553 -0.113604
v -0.101562 1.709161 -0.009896
v -0.096475 1.710610 -0.012474
v -0.097992 1.711934 -0.014848
v -0.103859 1.710380 -0.011636
v -0.107060 1.702854 -0.023329
v -0.105071 1.697184 -0.019700
v -0.107643 1.695439 -0.019557
v -0.110196 1.701484 -0.023410
v 0.054360 1.794010 -0.102646
v 0.054522 1.810779 -0.098810
v -0.098664 1.781038 -0.038366
v -0.098192 1.769058 -0.021357
v -0.099114 1.789130 -0.025208
v -0.104037 1.754378 -0.021379
v -0.104660 1.751404 -0.023434
v -0.110973 1.753293 -0.026934
v -0.095755 1.757996 -0.004535
v -0.096429 1.755265 -0.008773
v -0.097056 1.756709 -0.006499
v -0.113213 1.722968 -0.030985
v 0.045576 1.753748 0.086411
v 0.041117 1.752109 0.082663
v 0.066754 1.811990 -0.089715
v 0.065836 1.822623 -0.086060
v 0.055186 1.825195 -0.092401
v 0.044692 1.647500 -0.064493
v 0.031330 1.634772 -0.072801
v -0.094674 1.735925 0.001971
v -0.096954 1.736902 -0.000737
v 0.021876 1.750772 0.091174
v -0.102686 1.704060 -0.022604
v 0.023956 1.752413 0.091610
v -0.104779 1.707602 -0.009656
v -0.107615 1.708441 -0.012002
v -0.110451 1.756048 -0.013663
v -0.106582 1.753841 -0.010631
v 0.020527 1.749352 0.090891
v 0.019796 1.749237 0.091204
v 0.021097 1.750937 0.091393
v 0.022893 1.752643 0.091735
v 0.026458 1.753871 0.092123
v 0.025663 1.754240 0.092616
v 0.029816 1.755976 0.093763
v 0.029914 1.755181 0.093391
v 0.038872 1.755973 0.093273
v 0.038976 1.756905 0.093678
v 0.029359 1.756918 0.093212
v 0.025120 1.754865 0.092189
v 0.028798 1.757959 0.092531
v 0.024923 1.756045 0.091763
v 0.038859 1.759216 0.092631
v 0.039018 1.758145 0.093234
v 0.023725 1.746429 0.091135
v 0.021098 1.747009 0.091057
v 0.024342 1.746740 0.090835
v 0.021468 1.747311 0.090631
v 0.025767 1.747157 0.089609
v 0.020663 1.747951 0.090598
v 0.019828 1.747778 0.091006
v -0.017128 1.584130 0.041958
v -0.017138 1.574897 0.036552
v 0.026777 1.747312 0.089027
v 0.020333 1.751118 0.091236
v 0.018806 1.749138 0.091372
v 0.019121 1.751833 0.090714
v 0.018047 1.749476 0.091144
v 0.021716 1.754433 0.090867
v 0.022169 1.753096 0.091241
v 0.018745 1.747696 0.091115
v 0.019336 1.747036 0.091097
v 0.018004 1.747705 0.091186
v 0.018613 1.746874 0.091167
v 0.026954 1.742866 0.092507
v 0.026687 1.742095 0.092456
v 0.023044 1.744770 0.091897
v 0.022422 1.744293 0.091871
v 0.036965 1.738544 0.091625
v 0.040747 1.738652 0.090479
v 0.036569 1.737127 0.091569
v -0.015923 1.715078 0.117000
v -0.017668 1.715007 0.115211
v -0.015993 1.717510 0.114211
v -0.015222 1.717455 0.115077
v 0.040580 1.737097 0.090367
v 0.030571 1.737858 0.092438
v 0.031107 1.739025 0.092327
v 0.030861 1.575724 0.022907
v 0.053737 1.740986 0.082938
v 0.055209 1.739550 0.082553
v 0.052886 1.738598 0.084172
v 0.051821 1.740305 0.084375
v 0.049753 1.739736 0.086021
v -0.016582 1.703312 0.114758
v -0.015734 1.705459 0.113596
v -0.016928 1.705189 0.112415
v -0.018095 1.703361 0.113641
v 0.050222 1.737927 0.085953
v 0.047283 1.737494 0.087693
v 0.047196 1.739177 0.087784
v 0.044682 1.738888 0.089066
v 0.044394 1.737102 0.089035
v 0.058036 1.745327 0.080154
v 0.059741 1.749311 0.080174
v 0.060423 1.744568 0.078900
v 0.062672 1.748945 0.078280
v 0.017388 1.752995 0.091095
v -0.012170 1.716997 0.114170
v -0.010511 1.713406 0.117082
v -0.012492 1.714522 0.118724
v -0.013568 1.717669 0.115026
v 0.016864 1.750042 0.091017
v 0.015497 1.753867 0.092643
v 0.015305 1.750523 0.092219
v 0.016682 1.757555 0.093467
v 0.019078 1.756413 0.091747
v 0.017138 1.747736 0.091279
v 0.017858 1.746635 0.091277
v 0.015767 1.747820 0.091751
v 0.016849 1.746004 0.091684
v 0.026165 1.741194 0.092492
v 0.025633 1.740154 0.092541
v 0.021815 1.743666 0.092000
v 0.020887 1.742787 0.092200
v 0.062658 1.708123 -0.079303
v 0.068606 1.760004 -0.090904
v 0.055463 1.764905 0.092572
v 0.052444 1.761415 0.092630
v 0.047870 1.763075 0.094675
v 0.050396 1.767441 0.095543
v 0.059458 1.769754 0.091461
v 0.062497 1.765387 0.088223
v 0.058929 1.761918 0.089596
v 0.055811 1.759188 0.090281
v 0.060668 1.752840 0.081581
v 0.058136 1.752800 0.083146
v 0.058249 1.754907 0.085011
v 0.060795 1.755694 0.083845
v 0.063715 1.752877 0.079689
v 0.064235 1.756750 0.082136
v 0.060169 1.758527 0.086685
v 0.057355 1.756856 0.087556
v 0.063821 1.760626 0.085225
v 0.026227 1.762914 0.095828
v 0.027238 1.760760 0.094057
v 0.023341 1.758610 0.092624
v 0.021592 1.759796 0.093369
v 0.024552 1.765001 0.097735
v 0.018839 1.761173 0.095027
v 0.041994 1.768467 0.097920
v 0.040914 1.764406 0.096092
v 0.028454 1.758605 0.092193
v 0.025826 1.757313 0.091841
v 0.028276 1.758911 0.092257
v 0.025077 1.757211 0.091715
v 0.076505 1.836103 -0.065361
v 0.078949 1.843772 -0.050907
v 0.058889 1.857744 -0.058100
v 0.057989 1.848253 -0.072233
v 0.047685 1.757321 0.090076
v 0.048426 1.757789 0.090710
v 0.051543 1.756113 0.089313
v 0.050799 1.755638 0.088795
v 0.053055 1.754247 0.087270
v 0.053925 1.754741 0.087661
v 0.055325 1.753502 0.085779
v 0.054563 1.753147 0.085721
v 0.055336 1.752279 0.084427
v 0.056100 1.752274 0.084108
v 0.025462 1.758339 0.092256
v 0.028143 1.759360 0.092728
v 0.068250 1.797240 -0.091678
v 0.054776 1.814218 0.083341
v 0.063479 1.809752 0.076090
v 0.060447 1.801588 0.082121
v 0.049906 1.758736 0.091966
v 0.053163 1.757072 0.090117
v 0.055313 1.755592 0.087881
v 0.056466 1.754258 0.085740
v 0.056974 1.753166 0.084282
v 0.087073 1.707090 0.011966
v 0.087838 1.707167 0.010354
v 0.101582 1.718734 -0.019243
v 0.099509 1.727119 -0.018026
v 0.097626 1.731638 -0.016315
v 0.096250 1.744970 0.000856
v 0.100780 1.749126 -0.002216
v 0.105119 1.696364 -0.010047
v 0.100991 1.694017 -0.005591
v -0.110450 1.759855 -0.014400
v 0.105152 1.697552 -0.010454
v 0.110286 1.744480 -0.014871
v 0.111152 1.742216 -0.016486
v 0.112362 1.741666 -0.016154
v 0.053105 1.682386 -0.070306
v 0.059582 1.697846 -0.076025
v 0.112006 1.739558 -0.018007
v 0.090535 1.713183 0.008309
v 0.102913 1.718186 -0.019344
v 0.105117 1.717714 -0.021011
v 0.106200 1.711205 -0.020992
v 0.105309 1.711588 -0.020404
v 0.105082 1.704759 -0.018950
v 0.104475 1.705555 -0.018663
v 0.107213 1.701038 -0.013340
v 0.109032 1.705945 -0.015921
v 0.102404 1.749725 -0.003657
v 0.101425 1.748548 -0.002154
v 0.103318 1.749555 -0.003982
v 0.091636 1.711686 0.006847
v 0.094190 1.742537 0.001128
v 0.093334 1.739509 0.002342
v 0.093111 1.740057 0.001897
v 0.087688 1.718565 0.003623
v 0.087724 1.719732 0.003418
v 0.089129 1.716459 0.003579
v 0.092046 1.714369 0.005007
v 0.084596 1.704958 0.004419
v 0.084254 1.703545 0.002307
v 0.084691 1.702220 0.002722
v 0.106047 1.756897 -0.008356
v 0.093418 1.738197 0.002642
v 0.094951 1.739594 0.002501
v 0.095377 1.741289 0.002150
v 0.104243 1.748992 -0.004401
v 0.095781 1.742577 0.001849
v 0.094915 1.742483 0.001850
v 0.096981 1.744682 0.000969
v 0.094425 1.742507 0.001602
v 0.094986 1.710453 -0.009951
v 0.093103 1.710122 -0.007643
v 0.089528 1.733337 0.012293
v 0.090159 1.730985 0.010080
v 0.099515 1.693273 -0.003236
v 0.095208 1.740598 -0.010760
v 0.095225 1.744152 -0.012189
v 0.110832 1.711838 -0.017895
v 0.102480 1.704880 -0.005300
v 0.099516 1.703987 -0.003506
v 0.105162 1.706311 -0.007175
v 0.107298 1.709622 -0.009002
v 0.089991 1.730514 -0.002471
v 0.104385 1.735937 -0.007936
v 0.105767 1.733004 -0.009208
v 0.102120 1.736148 -0.006208
v 0.095429 1.748700 -0.009833
v 0.095040 1.748798 -0.007151
v 0.095625 1.742447 -0.008384
v 0.094809 1.746687 -0.006639
v 0.086816 1.709337 0.004351
v 0.087063 1.701792 0.000258
v 0.086941 1.704411 -0.000358
v 0.088662 1.701794 -0.000663
v 0.089018 1.703147 -0.001953
v 0.089944 1.705149 -0.003487
v 0.090913 1.707662 -0.004600
v 0.091054 1.710787 -0.004936
v 0.086219 1.714693 0.003817
v 0.094313 1.749099 0.004554
v 0.085657 1.712371 0.003937
v 0.088011 1.716728 0.003731
v 0.088077 1.714392 0.004014
v 0.087634 1.711902 0.004386
v 0.094883 1.700187 0.002479
v 0.096109 1.702349 0.000280
v 0.092870 1.701063 0.003126
v 0.097461 1.703106 -0.001822
v 0.091155 1.701393 0.003496
v 0.095410 1.742158 -0.009232
v 0.094952 1.746323 -0.008930
v 0.087167 1.711386 0.014060
v 0.075730 1.719468 0.067708
v 0.078149 1.731462 0.062459
v 0.026829 1.659326 0.086298
v 0.025778 1.655313 0.086518
v 0.063957 1.706310 0.080071
v 0.057719 1.703503 0.085171
v 0.025417 1.665624 0.100773
v 0.024502 1.664695 0.100933
v 0.023379 1.665448 0.101034
v 0.024305 1.665879 0.100692
v 0.021570 1.666370 0.098788
v 0.022589 1.666308 0.097997
v 0.022821 1.666227 0.099105
v 0.021926 1.666285 0.099875
v 0.029509 1.685251 0.103029
v 0.033765 1.690363 0.101003
v 0.037141 1.684848 0.099524
v 0.032974 1.680433 0.101647
v 0.025035 1.665174 0.089398
v 0.024724 1.667220 0.090072
v 0.023237 1.666852 0.094619
v 0.023613 1.666054 0.094058
v 0.024754 1.661844 0.089315
v 0.023446 1.664432 0.093442
v 0.027034 1.664428 0.086508
v 0.026427 1.667657 0.087103
v 0.035997 1.657663 0.095990
v 0.032016 1.660244 0.098512
v 0.033115 1.664217 0.098873
v 0.037333 1.663436 0.096813
v 0.026231 1.699679 0.102218
v 0.030273 1.694961 0.101695
v 0.026362 1.689901 0.103395
v 0.022240 1.695289 0.103816
v 0.018132 1.701420 0.105083
v 0.021838 1.704732 0.103069
v 0.016706 1.710907 0.109226
v 0.016926 1.706259 0.110409
v 0.016082 1.704977 0.114067
v 0.016689 1.707623 0.112812
v 0.013796 1.700205 0.111992
v 0.016889 1.703577 0.108601
v 0.008813 1.698987 0.112407
v -0.020805 1.703022 0.114221
v -0.019444 1.705525 0.113024
v -0.020398 1.706019 0.115182
v -0.022552 1.703979 0.116201
v 0.008559 1.699957 0.113453
v 0.013923 1.699453 0.110412
v -0.011879 1.703607 0.124015
v -0.013221 1.706347 0.124330
v -0.011793 1.705430 0.121647
v -0.011780 1.702892 0.121060
v 0.014239 1.698511 0.108527
v 0.009166 1.698072 0.111198
v 0.007872 1.701459 0.114418
v 0.011357 1.701077 0.114633
v -0.015435 1.707030 0.123586
v -0.017902 1.706281 0.125499
v -0.020053 1.706389 0.123539
v -0.017267 1.706996 0.121800
v -0.011222 1.708719 0.116120
v -0.013004 1.706152 0.117540
v -0.010410 1.708688 0.120343
v -0.020532 1.709208 0.113169
v -0.018845 1.707936 0.111488
v -0.017324 1.712854 0.111169
v -0.018893 1.713849 0.112197
v 0.013355 1.703269 0.116545
v -0.000277 1.701940 0.123924
v 0.001254 1.703382 0.126349
v 0.008830 1.740406 0.108598
v 0.012679 1.736299 0.105170
v 0.008732 1.737213 0.111122
v 0.012338 1.733424 0.107619
v 0.012352 1.705789 0.120969
v 0.014221 1.707929 0.119153
v 0.009289 1.707153 0.125324
v 0.010881 1.710180 0.124905
v 0.000706 1.758369 0.106870
v -0.003009 1.697812 0.118872
v -0.002696 1.696719 0.118349
v -0.003458 1.699144 0.121070
v 0.032019 1.839924 -0.093613
v 0.032613 1.855517 -0.080453
v 0.031179 1.872586 -0.054373
v 0.028025 1.877990 -0.040443
v 0.000894 1.675760 0.118552
v 0.000477 1.679011 0.118457
v 0.010303 1.671690 0.098910
v 0.003430 1.672109 0.100505
v 0.002717 1.669438 0.105694
v 0.009347 1.669178 0.104371
v 0.014406 1.668926 0.102053
v 0.015797 1.671204 0.096655
v 0.010871 1.673482 0.096020
v 0.003692 1.673999 0.097463
v 0.008575 1.667595 0.109406
v 0.002016 1.667986 0.111666
v 0.001800 1.669920 0.114955
v 0.008604 1.669280 0.112109
v 0.017334 1.692753 0.106723
v 0.012123 1.693670 0.109306
v 0.006787 1.693872 0.113054
v 0.002605 1.693648 0.115897
v 0.001915 1.696343 0.116434
v 0.005201 1.697188 0.114042
v 0.001651 1.697542 0.116897
v 0.004945 1.698264 0.114765
v 0.004879 1.699467 0.115424
v 0.005595 1.701407 0.115726
v 0.003182 1.701162 0.117105
v 0.003842 1.702751 0.116724
v 0.001620 1.698804 0.117232
v -0.000046 1.729269 0.124294
v 0.000033 1.734067 0.121374
v 0.006270 1.680970 0.116228
v 0.000209 1.681658 0.117564
v -0.000517 1.686657 0.116900
v 0.004944 1.686606 0.115492
v 0.010659 1.685649 0.112958
v 0.012600 1.678802 0.113427
v -0.002303 1.695584 0.117902
v 0.006747 1.678196 0.116631
v 0.007183 1.675084 0.116372
v 0.013261 1.675853 0.113639
v 0.013583 1.673058 0.113053
v 0.018480 1.675625 0.109711
v 0.017211 1.683143 0.109666
v 0.024180 1.680542 0.105688
v 0.023333 1.672262 0.105860
v 0.032939 1.668259 0.099861
v 0.027136 1.665253 0.100621
v 0.027218 1.666959 0.101130
v 0.026796 1.668463 0.102170
v 0.031734 1.672210 0.101305
v 0.037112 1.669276 0.098226
v 0.035637 1.675075 0.099937
v 0.029115 1.676113 0.103134
v 0.025749 1.670124 0.103529
v 0.025551 1.666575 0.101308
v 0.024381 1.666332 0.101027
v 0.025203 1.667455 0.102230
v 0.024025 1.666765 0.101821
v 0.024450 1.668276 0.103479
v 0.023411 1.667160 0.102832
v 0.022201 1.667893 0.104452
v 0.022918 1.669630 0.105416
v 0.021732 1.666542 0.099116
v 0.020494 1.666594 0.100352
v 0.020590 1.666472 0.101880
v 0.021773 1.666356 0.100532
v 0.022531 1.666461 0.098316
v 0.022447 1.666307 0.099758
v 0.022606 1.667560 0.095603
v 0.021378 1.667808 0.096533
v -0.060936 1.618478 0.016463
v -0.067894 1.622348 0.000113
v 0.023215 1.666301 0.097471
v 0.023228 1.666268 0.098711
v 0.023256 1.666173 0.100390
v 0.023067 1.666405 0.100921
v 0.022431 1.666572 0.101791
v 0.021307 1.666868 0.103106
v 0.013568 1.670642 0.111513
v 0.018156 1.670555 0.109083
v 0.017775 1.668619 0.107292
v 0.013397 1.668221 0.108958
v 0.017283 1.667287 0.105338
v 0.016616 1.672815 0.093956
v 0.013097 1.667178 0.106738
v 0.020388 1.670108 0.093857
v 0.021694 1.671569 0.091063
v 0.018877 1.668265 0.098690
v 0.024062 1.668659 0.091290
v 0.022765 1.668873 0.091916
v 0.025333 1.669918 0.088488
v 0.023798 1.670598 0.089620
v 0.017194 1.666691 0.103181
v 0.018517 1.672819 0.109784
v 0.007774 1.672200 0.114677
v 0.001262 1.672951 0.117027
v -0.047176 1.731528 0.090535
v -0.046508 1.728004 0.091866
v -0.041562 1.729330 0.092826
v -0.042451 1.732421 0.091643
v 0.000401 1.719677 0.131410
v 0.000216 1.724699 0.127604
v 0.022528 1.666002 0.100838
v 0.004940 1.566822 0.032816
v -0.095925 1.718768 0.000883
v -0.095172 1.719714 0.002218
v -0.105407 1.747904 -0.025314
v 0.026213 1.663735 0.100647
v 0.023963 1.658800 0.089212
v 0.022425 1.663145 0.093751
v 0.032437 1.652019 0.096414
v 0.026831 1.646586 0.098633
v 0.024355 1.651793 0.100996
v 0.029138 1.656051 0.099076
v 0.021148 1.659564 0.103917
v 0.024447 1.661883 0.101823
v -0.109679 1.752957 -0.019436
v 0.022904 1.663567 0.102404
v 0.019894 1.662238 0.104676
v 0.018795 1.664271 0.105083
v 0.021720 1.664928 0.102417
v 0.016302 1.666682 0.103210
v 0.010762 1.667153 0.106264
v 0.010149 1.662739 0.100421
v 0.016034 1.662343 0.097812
v 0.021001 1.662629 0.095052
v 0.020383 1.666475 0.099800
v -0.103558 1.756563 -0.018802
v -0.101888 1.758975 -0.013145
v -0.100218 1.756791 -0.012045
v -0.101687 1.753962 -0.016892
v 0.017083 1.666613 0.104210
v 0.020684 1.666350 0.100992
v 0.011329 1.667053 0.107608
v 0.017447 1.570105 0.029294
v 0.021104 1.665937 0.101977
v 0.017710 1.666030 0.104696
v 0.012241 1.665983 0.108470
v 0.013542 1.663559 0.109103
v 0.014642 1.660668 0.109128
v 0.015428 1.657098 0.107862
v 0.017422 1.647944 0.104122
v 0.018944 1.641372 0.102394
v 0.009907 1.645597 0.106935
v 0.010950 1.638887 0.106141
v 0.008890 1.655220 0.111356
v 0.008584 1.659671 0.113414
v 0.007614 1.663130 0.113057
v 0.006731 1.665892 0.111901
v -0.001681 1.693305 0.117334
v 0.001491 1.701033 0.118535
v -0.000050 1.701166 0.121083
v 0.004037 1.705034 0.127518
v -0.003609 1.700095 0.123651
v 0.007359 1.706834 0.127200
v 0.005146 1.706153 0.128700
v 0.006099 1.707928 0.129834
v 0.007762 1.708753 0.128522
v 0.003120 1.705428 0.129920
v 0.004790 1.707664 0.130815
v -0.002286 1.704380 0.131513
v -0.001236 1.708455 0.133831
v 0.000083 1.715190 0.133787
v -0.000709 1.711013 0.134476
v 0.006579 1.709980 0.130390
v 0.008594 1.712336 0.128566
v -0.113434 1.752853 -0.020248
v 0.009175 1.716339 0.126125
v 0.011906 1.713689 0.122077
v 0.015231 1.884796 0.008797
v 0.005858 1.667315 0.110762
v 0.004786 1.667483 0.108608
v -0.095996 1.702250 -0.000720
v -0.105566 1.738292 -0.013236
v 0.009888 1.650063 0.091887
v 0.009966 1.655550 0.094995
v 0.004003 1.655374 0.096504
v -0.100719 1.759438 -0.010152
v -0.104918 1.761886 -0.010949
v 0.003899 1.650120 0.093586
v -0.000133 1.667548 0.109397
v -0.113721 1.723328 -0.025503
v -0.114520 1.750933 -0.022507
v -0.112261 1.749243 -0.021209
v -0.102160 1.750286 -0.004009
v -0.099584 1.715430 -0.017012
v -0.107758 1.715471 -0.014797
v -0.106145 1.712107 -0.013241
v -0.099050 1.713052 -0.016087
v -0.092637 1.731809 -0.009084
v -0.000385 1.663082 0.102979
v 0.004270 1.663080 0.102265
v 0.000114 1.667500 0.111981
v 0.000677 1.665847 0.113447
v 0.001318 1.662982 0.114916
v -0.000661 1.655287 0.097154
v -0.000619 1.649828 0.094225
v -0.090805 1.707740 0.008262
v 0.021874 1.656900 0.090278
v -0.103676 1.694808 -0.008146
v -0.104984 1.696280 -0.010650
v -0.038847 1.683869 -0.084603
v -0.042964 1.697664 -0.091311
v -0.115870 1.722947 -0.029422
v 0.022601 1.652248 0.087645
v 0.016101 1.655537 0.092911
v 0.016523 1.650694 0.090120
v 0.002937 1.638167 0.108590
v 0.002174 1.644715 0.108363
v 0.001699 1.658879 0.115111
v 0.001763 1.654089 0.112733
v 0.032388 1.865500 -0.067996
v 0.077523 1.817208 0.050650
v 0.075086 1.808687 0.059314
v -0.104164 1.754820 -0.011893
v 0.067452 1.818315 0.067250
v 0.069826 1.825174 0.059355
v 0.078774 1.826918 0.041964
v 0.070843 1.833281 0.051056
v 0.052878 1.873573 -0.012007
v 0.053078 1.872673 0.004117
v 0.029277 1.881243 0.007697
v 0.046868 1.873769 -0.027930
v 0.062459 1.863127 -0.038276
v 0.064650 1.866395 -0.016067
v 0.064007 1.866032 0.001170
v -0.098615 1.701883 -0.002091
v -0.098441 1.694478 -0.001545
v -0.096383 1.694967 0.000521
v -0.098324 1.742209 -0.009352
v 0.029682 1.619276 -0.074098
v 0.068849 1.775444 -0.091675
v 0.061872 1.864660 0.016694
v 0.051708 1.870317 0.019616
v 0.050548 1.866466 0.033453
v 0.059749 1.861796 0.029765
v 0.028457 1.877998 0.024013
v 0.014502 1.881303 0.025687
v 0.026202 1.731243 -0.110632
v 0.000171 1.738579 0.118543
v 0.059641 1.662300 -0.052892
v 0.070456 1.659961 -0.031750
v 0.059560 1.596221 -0.012953
v 0.088750 1.688295 -0.006760
v 0.088586 1.688880 -0.007821
v 0.068877 1.641618 -0.011905
v 0.074376 1.658106 -0.011305
v 0.047789 1.664076 -0.066285
v 0.101171 1.702978 -0.018240
v 0.101947 1.707833 -0.019351
v 0.102383 1.702154 -0.017508
v 0.103433 1.707262 -0.018955
v 0.103435 1.712736 -0.019524
v 0.102892 1.700135 -0.016357
v 0.095033 1.749095 -0.004245
v 0.096631 1.751382 -0.003220
v -0.102011 1.705275 -0.022993
v -0.102172 1.708030 -0.024341
v 0.087450 1.686450 -0.001890
v 0.087524 1.687230 -0.003825
v -0.080345 1.722117 -0.005001
v 0.086742 1.686795 -0.002943
v 0.086310 1.686205 -0.001469
v 0.086870 1.685358 -0.000202
v 0.086007 1.685471 -0.000254
v 0.094872 1.767796 0.003687
v 0.084899 1.685762 -0.004693
v 0.087642 1.688259 -0.007365
v 0.087346 1.687660 -0.005458
v 0.086149 1.686736 -0.004016
v 0.085321 1.685576 -0.001772
v 0.084964 1.684606 0.000160
v 0.085938 1.684012 0.000855
v -0.104153 1.698801 -0.019267
v -0.099758 1.691744 -0.012981
v -0.071391 1.627307 -0.015392
v -0.069598 1.631312 -0.032544
v -0.068583 1.617094 -0.031538
v -0.068904 1.611696 -0.015716
v -0.091985 1.725413 0.008029
v -0.092514 1.716510 0.005210
v -0.091799 1.714977 0.006878
v 0.103159 1.699101 -0.016480
v 0.092986 1.685316 -0.004463
v -0.033307 1.595228 0.038290
v -0.029572 1.579960 0.032002
v 0.097709 1.739421 -0.011696
v 0.098244 1.737158 -0.013525
v 0.101063 1.739521 -0.015078
v 0.100375 1.742407 -0.013279
v 0.075682 1.709507 -0.065210
v 0.078426 1.722687 -0.069872
v 0.014183 1.621886 -0.079756
v 0.014929 1.638377 -0.079528
v 0.095877 1.764000 -0.050201
v 0.097107 1.741523 -0.009824
v 0.099831 1.744664 -0.011449
v 0.102083 1.713302 -0.019688
v 0.096067 1.740511 -0.009907
v 0.096722 1.738405 -0.011768
v 0.101203 1.747183 -0.013133
v 0.101819 1.744427 -0.015134
v 0.102564 1.741267 -0.016905
v 0.097323 1.736020 -0.013619
v -0.090868 1.708187 0.012262
v -0.090108 1.706692 0.024172
v -0.091683 1.726538 0.025286
v -0.091954 1.720432 0.013610
v 0.095704 1.746749 -0.012055
v 0.100720 1.801357 -0.021673
v 0.100303 1.793953 -0.037754
v 0.097488 1.822224 -0.024965
v 0.096728 1.815940 -0.042400
v 0.091654 1.808452 -0.060751
v 0.095149 1.785016 -0.056209
v 0.094856 1.748726 -0.005632
v 0.097967 1.752943 -0.003674
v 0.079923 1.834747 0.033627
v 0.086311 1.828386 0.025420
v 0.071403 1.840335 0.043406
v 0.071584 1.846650 0.036242
v 0.079622 1.842228 0.026195
v 0.088749 1.833866 0.012357
v 0.098116 1.790531 -0.005392
v 0.098112 1.808058 -0.005599
v 0.094047 1.812854 0.009715
v -0.077320 1.764205 0.067406
v -0.079283 1.764904 0.062595
v -0.079884 1.753028 0.062087
v -0.077388 1.754503 0.066197
v 0.094566 1.828168 -0.007200
v 0.084169 1.844950 0.005673
v 0.089206 1.840476 -0.011024
v 0.075821 1.855354 0.001657
v 0.078918 1.853283 -0.015097
v 0.079191 1.850156 -0.033473
v 0.091649 1.835870 -0.028492
v 0.077746 1.848864 0.019602
v 0.069923 1.852348 0.030475
v 0.071804 1.856586 0.015979
v 0.067378 1.857186 0.025600
v 0.091475 1.814821 0.017713
v 0.079464 1.678731 -0.000806
v 0.079535 1.679090 0.005060
v -0.026685 1.834241 0.091252
v -0.013803 1.835277 0.094543
v -0.013676 1.844468 0.087936
v -0.026823 1.843199 0.084333
v 0.084306 1.693238 0.015090
v -0.044982 1.707659 -0.095131
v -0.046695 1.720471 -0.099344
v -0.021610 1.716779 -0.106940
v -0.020705 1.704973 -0.102115
v 0.081518 1.723009 0.054827
v 0.082001 1.738767 0.053041
v 0.085584 1.729117 0.041032
v 0.083567 1.710594 0.041641
v -0.025814 1.864150 0.060097
v -0.012578 1.866110 0.063535
v -0.012258 1.872298 0.052490
v -0.025719 1.869987 0.049472
v -0.068397 1.729347 0.079531
v -0.070382 1.721544 0.078879
v -0.065771 1.720829 0.082830
v -0.064473 1.728689 0.082725
v 0.081004 1.755863 0.051859
v 0.085053 1.746806 0.040240
v 0.085223 1.764803 0.038323
v 0.080721 1.774031 0.051523
v 0.081272 1.801598 -0.078385
v 0.083546 1.780186 -0.076910
v -0.098492 1.688481 0.001128
v -0.097000 1.689529 0.002507
v 0.083767 1.764714 -0.075740
v 0.058286 1.794305 0.086475
v -0.011979 1.877588 0.039465
v -0.025776 1.875089 0.036919
v 0.031598 1.828801 -0.101026
v 0.058286 1.823768 0.075412
v 0.072211 1.826851 -0.078086
v -0.001146 1.640041 -0.081735
v 0.056192 1.834631 -0.085524
v 0.091080 1.829878 -0.045803
v 0.087424 1.822988 -0.061210
v 0.077802 1.815224 -0.078490
v 0.082348 1.744802 -0.074627
v 0.060030 1.857002 0.037995
v 0.067026 1.752846 0.076734
v 0.065818 1.747224 0.075586
v 0.067744 1.758798 0.078846
v 0.063526 1.741369 0.077080
v 0.016802 1.732454 0.102270
v 0.016093 1.729774 0.104461
v 0.015375 1.726411 0.106534
v 0.019980 1.726362 0.101734
v 0.018886 1.722417 0.103642
v 0.011000 1.726658 0.112571
v 0.011830 1.730127 0.109994
v 0.014320 1.723148 0.108685
v 0.013453 1.719048 0.110708
v 0.010625 1.722571 0.115065
v 0.017724 1.703330 0.106270
v 0.019398 1.709303 0.104368
v 0.016629 1.714680 0.106877
v 0.023202 1.718650 0.101859
v 0.021606 1.714380 0.103377
v 0.017773 1.718937 0.105401
v 0.024950 1.723022 0.099882
v 0.014202 1.714420 0.113375
v 0.015034 1.710273 0.116602
v 0.011251 1.718107 0.118586
v 0.008823 1.720670 0.122356
v 0.008072 1.725335 0.118835
v 0.020927 1.729240 0.099756
v 0.026372 1.726218 0.098096
v 0.025390 1.709780 0.102161
v 0.030329 1.705463 0.101294
v 0.028354 1.715320 0.100629
v 0.033060 1.711786 0.100031
v 0.030108 1.719903 0.098786
v 0.035085 1.716678 0.098194
v 0.034775 1.700889 0.100741
v 0.038391 1.695918 0.099357
v 0.041850 1.689763 0.097245
v 0.042110 1.702207 0.097591
v 0.045858 1.695472 0.094950
v 0.044831 1.708445 0.095578
v 0.049106 1.702210 0.092554
v -0.021261 1.740087 0.101267
v -0.021618 1.742546 0.098116
v -0.026070 1.738784 0.096160
v -0.025805 1.736257 0.098754
v -0.012038 1.800746 0.105936
v -0.012935 1.810408 0.103465
v -0.024048 1.810220 0.100980
v -0.022432 1.800680 0.103963
v 0.038133 1.707393 0.099272
v 0.040527 1.712801 0.097282
v 0.036869 1.721365 0.096157
v 0.031742 1.723864 0.096782
v 0.047535 1.722571 0.092366
v 0.046677 1.715512 0.093930
v 0.042013 1.718637 0.095344
v 0.043023 1.724350 0.093510
v 0.051623 1.710606 0.090629
v 0.052287 1.720279 0.089943
v 0.052070 1.726668 0.088975
v 0.035735 1.734765 0.092321
v 0.029882 1.735766 0.093153
v 0.039989 1.734377 0.091249
v 0.047605 1.727639 0.090983
v 0.043543 1.728503 0.092176
v 0.057606 1.735858 0.082776
v 0.054532 1.734902 0.084850
v 0.047544 1.734186 0.088806
v 0.044060 1.734203 0.090175
v 0.051214 1.734463 0.086936
v 0.024571 1.738077 0.093351
v 0.019232 1.740853 0.093659
v 0.066276 1.644232 -0.029937
v 0.007996 1.729722 0.116332
v 0.008379 1.733680 0.113760
v 0.015348 1.761469 0.097740
v 0.013351 1.757808 0.096562
v 0.004820 1.758163 0.103987
v 0.020346 1.766073 0.101128
v 0.015456 1.744070 0.094035
v -0.031154 1.735621 0.094132
v -0.030362 1.733185 0.096063
v 0.013415 1.747203 0.094431
v 0.012690 1.750255 0.095178
v 0.012466 1.754009 0.095847
v -0.013343 1.852495 0.080585
v -0.026598 1.851011 0.076871
v -0.023169 1.882917 -0.019606
v -0.024085 1.883427 -0.010154
v -0.009843 1.886328 -0.010050
v -0.010719 1.885271 -0.024374
v 0.034332 1.783341 0.103875
v 0.029870 1.775375 0.105332
v 0.070930 1.800354 0.069017
v 0.074918 1.789705 0.064591
v 0.061472 1.776583 0.089012
v 0.065235 1.771339 0.085296
v 0.067321 1.765124 0.081757
v 0.076653 1.775414 0.061079
v 0.077440 1.759891 0.060031
v 0.078088 1.745209 0.060423
v -0.088372 1.726457 -0.055466
v -0.093508 1.725157 -0.038075
v -0.095749 1.740399 -0.038725
v -0.092042 1.747460 -0.057297
v 0.060631 1.838695 0.060333
v -0.046431 1.603100 0.029663
v -0.042910 1.587663 0.023995
v -0.001546 1.623011 -0.081804
v 0.060754 1.845475 0.053022
v 0.059943 1.831401 0.067934
v 0.049724 1.861491 0.043798
v 0.049453 1.856176 0.052957
v 0.060614 1.851609 0.045658
v 0.049745 1.850014 0.060808
v 0.049972 1.843250 0.068066
v 0.049256 1.836046 0.075708
v 0.047872 1.828067 0.083097
v 0.044890 1.817374 0.090188
v 0.056264 1.646182 -0.050800
v 0.004894 1.717179 0.113905
v 0.003994 1.717346 0.114714
v -0.068956 1.791018 0.077541
v -0.070707 1.797489 0.072484
v -0.074857 1.788900 0.068052
v -0.073095 1.783666 0.073513
v 0.003551 1.716797 0.113179
v 0.002650 1.716917 0.113952
v 0.002333 1.715166 0.113346
v 0.003544 1.705372 0.115791
v 0.001798 1.707991 0.114366
v 0.001466 1.712578 0.113361
v 0.082141 1.685030 0.012131
v -0.010659 1.784976 0.109028
v -0.019788 1.784974 0.107695
v -0.017731 1.777174 0.108277
v -0.010006 1.776912 0.109266
v -0.077088 1.745366 0.066436
v -0.080300 1.741698 0.063312
v -0.079187 1.731539 0.068174
v -0.075619 1.736505 0.070302
v -0.071692 1.730867 0.076392
v -0.074332 1.723511 0.075348
v -0.025662 1.822056 0.097491
v -0.013520 1.822818 0.100296
v -0.077711 1.777486 0.064396
v -0.075939 1.774324 0.069988
v -0.017504 1.743700 0.104437
v -0.018356 1.745661 0.100438
v -0.013930 1.750387 0.102869
v -0.009051 1.749686 0.109501
v -0.008551 1.754634 0.107670
v -0.012662 1.754653 0.103450
v -0.044924 1.800500 0.095546
v -0.046655 1.809211 0.091837
v -0.056046 1.807649 0.085372
v -0.054419 1.799455 0.089451
v -0.026204 1.857801 0.068996
v -0.012941 1.859504 0.072619
v -0.008870 1.766626 0.107419
v -0.014299 1.766802 0.105687
v -0.013025 1.762337 0.103902
v -0.008709 1.762367 0.106510
v -0.035959 1.730930 0.094358
v -0.036754 1.733620 0.092983
v -0.088183 1.687485 -0.004289
v -0.089655 1.686750 -0.003141
v -0.092779 1.746991 0.011977
v -0.092337 1.733681 0.013383
v -0.091239 1.743118 0.025137
v -0.090804 1.759429 0.023132
v -0.092289 1.774193 0.019323
v -0.093458 1.785360 0.013149
v -0.095054 1.766188 0.004590
v -0.094011 1.758303 0.009524
v -0.064534 1.620778 -0.045867
v -0.062841 1.633325 -0.048503
v -0.009440 1.746053 0.112776
v -0.009546 1.742479 0.115628
v -0.022608 1.768600 -0.116310
v -0.022410 1.751942 -0.115214
v -0.048246 1.757311 -0.106061
v -0.048093 1.773169 -0.106706
v -0.085570 1.713006 -0.052040
v -0.091405 1.713815 -0.035850
v -0.018900 1.710743 0.117151
v -0.014495 1.716908 0.112087
v -0.014818 1.712410 0.111199
v -0.014290 1.715851 0.111807
v -0.019120 1.706696 0.119153
v -0.022055 1.705683 0.120522
v -0.015944 1.707499 0.111143
v -0.014839 1.707709 0.111859
v -0.013836 1.712753 0.111590
v -0.015919 1.717420 0.112825
v -0.008251 1.701301 0.126500
v -0.008998 1.703066 0.129819
v -0.013916 1.704689 0.128555
v -0.012017 1.702992 0.126178
v -0.011899 1.715942 0.113616
v -0.010792 1.712934 0.114474
v -0.012131 1.709759 0.122681
v -0.014241 1.714899 0.118254
v -0.014443 1.717674 0.115192
v -0.014437 1.710659 0.121733
v -0.013265 1.703056 0.118084
v -0.016626 1.710947 0.119817
v -0.102821 1.706553 -0.007817
v -0.072637 1.644989 0.008434
v -0.080021 1.663471 0.000917
v -0.079868 1.662054 -0.005436
v -0.073771 1.642858 -0.002324
v -0.101517 1.741454 -0.011029
v -0.083488 1.797972 0.047855
v -0.084930 1.812421 0.037271
v -0.090645 1.798967 0.023459
v -0.089914 1.785652 0.029365
v -0.085245 1.824344 0.028802
v -0.091249 1.811977 0.015787
v -0.094676 1.797643 0.004393
v -0.097140 1.772915 -0.011760
v -0.056056 1.747285 0.084596
v -0.056375 1.747100 0.084812
v -0.054548 1.746571 0.086342
v -0.054538 1.746713 0.086116
v -0.055434 1.747364 0.083882
v -0.053817 1.746612 0.085150
v -0.056455 1.748001 0.082749
v -0.057166 1.747785 0.083329
v -0.057514 1.747552 0.083513
v -0.034710 1.747403 0.089109
v -0.035490 1.747820 0.088249
v -0.038767 1.746636 0.088388
v -0.038005 1.746604 0.089743
v -0.034467 1.747120 0.089653
v -0.037973 1.746271 0.090232
v -0.039085 1.750503 0.081721
v -0.038484 1.750927 0.081687
v -0.040082 1.749979 0.081807
v -0.032459 1.750173 0.086720
v -0.032501 1.751464 0.086912
v -0.038188 1.751948 0.081888
v -0.038184 1.751273 0.081712
v -0.032769 1.749486 0.086821
v -0.030900 1.749217 0.087057
v -0.029846 1.749708 0.086750
v -0.029933 1.751392 0.087112
v -0.044471 1.745233 0.090086
v -0.044739 1.744328 0.090127
v -0.038893 1.744568 0.090593
v -0.038369 1.745593 0.090513
v -0.044201 1.745738 0.089880
v -0.048399 1.746044 0.088724
v -0.048537 1.745514 0.088910
v -0.048693 1.744617 0.088886
v -0.034753 1.745631 0.090499
v -0.034590 1.746696 0.090136
v -0.048705 1.743841 0.088828
v -0.045006 1.743566 0.089979
v -0.039159 1.743795 0.090522
v -0.034768 1.745118 0.090613
v -0.031326 1.746662 0.090097
v -0.032666 1.746892 0.090015
v -0.045016 1.742677 0.089684
v -0.044913 1.741646 0.089422
v -0.039072 1.741861 0.090288
v -0.039177 1.742894 0.090378
v -0.048714 1.742956 0.088429
v -0.048605 1.741931 0.088142
v -0.058788 1.747881 0.081632
v -0.059316 1.748550 0.080574
v -0.059323 1.747888 0.080760
v -0.059010 1.747334 0.081344
v -0.062321 1.744863 0.078174
v -0.063502 1.746372 0.077169
v -0.065735 1.745445 0.076114
v -0.064325 1.743792 0.077362
v -0.074144 1.732944 0.073246
v -0.067240 1.740241 0.076935
v -0.068896 1.741955 0.074890
v -0.058277 1.747511 0.082536
v -0.057571 1.747049 0.083585
v -0.058140 1.747903 0.082445
v -0.058613 1.748392 0.081373
v -0.058515 1.746756 0.082243
v -0.057722 1.746282 0.083430
v -0.056497 1.746694 0.084885
v -0.056627 1.745797 0.084821
v -0.054705 1.745275 0.086383
v -0.054561 1.746177 0.086437
v -0.052023 1.745785 0.087671
v -0.052338 1.746320 0.087437
v -0.052163 1.744881 0.087607
v -0.054840 1.744516 0.086104
v -0.052291 1.744114 0.087455
v -0.056647 1.745037 0.084439
v -0.057824 1.745662 0.083026
v -0.058675 1.746264 0.081762
v -0.059363 1.746852 0.080830
v -0.059822 1.747678 0.080159
v -0.059026 1.745661 0.081125
v -0.059767 1.744820 0.080238
v -0.058335 1.744055 0.081760
v -0.057995 1.745010 0.082508
v -0.059975 1.746389 0.080084
v -0.060958 1.745689 0.079080
v -0.056771 1.744419 0.083934
v -0.056777 1.743540 0.083417
v -0.054727 1.742878 0.085199
v -0.054835 1.743768 0.085700
v -0.052298 1.743346 0.087062
v -0.052319 1.742343 0.086614
v -0.044066 1.745771 0.089557
v -0.043615 1.745791 0.088171
v -0.047952 1.745695 0.087334
v -0.048389 1.746064 0.088375
v -0.052336 1.746345 0.087217
v -0.051586 1.745969 0.086268
v -0.047708 1.745635 0.085991
v -0.045333 1.748837 0.081392
v -0.046990 1.748933 0.080922
v -0.051007 1.745884 0.085031
v -0.043794 1.745870 0.086705
v -0.043417 1.748990 0.081731
v -0.039659 1.746852 0.086934
v -0.041551 1.749417 0.081856
v -0.036370 1.747891 0.087315
v -0.045622 1.761722 0.089846
v -0.045676 1.762012 0.090126
v -0.051288 1.761379 0.089240
v -0.050784 1.761004 0.088767
v -0.063210 1.724630 -0.087509
v -0.064281 1.743561 -0.092864
v -0.048272 1.737484 -0.103699
v -0.054306 1.758046 0.087444
v -0.054276 1.759235 0.087054
v -0.057247 1.757702 0.085465
v -0.057036 1.756653 0.085544
v -0.054344 1.756840 0.087851
v -0.056799 1.755362 0.085685
v -0.051009 1.758227 0.089892
v -0.050962 1.759549 0.089381
v -0.050797 1.760611 0.088860
v -0.055732 1.753740 0.080775
v -0.054785 1.754959 0.081653
v -0.055529 1.754716 0.083294
v -0.056805 1.753784 0.081800
v -0.056525 1.752889 0.080006
v -0.057599 1.752877 0.080693
v -0.049982 1.752635 0.078357
v -0.049553 1.753111 0.078728
v -0.048883 1.753689 0.079239
v -0.050200 1.752232 0.078129
v -0.050287 1.751858 0.078030
v -0.050270 1.751492 0.078045
v -0.050173 1.751123 0.078203
v -0.076869 1.712873 0.071780
v -0.077247 1.726617 0.071904
v -0.080127 1.716670 0.067784
v -0.057750 1.748228 0.082191
v -0.058275 1.748782 0.081156
v -0.057001 1.748542 0.081732
v -0.057518 1.749130 0.080835
v -0.058848 1.749549 0.080179
v -0.059321 1.749290 0.080198
v -0.054626 1.747329 0.082996
v -0.049016 1.749612 0.079868
v -0.049502 1.750036 0.079361
v -0.055435 1.748223 0.081983
v -0.053093 1.746525 0.084029
v -0.048181 1.749222 0.080401
v -0.049761 1.750387 0.078918
v -0.049993 1.750742 0.078518
v -0.055785 1.748753 0.081142
v -0.056302 1.749363 0.080314
v -0.057933 1.749951 0.080190
v -0.056890 1.750798 0.079360
v -0.056966 1.751477 0.079371
v -0.058140 1.750702 0.080011
v -0.058198 1.751373 0.079930
v -0.056702 1.750110 0.079645
v -0.056850 1.752168 0.079559
v -0.058013 1.752051 0.080176
v -0.059634 1.748748 0.080142
v -0.059603 1.749786 0.079823
v -0.060200 1.751116 0.079313
v -0.060167 1.748801 0.079621
v -0.061013 1.748817 0.078919
v -0.060552 1.747353 0.079301
v -0.061434 1.751909 0.079054
v -0.063167 1.752409 0.078479
v -0.062602 1.748768 0.077930
v -0.061775 1.747047 0.078311
v -0.059155 1.750357 0.079794
v -0.059332 1.751175 0.079558
v -0.060686 1.753145 0.080416
v -0.061670 1.754187 0.080460
v -0.059849 1.752448 0.080433
v -0.059237 1.753297 0.081878
v -0.059847 1.754189 0.082036
v -0.060574 1.755111 0.082065
v -0.058737 1.755241 0.083753
v -0.059226 1.756282 0.083807
v -0.058289 1.754186 0.083621
v -0.059087 1.752136 0.080284
v -0.058505 1.752949 0.081416
v -0.057589 1.753806 0.082942
v -0.056324 1.754461 0.085092
v -0.054099 1.755723 0.087419
v -0.053100 1.755790 0.085289
v -0.050773 1.757206 0.089493
v -0.049720 1.756796 0.087204
v -0.046386 1.762849 0.091395
v -0.052550 1.762389 0.090631
v -0.049164 1.756875 0.085155
v -0.046025 1.754583 0.080848
v -0.044081 1.754628 0.081519
v -0.045136 1.756832 0.086400
v -0.033175 1.752372 0.087386
v -0.034131 1.753437 0.087802
v -0.038854 1.752912 0.082156
v -0.038431 1.752382 0.082014
v -0.031478 1.752370 0.088254
v -0.033075 1.753406 0.088856
v -0.038106 1.755789 0.087833
v -0.040617 1.754077 0.082274
v -0.039536 1.753511 0.082277
v -0.036062 1.754612 0.087703
v -0.037450 1.756222 0.089995
v -0.034757 1.754594 0.089306
v -0.045438 1.757293 0.088645
v -0.023347 1.813146 -0.110442
v -0.023156 1.793821 -0.115173
v -0.047939 1.796446 -0.105661
v -0.047529 1.813209 -0.101817
v -0.052230 1.756076 0.083528
v -0.047641 1.754223 0.080046
v -0.060204 1.815014 -0.093455
v -0.058998 1.825596 -0.089738
v -0.047883 1.827650 -0.095438
v -0.047514 1.649699 -0.067211
v -0.034306 1.636337 -0.074736
v -0.029022 1.751985 0.089674
v -0.031043 1.753723 0.089989
v -0.027728 1.750502 0.089469
v -0.027022 1.750352 0.089824
v -0.028250 1.752113 0.089938
v -0.029979 1.753902 0.090177
v -0.033498 1.755299 0.090356
v -0.032717 1.755631 0.090896
v -0.036843 1.757564 0.091799
v -0.036957 1.756774 0.091420
v -0.045844 1.757990 0.090776
v -0.045926 1.758927 0.091175
v -0.036310 1.758482 0.091277
v -0.032121 1.756229 0.090502
v -0.035661 1.759495 0.090631
v -0.031843 1.757398 0.090090
v -0.045639 1.761229 0.090141
v -0.045884 1.760167 0.090732
v -0.031070 1.747734 0.089519
v -0.028418 1.748188 0.089597
v -0.031653 1.748073 0.089184
v -0.028747 1.748507 0.089150
v -0.032981 1.748555 0.087877
v -0.027912 1.749108 0.089166
v -0.027112 1.748897 0.089622
v -0.033945 1.748758 0.087238
v -0.027471 1.752257 0.089827
v -0.026050 1.750207 0.090050
v -0.026197 1.752913 0.089378
v -0.025264 1.750508 0.089867
v -0.028670 1.755634 0.089383
v -0.029207 1.754320 0.089727
v -0.026043 1.748763 0.089795
v -0.026662 1.748132 0.089740
v -0.025308 1.748737 0.089910
v -0.025954 1.747937 0.089853
v -0.034540 1.744330 0.090694
v -0.034308 1.743548 0.090658
v -0.030514 1.746045 0.090318
v -0.029916 1.745540 0.090328
v -0.044676 1.740489 0.089218
v -0.048374 1.740775 0.087851
v -0.044344 1.739055 0.089183
v -0.048274 1.739214 0.087748
v -0.038380 1.739500 0.090405
v -0.038853 1.740691 0.090265
v -0.042280 1.577469 0.020749
v -0.060770 1.743713 0.079562
v -0.062283 1.742348 0.079089
v -0.060107 1.741289 0.080840
v -0.058976 1.742944 0.081108
v -0.057039 1.742280 0.082872
v -0.057588 1.740495 0.082774
v -0.054781 1.739926 0.084684
v -0.054620 1.741602 0.084781
v -0.052204 1.741195 0.086210
v -0.051999 1.739398 0.086193
v -0.064685 1.748250 0.076536
v -0.066197 1.752311 0.076462
v -0.067027 1.747604 0.075143
v -0.069025 1.752082 0.074398
v -0.024436 1.753991 0.089862
v -0.024050 1.751017 0.089811
v -0.022600 1.754774 0.091520
v -0.022542 1.751425 0.091103
v -0.023654 1.758516 0.092279
v -0.025996 1.757487 0.090420
v -0.024447 1.748727 0.090054
v -0.025218 1.747662 0.090007
v -0.023104 1.748746 0.090605
v -0.024265 1.746983 0.090472
v -0.033831 1.742624 0.090723
v -0.033354 1.741559 0.090802
v -0.029347 1.744885 0.090492
v -0.028475 1.743963 0.090745
v -0.061673 1.711084 -0.082967
v -0.064453 1.763173 -0.094825
v -0.061919 1.767701 0.089114
v -0.059078 1.764072 0.089344
v -0.054559 1.765516 0.091656
v -0.056920 1.769998 0.092381
v -0.065606 1.772732 0.087777
v -0.068654 1.768510 0.084360
v -0.065341 1.764877 0.085935
v -0.062403 1.762004 0.086798
v -0.067036 1.755882 0.077818
v -0.064605 1.755725 0.079528
v -0.064727 1.757837 0.081387
v -0.067160 1.758742 0.080075
v -0.069962 1.756061 0.075749
v -0.070439 1.759957 0.078168
v -0.066568 1.761546 0.082950
v -0.063893 1.759744 0.083983
v -0.070024 1.763814 0.081281
v -0.033055 1.764327 0.094082
v -0.034062 1.762220 0.092251
v -0.030194 1.759886 0.091048
v -0.028438 1.760988 0.091895
v -0.031398 1.766334 0.096087
v -0.025724 1.762234 0.093714
v -0.048635 1.770627 0.095249
v -0.047644 1.766516 0.093482
v -0.035267 1.760123 0.090315
v -0.032688 1.758708 0.090117
v -0.035080 1.760421 0.090391
v -0.031938 1.758569 0.090035
v -0.070213 1.839597 -0.069683
v -0.073137 1.847394 -0.055387
v -0.052046 1.860387 -0.061369
v -0.050768 1.850842 -0.075437
v -0.054379 1.759752 0.087068
v -0.055132 1.760257 0.087658
v -0.058237 1.758729 0.086077
v -0.057488 1.758218 0.085604
v -0.059713 1.756933 0.083946
v -0.060580 1.757470 0.084286
v -0.061924 1.756296 0.082323
v -0.061178 1.755905 0.082310
v -0.061913 1.755072 0.080970
v -0.062658 1.755103 0.080607
v -0.032301 1.759716 0.090555
v -0.034953 1.760864 0.090870
v -0.062281 1.800349 -0.095524
v -0.058341 1.816912 0.080011
v -0.066805 1.812855 0.072254
v -0.064525 1.804564 0.078441
v -0.056636 1.761276 0.088825
v -0.059854 1.759765 0.086786
v -0.061936 1.758385 0.084426
v -0.063024 1.757105 0.082218
v -0.063497 1.756036 0.080731
v -0.091441 1.711341 0.006700
v -0.092107 1.711453 0.005046
v -0.103517 1.723619 -0.025288
v -0.101123 1.731897 -0.023940
v -0.099131 1.736323 -0.022114
v -0.098136 1.749599 -0.004874
v -0.102274 1.753962 -0.008202
v -0.108650 1.701459 -0.016349
v -0.104908 1.698925 -0.011662
v -0.108602 1.702648 -0.016757
v -0.111231 1.749756 -0.021400
v -0.112107 1.747533 -0.023067
v -0.113359 1.747041 -0.022807
v -0.053900 1.684935 -0.073460
v -0.059287 1.700678 -0.079529
v -0.112996 1.744916 -0.024638
v -0.094389 1.717588 0.002854
v -0.104865 1.723135 -0.025468
v -0.106987 1.722767 -0.027263
v -0.108377 1.716318 -0.027318
v -0.107505 1.716659 -0.026678
v -0.107689 1.709828 -0.025224
v -0.107063 1.710595 -0.024899
v -0.110321 1.706223 -0.019754
v -0.111748 1.711207 -0.022431
v -0.103781 1.754635 -0.009735
v -0.102949 1.753415 -0.008178
v -0.104683 1.754508 -0.010113
v -0.095473 1.716143 0.001327
v -0.096214 1.747072 -0.004484
v -0.095576 1.744008 -0.003227
v -0.095301 1.744545 -0.003657
v -0.091020 1.722822 -0.001648
v -0.090989 1.723989 -0.001853
v -0.092555 1.720787 -0.001781
v -0.095646 1.718840 -0.000530
v -0.088631 1.709085 -0.000692
v -0.088232 1.707654 -0.002782
v -0.088756 1.706351 -0.002395
v -0.106798 1.761965 -0.014628
v -0.095739 1.742702 -0.002933
v -0.097193 1.744169 -0.003163
v -0.097517 1.745883 -0.003535
v -0.105606 1.753989 -0.010587
v -0.097841 1.747188 -0.003858
v -0.096982 1.747052 -0.003806
v -0.098886 1.749346 -0.004804
v -0.096477 1.747053 -0.004025
v -0.097880 1.715050 -0.015637
v -0.096156 1.714632 -0.013224
v -0.092659 1.737676 0.006922
v -0.093271 1.735355 0.004673
v -0.103610 1.698115 -0.009226
v -0.096619 1.745164 -0.016413
v -0.096384 1.748713 -0.017835
v -0.113146 1.717176 -0.024498
v -0.105893 1.709847 -0.011443
v -0.103085 1.708817 -0.009479
v -0.108389 1.711402 -0.013470
v -0.110254 1.714807 -0.015415
v -0.092388 1.734859 -0.007846
v -0.106161 1.740953 -0.014142
v -0.107603 1.738086 -0.015497
v -0.103994 1.741058 -0.012283
v -0.096510 1.753270 -0.015488
v -0.096276 1.753354 -0.012788
v -0.097087 1.747036 -0.014063
v -0.096176 1.751235 -0.012267
v -0.090632 1.713563 -0.000885
v -0.090995 1.706035 -0.004995
v -0.090713 1.708644 -0.005600
v -0.092535 1.706111 -0.006009
v -0.092750 1.707478 -0.007315
v -0.093488 1.709520 -0.008898
v -0.094268 1.712076 -0.010062
v -0.094241 1.715202 -0.010401
v -0.089751 1.718885 -0.001374
v -0.096225 1.753637 -0.001061
v -0.089308 1.716539 -0.001225
v -0.091436 1.721002 -0.001562
v -0.091629 1.718673 -0.001288
v -0.091328 1.716165 -0.000894
v -0.099001 1.704807 -0.003240
v -0.099990 1.707022 -0.005503
v -0.096990 1.705586 -0.002474
v -0.101177 1.707840 -0.007680
v -0.095286 1.705834 -0.002004
v -0.096838 1.746734 -0.014898
v -0.096201 1.750874 -0.014563
v -0.091454 1.715639 0.008792
v -0.082825 1.723243 0.063033
v -0.084357 1.735332 0.057670
v -0.038022 1.660867 0.084387
v -0.037178 1.656809 0.084662
v -0.072441 1.709556 0.076049
v -0.066654 1.706464 0.081504
v -0.037167 1.667113 0.098929
v -0.036308 1.666142 0.099141
v -0.035159 1.666840 0.099309
v -0.036042 1.667313 0.098914
v -0.033180 1.667670 0.097175
v -0.034152 1.667656 0.096326
v -0.034453 1.667588 0.097418
v -0.033602 1.667605 0.098239
v -0.040446 1.686916 0.100967
v -0.044327 1.692222 0.098702
v -0.047869 1.686871 0.097019
v -0.044050 1.682266 0.099377
v -0.036138 1.666627 0.087596
v -0.035770 1.668657 0.088289
v -0.034573 1.668225 0.092916
v -0.034952 1.667444 0.092333
v -0.036011 1.663288 0.087524
v -0.034827 1.665815 0.091725
v -0.037997 1.665973 0.084592
v -0.037272 1.669171 0.085226
v -0.047814 1.659656 0.093520
v -0.043869 1.662048 0.096276
v -0.044798 1.666070 0.096577
v -0.048920 1.665488 0.094272
v -0.036444 1.701171 0.100373
v -0.040667 1.696650 0.099605
v -0.037108 1.691412 0.101524
v -0.032767 1.696598 0.102195
v -0.028453 1.702528 0.103711
v -0.031872 1.706010 0.101487
v -0.026822 1.711941 0.107944
v -0.027333 1.707311 0.109105
v -0.026768 1.705996 0.112805
v -0.027172 1.708665 0.111520
v -0.024594 1.701117 0.110861
v -0.027318 1.704627 0.107298
v -0.019708 1.699665 0.111567
v -0.019469 1.700624 0.112627
v -0.024664 1.700370 0.109276
v -0.024913 1.699442 0.107374
v -0.020032 1.698767 0.110338
v -0.018770 1.702094 0.113633
v -0.022275 1.701877 0.113642
v -0.024276 1.704165 0.115436
v -0.011181 1.702200 0.123602
v -0.012781 1.703717 0.125936
v -0.017530 1.741033 0.107822
v -0.021362 1.737109 0.104166
v -0.017732 1.737842 0.110342
v -0.021302 1.734225 0.106628
v -0.023416 1.706640 0.119916
v -0.025072 1.708863 0.117996
v -0.020554 1.707864 0.124445
v -0.021972 1.710962 0.123938
v -0.008475 1.758588 0.106600
v -0.008355 1.697939 0.118714
v -0.008689 1.696862 0.118172
v -0.007974 1.699252 0.120937
v -0.024010 1.841258 -0.095264
v -0.024636 1.856880 -0.082140
v -0.023929 1.873898 -0.055996
v -0.021346 1.879166 -0.041897
v -0.013279 1.676098 0.118134
v -0.012703 1.679326 0.118069
v -0.021698 1.672453 0.097966
v -0.014919 1.672546 0.099963
v -0.014640 1.669851 0.105182
v -0.021186 1.669904 0.103471
v -0.026106 1.669891 0.100859
v -0.027067 1.672226 0.095392
v -0.022008 1.674267 0.095051
v -0.014910 1.674443 0.096915
v -0.020788 1.668293 0.108540
v -0.014362 1.668375 0.111184
v -0.014249 1.670303 0.114481
v -0.020896 1.669982 0.111239
v -0.028166 1.693835 0.105382
v -0.023079 1.694507 0.108269
v -0.017969 1.694461 0.112324
v -0.013978 1.694042 0.115409
v -0.013193 1.696703 0.115989
v -0.016288 1.697699 0.113409
v -0.012899 1.697888 0.116468
v -0.016024 1.698763 0.114147
v -0.015940 1.699963 0.114810
v -0.016578 1.701935 0.115073
v -0.014265 1.701578 0.116591
v -0.014825 1.703195 0.116173
v -0.012828 1.699148 0.116806
v -0.010132 1.729509 0.123997
v -0.009811 1.734301 0.121084
v -0.018255 1.681554 0.115505
v -0.012257 1.681956 0.117197
v -0.011255 1.686914 0.116584
v -0.016621 1.687119 0.114856
v -0.022216 1.686432 0.111989
v -0.024504 1.679685 0.112333
v -0.009109 1.695746 0.117702
v -0.018886 1.678807 0.115875
v -0.019453 1.675718 0.115587
v -0.025317 1.676771 0.112502
v -0.025737 1.673993 0.111894
v -0.030300 1.676786 0.108272
v -0.028674 1.684235 0.108313
v -0.035513 1.681963 0.103928
v -0.035073 1.673652 0.104139
v -0.044488 1.670101 0.097579
v -0.038890 1.666823 0.098675
v -0.038921 1.668532 0.099180
v -0.038489 1.670015 0.100246
v -0.043184 1.673992 0.099097
v -0.048505 1.671313 0.095703
v -0.046859 1.677038 0.097505
v -0.040494 1.677769 0.101082
v -0.037447 1.671627 0.101667
v -0.037287 1.668069 0.099456
v -0.036115 1.667770 0.099245
v -0.036952 1.668933 0.100398
v -0.035786 1.668187 0.100059
v -0.036236 1.669719 0.101691
v -0.035215 1.668554 0.101105
v -0.034069 1.669232 0.102794
v -0.034758 1.671002 0.103716
v -0.033351 1.667851 0.097493
v -0.032187 1.667847 0.098800
v -0.032380 1.667732 0.100319
v -0.033485 1.667670 0.098904
v -0.034105 1.667807 0.096647
v -0.034113 1.667652 0.098092
v -0.033968 1.668905 0.093936
v -0.032786 1.669097 0.094936
v -0.034745 1.667678 0.095764
v -0.034833 1.667649 0.097001
v -0.034964 1.667557 0.098675
v -0.034796 1.667781 0.099216
v -0.034205 1.667919 0.100122
v -0.033148 1.668164 0.101501
v -0.025746 1.671577 0.110354
v -0.030182 1.671705 0.107658
v -0.029789 1.669751 0.105891
v -0.025540 1.669148 0.107810
v -0.029247 1.668394 0.103966
v -0.027647 1.673870 0.092651
v -0.025160 1.668088 0.105609
v -0.031531 1.671345 0.092326
v -0.032599 1.672862 0.089463
v -0.030398 1.669438 0.097237
v -0.035113 1.670067 0.089546
v -0.033846 1.670220 0.090247
v -0.036155 1.671380 0.086676
v -0.034659 1.671988 0.087897
v -0.029058 1.667791 0.101818
v -0.030475 1.673985 0.108339
v -0.020081 1.672863 0.113856
v -0.013690 1.673307 0.116586
v -0.011453 1.719959 0.131060
v -0.010806 1.724961 0.127279
v -0.034272 1.667352 0.099164
v -0.017438 1.567354 0.032155
v -0.038044 1.665264 0.098753
v -0.035361 1.660209 0.087463
v -0.033888 1.664482 0.092092
v -0.044557 1.653850 0.094145
v -0.039355 1.648160 0.096681
v -0.036778 1.653247 0.099193
v -0.041233 1.657724 0.097002
v -0.033383 1.660860 0.102309
v -0.036439 1.663330 0.100029
v -0.034855 1.664940 0.100702
v -0.032050 1.663472 0.103146
v -0.030882 1.665452 0.103619
v -0.033610 1.666244 0.100786
v -0.028172 1.667738 0.101899
v -0.022805 1.667949 0.105274
v -0.022059 1.663504 0.099471
v -0.027794 1.663384 0.096521
v -0.032571 1.663901 0.093473
v -0.032051 1.667721 0.098254
v -0.029013 1.667708 0.102851
v -0.032427 1.667612 0.099427
v -0.023454 1.667879 0.106582
v -0.029548 1.571226 0.027908
v -0.032923 1.667221 0.100385
v -0.029694 1.667157 0.103299
v -0.024465 1.666855 0.107388
v -0.025915 1.664496 0.107939
v -0.027150 1.661660 0.107896
v -0.028028 1.658130 0.106580
v -0.030231 1.649077 0.102716
v -0.031959 1.642583 0.100893
v -0.023014 1.646379 0.105965
v -0.024326 1.639726 0.105101
v -0.021804 1.655949 0.110452
v -0.021409 1.660384 0.112530
v -0.020256 1.663792 0.112235
v -0.019177 1.666507 0.111137
v -0.009805 1.693499 0.117095
v -0.012669 1.701371 0.118117
v -0.011276 1.701434 0.120751
v -0.015546 1.705501 0.126941
v -0.007930 1.700198 0.123524
v -0.018754 1.707456 0.126431
v -0.016669 1.706673 0.128058
v -0.017600 1.708493 0.129136
v -0.019142 1.709394 0.127730
v -0.014755 1.705853 0.129393
v -0.016366 1.708168 0.130192
v -0.009508 1.704552 0.131300
v -0.010497 1.708676 0.133559
v -0.011489 1.715466 0.133446
v -0.010940 1.711256 0.134175
v -0.018015 1.710565 0.129666
v -0.019804 1.713012 0.127729
v -0.020049 1.717034 0.125265
v -0.022661 1.714511 0.121059
v -0.011163 1.885425 0.008020
v -0.018172 1.667886 0.110053
v -0.016969 1.667999 0.107966
v -0.021899 1.650817 0.090950
v -0.021899 1.656306 0.094056
v -0.016050 1.655850 0.095913
v -0.016024 1.650593 0.092998
v -0.012107 1.667832 0.109044
v -0.011690 1.663351 0.102646
v -0.016289 1.663568 0.101658
v -0.012508 1.667800 0.111608
v -0.013233 1.666177 0.113036
v -0.014095 1.663347 0.114461
v -0.011442 1.655542 0.096835
v -0.011570 1.650088 0.093901
v -0.033432 1.658214 0.088647
v -0.034223 1.653599 0.085970
v -0.027896 1.656582 0.091614
v -0.028382 1.651761 0.088796
v -0.016514 1.638630 0.108017
v -0.015429 1.645134 0.107846
v -0.014681 1.659268 0.114628
v -0.014833 1.654483 0.112245
v -0.024670 1.866859 -0.069677
v -0.078952 1.820935 0.046041
v -0.077440 1.812319 0.054822
v -0.069839 1.821585 0.063208
v -0.071411 1.828538 0.055195
v -0.079227 1.830681 0.037310
v -0.071552 1.836673 0.046862
v -0.048012 1.875976 -0.014979
v -0.049203 1.875109 0.001105
v -0.025274 1.882543 0.006091
v -0.041073 1.875863 -0.030520
v -0.056516 1.865961 -0.041781
v -0.059853 1.869360 -0.019734
v -0.060243 1.868992 -0.002490
v -0.033312 1.620779 -0.075957
v -0.063916 1.778606 -0.095586
v -0.059094 1.867541 0.013131
v -0.048862 1.872713 0.016654
v -0.048702 1.868830 0.030531
v -0.057882 1.864598 0.026301
v -0.025571 1.879285 0.022422
v -0.011597 1.881925 0.024919
v -0.022377 1.732400 -0.112064
v -0.009567 1.738811 0.118256
v -0.062399 1.665209 -0.056490
v -0.074535 1.663419 -0.036025
v -0.067805 1.599262 -0.016705
v -0.092905 1.692625 -0.012117
v -0.092651 1.693200 -0.013165
v -0.075002 1.645053 -0.016147
v -0.079738 1.661782 -0.015848
v -0.049708 1.666400 -0.069159
v -0.103916 1.707864 -0.024286
v -0.104393 1.712749 -0.025433
v -0.105206 1.707100 -0.023628
v -0.105925 1.712250 -0.025127
v -0.105633 1.717716 -0.025686
v -0.105877 1.705109 -0.022512
v -0.096427 1.753654 -0.009887
v -0.097972 1.756016 -0.008955
v -0.091984 1.690726 -0.007182
v -0.091906 1.691506 -0.009117
v -0.091199 1.691035 -0.008190
v -0.090883 1.690428 -0.006695
v -0.091557 1.689610 -0.005464
v -0.090688 1.689681 -0.005465
v -0.095841 1.772339 -0.001931
v -0.089308 1.689912 -0.009830
v -0.091766 1.692535 -0.012655
v -0.091613 1.691924 -0.010735
v -0.090547 1.690946 -0.009227
v -0.089909 1.689751 -0.006940
v -0.089713 1.688767 -0.004992
v -0.090754 1.688222 -0.004357
v -0.106186 1.704090 -0.022653
v -0.097405 1.689853 -0.010079
v -0.099116 1.744108 -0.017496
v -0.099649 1.741871 -0.019357
v -0.102256 1.744363 -0.021070
v -0.101539 1.747215 -0.019229
v -0.075423 1.713106 -0.069663
v -0.077258 1.726395 -0.074460
v -0.017401 1.622640 -0.080688
v -0.017384 1.639147 -0.080481
v -0.093852 1.768519 -0.055791
v -0.098526 1.746183 -0.015589
v -0.100997 1.749447 -0.017367
v -0.104249 1.718217 -0.025769
v -0.097529 1.745122 -0.015612
v -0.098174 1.743047 -0.017512
v -0.102147 1.752025 -0.019126
v -0.102775 1.749300 -0.021163
v -0.103563 1.746176 -0.022979
v -0.098777 1.740690 -0.019398
v -0.096746 1.751331 -0.017724
v -0.098583 1.806103 -0.027544
v -0.097573 1.798666 -0.043583
v -0.094174 1.826789 -0.030611
v -0.092690 1.820452 -0.047980
v -0.086906 1.812705 -0.066011
v -0.091773 1.789468 -0.061716
v -0.096186 1.753276 -0.011261
v -0.099203 1.757638 -0.009484
v -0.079511 1.838544 0.028932
v -0.085700 1.832483 0.020354
v -0.071325 1.843735 0.039202
v -0.070784 1.850041 0.032049
v -0.078418 1.845992 0.021540
v -0.087103 1.838055 0.007178
v -0.097461 1.795190 -0.011153
v -0.096610 1.812696 -0.011335
v -0.093229 1.817315 0.004199
v -0.092023 1.832612 -0.012697
v -0.081615 1.848899 0.000790
v -0.085868 1.844646 -0.016181
v -0.072560 1.858888 -0.002713
v -0.074761 1.856943 -0.019624
v -0.074100 1.853808 -0.037989
v -0.087494 1.840137 -0.033769
v -0.075844 1.852523 0.015079
v -0.068518 1.855645 0.026398
v -0.069339 1.859948 0.011822
v -0.065463 1.860350 0.021688
v -0.091041 1.819168 0.012337
v -0.084451 1.682635 -0.005638
v -0.084853 1.683003 0.000211
v -0.089524 1.697376 0.009962
v -0.087670 1.727037 0.049841
v -0.087297 1.742799 0.048053
v -0.090622 1.733312 0.035840
v -0.089527 1.714715 0.036539
v -0.085418 1.759825 0.046956
v -0.089202 1.750955 0.035107
v -0.088402 1.768936 0.033209
v -0.084252 1.777959 0.046664
v -0.075842 1.805340 -0.083014
v -0.079214 1.784063 -0.081706
v -0.080240 1.768619 -0.080572
v -0.062973 1.797192 0.082904
v -0.023683 1.830118 -0.102655
v -0.060920 1.826608 0.071903
v -0.065622 1.830133 -0.082147
v -0.048842 1.837132 -0.088619
v -0.086193 1.834100 -0.051025
v -0.081969 1.827022 -0.066201
v -0.071727 1.818785 -0.082895
v -0.079837 1.748665 -0.079406
v -0.058874 1.859834 0.034493
v -0.073090 1.756183 0.072605
v -0.072085 1.750509 0.071521
v -0.073647 1.762165 0.074681
v -0.070167 1.744553 0.073138
v -0.025485 1.733461 0.101023
v -0.025035 1.730753 0.103249
v -0.024600 1.727363 0.105356
v -0.028913 1.727525 0.100294
v -0.028121 1.723536 0.102258
v -0.020581 1.727408 0.111640
v -0.021092 1.730910 0.109024
v -0.023829 1.724055 0.107562
v -0.023278 1.719921 0.109626
v -0.020548 1.723312 0.114147
v -0.028025 1.704417 0.104922
v -0.029297 1.710461 0.102934
v -0.026428 1.715704 0.105608
v -0.032499 1.719977 0.100218
v -0.031200 1.715636 0.101822
v -0.027280 1.720009 0.104074
v -0.033918 1.724423 0.098147
v -0.024402 1.715338 0.112237
v -0.025619 1.711239 0.115404
v -0.021591 1.718888 0.117619
v -0.019270 1.721338 0.121528
v -0.018092 1.725957 0.118064
v -0.029603 1.730443 0.098267
v -0.035079 1.727681 0.096285
v -0.035121 1.711220 0.100378
v -0.040200 1.707142 0.099216
v -0.037722 1.716893 0.098681
v -0.042547 1.713586 0.097803
v -0.039144 1.721552 0.096745
v -0.044226 1.718566 0.095856
v -0.044818 1.702784 0.098396
v -0.048579 1.697988 0.096794
v -0.052197 1.692002 0.094473
v -0.051884 1.704445 0.094820
v -0.055786 1.697891 0.091953
v -0.054181 1.710802 0.092659
v -0.058562 1.704773 0.089380
v -0.047771 1.709438 0.096740
v -0.049783 1.714951 0.094620
v -0.045662 1.723330 0.093724
v -0.040467 1.725584 0.094653
v -0.056017 1.725037 0.089313
v -0.055589 1.717947 0.090915
v -0.050873 1.720849 0.092606
v -0.051501 1.726601 0.090724
v -0.060559 1.713276 0.087321
v -0.060721 1.722969 0.086611
v -0.060144 1.729340 0.085667
v -0.043669 1.736657 0.089980
v -0.037835 1.737379 0.091157
v -0.047866 1.736470 0.088659
v -0.055765 1.730101 0.087935
v -0.051743 1.730772 0.089366
v -0.064862 1.738774 0.079164
v -0.061964 1.737677 0.081415
v -0.055264 1.736635 0.085775
v -0.051871 1.736488 0.087347
v -0.058800 1.737083 0.083692
v -0.032441 1.739435 0.091671
v -0.027003 1.741954 0.092296
v -0.071219 1.647514 -0.033991
v -0.017661 1.730331 0.115576
v -0.017704 1.734300 0.112991
v -0.022389 1.762368 0.096627
v -0.020502 1.758614 0.095564
v -0.012416 1.758574 0.103479
v -0.027353 1.767209 0.099722
v -0.023107 1.744988 0.092898
v -0.020946 1.748021 0.093418
v -0.020122 1.751037 0.094210
v -0.019759 1.754777 0.094897
v -0.040636 1.785127 0.101667
v -0.036653 1.776961 0.103372
v -0.074266 1.803811 0.064743
v -0.078489 1.793357 0.060075
v -0.067142 1.779645 0.085223
v -0.070928 1.774581 0.081285
v -0.073096 1.768468 0.077620
v -0.080692 1.779160 0.056446
v -0.082154 1.763690 0.055330
v -0.083523 1.749058 0.055661
v -0.061658 1.841607 0.056731
v -0.061028 1.848376 0.049436
v -0.061767 1.834300 0.064350
v -0.048726 1.863836 0.040899
v -0.049247 1.858527 0.050050
v -0.060164 1.854486 0.042101
v -0.050293 1.852397 0.057862
v -0.051269 1.845662 0.065085
v -0.051347 1.838442 0.072746
v -0.050784 1.830416 0.080192
v -0.048737 1.819604 0.087432
v -0.059916 1.648954 -0.054225
v -0.015022 1.717654 0.113318
v -0.014164 1.717778 0.114179
v -0.013659 1.717208 0.112672
v -0.012800 1.717286 0.113496
v -0.012531 1.715521 0.112908
v -0.014348 1.705798 0.115263
v -0.012399 1.708330 0.113947
v -0.011790 1.712895 0.112970
v -0.087586 1.689069 0.007122
v -0.067964 1.604910 -0.032174
v -0.064569 1.609514 -0.046539
v 0.060904 1.601834 -0.028376
v 0.058581 1.606575 -0.042909
v 0.017709 1.561932 0.026633
v 0.031314 1.566481 0.020875
v 0.032713 1.555263 0.019002
v 0.018289 1.551279 0.024106
v 0.066076 1.579345 -0.034345
v 0.061845 1.590649 -0.030717
v 0.059801 1.595441 -0.045944
v 0.064441 1.584481 -0.050957
v 0.053268 1.598639 -0.059293
v 0.057244 1.586770 -0.065404
v 0.045291 1.587393 -0.076492
v 0.042780 1.601224 -0.069837
v 0.029133 1.603255 -0.077640
v 0.030568 1.587838 -0.083684
v 0.044426 1.572502 0.012031
v 0.054653 1.578891 -0.000038
v 0.057869 1.567224 -0.002002
v 0.046806 1.560863 0.010287
v 0.060335 1.585137 -0.014828
v 0.063898 1.573515 -0.017568
v 0.014493 1.588170 -0.087673
v 0.013978 1.604635 -0.082237
v 0.020077 1.524166 0.018701
v 0.005534 1.522007 0.018930
v 0.005388 1.536074 0.022630
v 0.019177 1.538185 0.021183
v 0.057298 1.520000 0.003110
v 0.074800 1.529214 -0.008461
v 0.082681 1.517395 -0.006107
v 0.063190 1.506889 0.005977
v 0.109591 1.520952 -0.017864
v 0.122251 1.536530 -0.040168
v 0.038499 1.514229 0.012285
v 0.042020 1.501066 0.016086
v -0.002280 1.573242 -0.097078
v -0.002147 1.588509 -0.089234
v 0.110253 1.543919 -0.042544
v 0.110548 1.550478 -0.069041
v 0.125268 1.542573 -0.067576
v 0.061163 1.526970 -0.114589
v 0.061442 1.518343 -0.118084
v 0.079537 1.523611 -0.114814
v 0.074660 1.531895 -0.110659
v 0.085425 1.566414 -0.063234
v 0.073205 1.566983 -0.080238
v 0.082651 1.557309 -0.086480
v 0.097795 1.558581 -0.067432
v 0.041247 1.547734 -0.106696
v 0.062715 1.553212 -0.099105
v 0.056065 1.564298 -0.092499
v 0.037017 1.560980 -0.100058
v 0.098683 1.550797 -0.043140
v 0.086065 1.558472 -0.041879
v 0.088316 1.539263 -0.024401
v 0.078440 1.549100 -0.023764
v 0.068178 1.541185 -0.007425
v 0.064204 1.576083 -0.073012
v 0.050100 1.575127 -0.084598
v 0.033463 1.573827 -0.091843
v 0.015740 1.573132 -0.095580
v -0.003121 1.511890 -0.118218
v -0.002825 1.527686 -0.115474
v 0.019209 1.544243 -0.109540
v 0.017385 1.558995 -0.103620
v 0.098354 1.530355 -0.022593
v 0.070031 1.561059 -0.020895
v 0.062555 1.554293 -0.004760
v 0.070246 1.496219 0.016709
v 0.092489 1.505398 0.001760
v 0.046283 1.490273 0.026492
v 0.024640 1.486108 0.031622
v 0.020578 1.528646 -0.113874
v 0.019916 1.513253 -0.116744
v 0.042321 1.516126 -0.117286
v 0.046937 1.532158 -0.112991
v 0.053321 1.533740 0.005043
v 0.036638 1.527936 0.013978
v 0.021204 1.510724 0.018139
v 0.073073 1.574631 -0.057076
v 0.074072 1.568417 -0.038629
v 0.050014 1.547561 0.007736
v 0.034737 1.541988 0.016498
v 0.005207 1.549109 0.026478
v 0.022780 1.497992 0.022842
v 0.112417 1.538682 -0.091626
v 0.096794 1.530695 -0.106641
v 0.088366 1.535881 -0.104439
v -0.002562 1.543769 -0.111258
v -0.006705 1.535581 0.022531
v -0.006909 1.521420 0.017995
v -0.006524 1.548573 0.026880
v 0.093715 1.545995 -0.093347
v 0.069457 1.541381 -0.105344
v -0.006387 1.558629 0.030376
v -0.001901 1.605357 -0.083973
v -0.007172 1.506521 0.014865
v -0.007643 1.491500 0.018685
v -0.008242 1.479400 0.029221
v 0.005102 1.559323 0.029707
v 0.006789 1.493431 0.021034
v 0.006137 1.507562 0.016975
v 0.007312 1.481132 0.030465
v -0.002381 1.558888 -0.105211
v -0.030040 1.563070 0.025225
v -0.043051 1.568254 0.018682
v -0.044870 1.557111 0.016715
v -0.030975 1.552452 0.022654
v -0.073843 1.582682 -0.038470
v -0.069300 1.593779 -0.034582
v -0.066136 1.598446 -0.049657
v -0.070991 1.587712 -0.054951
v -0.058686 1.601311 -0.062595
v -0.062855 1.589635 -0.068947
v -0.050252 1.589671 -0.079310
v -0.047483 1.603379 -0.072500
v -0.033317 1.604746 -0.079483
v -0.035126 1.589405 -0.085622
v -0.055319 1.574881 0.009090
v -0.064501 1.581733 -0.003550
v -0.068147 1.570228 -0.005717
v -0.058142 1.563364 0.007193
v -0.068997 1.588224 -0.018638
v -0.072940 1.576779 -0.021602
v -0.018846 1.588966 -0.088657
v -0.017870 1.605396 -0.083177
v -0.033726 1.525448 0.017114
v -0.019343 1.522600 0.018195
v -0.018746 1.536649 0.021919
v -0.032310 1.539411 0.019666
v -0.070123 1.523039 -0.000645
v -0.086455 1.533056 -0.013214
v -0.095017 1.521632 -0.011340
v -0.076792 1.510229 0.001855
v -0.120988 1.526448 -0.024655
v -0.131557 1.542577 -0.047647
v -0.052190 1.516390 0.009609
v -0.056553 1.503417 0.013181
v -0.119100 1.549382 -0.049304
v -0.117521 1.555910 -0.075764
v -0.132662 1.548716 -0.075178
v -0.066714 1.530016 -0.118360
v -0.067197 1.521408 -0.121878
v -0.085183 1.527535 -0.119671
v -0.080170 1.535584 -0.115224
v -0.092053 1.570643 -0.068467
v -0.078839 1.570609 -0.084720
v -0.088351 1.561384 -0.091522
v -0.104512 1.563401 -0.073397
v -0.046331 1.549820 -0.109278
v -0.067924 1.556322 -0.102957
v -0.061154 1.567086 -0.095957
v -0.041872 1.562860 -0.102384
v -0.107199 1.555702 -0.049209
v -0.094326 1.562771 -0.047197
v -0.098515 1.543715 -0.029908
v -0.088235 1.553071 -0.028678
v -0.079344 1.544701 -0.011774
v -0.069856 1.579279 -0.076966
v -0.055155 1.577636 -0.087702
v -0.038201 1.575535 -0.093957
v -0.020342 1.573999 -0.096643
v -0.024352 1.545290 -0.110824
v -0.022176 1.559916 -0.104787
v -0.109056 1.535298 -0.028705
v -0.079451 1.564622 -0.025304
v -0.073270 1.557529 -0.008766
v -0.084966 1.499920 0.012136
v -0.105830 1.510125 -0.004081
v -0.061931 1.492851 0.023303
v -0.040852 1.487668 0.029694
v -0.026209 1.529760 -0.115254
v -0.026113 1.514350 -0.118101
v -0.048284 1.518285 -0.119958
v -0.052375 1.534524 -0.115919
v -0.065618 1.536573 0.001538
v -0.049782 1.529994 0.011429
v -0.035457 1.512074 0.016466
v -0.079707 1.578273 -0.061582
v -0.082085 1.572140 -0.043234
v -0.061822 1.550224 0.004439
v -0.047370 1.543942 0.014078
v -0.018171 1.549665 0.025789
v -0.037914 1.499439 0.021054
v -0.118618 1.544186 -0.098438
v -0.102535 1.535443 -0.112518
v -0.094012 1.540226 -0.109817
v -0.099518 1.550598 -0.099045
v -0.074842 1.544819 -0.109599
v -0.017772 1.559867 0.029032
v -0.022080 1.494120 0.020184
v -0.020517 1.508197 0.016188
v -0.023743 1.481871 0.029550
v -0.014005 1.715604 0.111921
v -0.085299 1.685623 0.030448
v -0.083910 1.676504 0.021583
v -0.078349 1.662663 0.028517
v -0.080606 1.672787 0.038046
v -0.071641 1.649905 0.036451
v -0.075900 1.662214 0.043965
v -0.064629 1.639622 0.045972
v -0.070006 1.652401 0.051246
v -0.059195 1.633640 0.056850
v -0.064880 1.645946 0.060262
v -0.045628 1.626442 0.082475
v -0.043470 1.620125 0.077785
v -0.036155 1.615958 0.086260
v -0.037146 1.621074 0.091292
v -0.027655 1.613056 0.093791
v -0.028649 1.617651 0.098647
v -0.018355 1.611236 0.098292
v -0.018592 1.615365 0.103358
v -0.007228 1.610294 0.100530
v -0.007283 1.614394 0.105715
v -0.007112 1.626258 0.109470
v -0.017910 1.626725 0.108227
v -0.018426 1.620796 0.106679
v -0.007240 1.619574 0.108408
v -0.026962 1.628444 0.103881
v -0.028278 1.622501 0.101752
v -0.034776 1.632112 0.098258
v -0.036547 1.626346 0.095122
v -0.044122 1.638282 0.090991
v -0.045839 1.632261 0.086760
v -0.050710 1.645738 0.086304
v -0.053655 1.642173 0.080539
v -0.017041 1.607735 0.091020
v -0.007112 1.607038 0.093967
v -0.025540 1.609133 0.086735
v -0.033382 1.611423 0.080291
v -0.039572 1.614501 0.072560
v -0.053013 1.628768 0.067880
v -0.045893 1.618555 0.062986
v -0.053396 1.624817 0.053451
v -0.059948 1.630246 0.041556
v -0.068302 1.641207 0.030280
v -0.076221 1.655769 0.020258
v -0.082447 1.670850 0.013015
v -0.087472 1.686358 0.016554
v -0.025813 1.633838 0.104616
v -0.017284 1.632493 0.108393
v -0.033284 1.636859 0.099807
v -0.041727 1.643189 0.094080
v -0.047603 1.649808 0.090675
v -0.052922 1.665013 0.090578
v -0.051473 1.657181 0.089648
v -0.050760 1.680309 0.094799
v -0.052548 1.672840 0.092497
v -0.059022 1.689216 0.088227
v -0.061275 1.678522 0.084220
v -0.056905 1.675022 0.088538
v -0.055035 1.684230 0.091567
v -0.062734 1.696224 0.084781
v -0.065640 1.684075 0.079653
v -0.015686 1.605129 0.084261
v -0.006938 1.604307 0.085894
v -0.023026 1.606273 0.080093
v -0.029471 1.607792 0.073675
v -0.034130 1.609197 0.065868
v -0.039400 1.610981 0.057007
v -0.045874 1.613617 0.047439
v -0.054438 1.618768 0.036563
v -0.064613 1.630258 0.024154
v -0.074278 1.649188 0.012943
v -0.080823 1.665541 0.005350
v -0.029871 1.600928 0.049066
v -0.025467 1.602257 0.056803
v -0.021605 1.603075 0.063518
v -0.018195 1.603067 0.069088
v -0.013202 1.601688 0.068315
v -0.006485 1.601043 0.067844
v -0.012286 1.598525 0.058243
v -0.006281 1.598258 0.058683
v -0.014879 1.594663 0.052004
v -0.006195 1.593865 0.052208
v -0.016957 1.590680 0.046761
v -0.006157 1.588116 0.046263
v -0.055367 1.655041 0.084832
v -0.059318 1.654298 0.079070
v -0.061687 1.666681 0.080756
v -0.066343 1.670515 0.074868
v -0.063640 1.655814 0.071882
v -0.057238 1.665083 0.085982
v -0.069469 1.660602 0.063476
v -0.071819 1.676353 0.068547
v -0.070365 1.691187 0.075155
v -0.076508 1.682997 0.063462
v -0.074701 1.667794 0.056042
v -0.075083 1.696566 0.070470
v -0.079050 1.701695 0.066173
v -0.080044 1.688870 0.059148
v -0.078921 1.675297 0.051513
v -0.056665 1.639420 0.072072
v -0.081787 1.683010 0.046256
v -0.081929 1.707029 0.061751
v -0.082594 1.695306 0.054151
v -0.084755 1.714303 0.056197
v -0.085636 1.703308 0.046085
v -0.085086 1.693163 0.037688
v -0.089694 1.696369 0.021842
v -0.006974 1.632084 0.109479
v -0.084975 1.683931 -0.010847
v -0.031938 1.687230 0.104714
v -0.025998 1.689757 0.108190
v -0.020054 1.690462 0.112187
v -0.015271 1.690618 0.115089
v -0.010455 1.690131 0.116845
v -0.006272 1.573304 0.038265
v -0.003540 1.776562 0.109665
v -0.006219 1.581730 0.043223
v -0.006106 1.649832 0.094354
v 0.001459 1.883274 0.026428
v -0.006817 1.638245 0.109141
v -0.006061 1.655600 0.097444
v -0.005329 1.725818 0.129376
v -0.006642 1.644583 0.108316
v -0.006515 1.658536 0.115243
v -0.006297 1.665740 0.113655
v -0.002208 1.822806 0.101890
v -0.006418 1.662671 0.115276
v -0.005755 1.692939 0.117272
v -0.005555 1.720978 0.133150
v -0.006204 1.667736 0.112105
v -0.000405 1.667986 -0.084308
v -0.006557 1.654174 0.113162
v -0.006048 1.663143 0.103126
v -0.006135 1.667731 0.109767
v -0.005625 1.674152 0.097660
v -0.005823 1.689474 0.116783
v -0.004368 1.747636 0.114402
v 0.001438 1.715545 -0.108416
v -0.004536 1.743965 0.117160
v -0.000914 1.853044 0.082465
v -0.001730 1.835843 0.096227
v -0.005109 1.730642 0.125822
v 0.003579 1.793043 -0.118407
v 0.003926 1.813457 -0.113698
v -0.002876 1.800874 0.106831
v 0.003495 1.880649 -0.044793
v -0.005743 1.716156 0.135637
v -0.005785 1.699596 0.123681
v 0.000408 1.873462 0.054153
v 0.002555 1.750421 -0.118129
v 0.004005 1.868499 -0.071912
v -0.006252 1.669736 0.115362
v 0.000927 1.878844 0.040911
v -0.006190 1.668024 0.111869
v -0.005930 1.703876 0.132055
v 0.001986 1.730993 -0.114512
v 0.002990 1.767193 -0.119326
v -0.006027 1.681291 0.117077
v -0.005890 1.686137 0.116336
v 0.003788 1.875726 -0.058708
v -0.003333 1.784943 0.109440
v -0.006135 1.678468 0.118455
v -0.003925 1.758591 0.108203
v -0.006227 1.675204 0.118945
v -0.006310 1.565995 0.033690
v 0.004158 1.843009 -0.097689
v -0.006249 1.672294 0.117307
v -0.005973 1.670142 0.106235
v -0.004898 1.735584 0.122671
v -0.005774 1.672130 0.101085
v -0.002591 1.810294 0.104801
v -0.005715 1.696483 0.118778
v -0.005709 1.697526 0.119436
v -0.004053 1.754934 0.109613
v -0.001320 1.845000 0.089743
v -0.003831 1.762132 0.107888
v -0.005723 1.695410 0.118169
v 0.004113 1.831617 -0.105390
v 0.003063 1.886604 -0.025322
v 0.002640 1.887609 -0.010154
v -0.004204 1.751156 0.111669
v -0.004702 1.740230 0.119762
v -0.000734 1.655891 -0.082902
v -0.005918 1.707991 0.134957
v -0.005869 1.711425 0.136080
v -0.000079 1.867021 0.065456
v 0.001016 1.704002 -0.103406
v 0.002053 1.886947 0.009238
v -0.000509 1.860203 0.074554
v 0.000155 1.682606 -0.091484
v 0.000675 1.694824 -0.099261
v -0.005913 1.702314 0.130205
v -0.003746 1.766253 0.108329
v -0.005849 1.700609 0.126662
v 0.004142 1.858940 -0.084286
v -0.005734 1.698604 0.121141
v 0.003865 1.715178 0.112448
v 0.078324 1.681729 0.035273
v 0.077027 1.672673 0.026330
v 0.070415 1.659122 0.032905
v 0.072587 1.669141 0.042564
v 0.062653 1.646708 0.040413
v 0.067045 1.658812 0.048182
v 0.054616 1.636783 0.049491
v 0.060274 1.649300 0.055089
v -0.011454 1.703884 0.129190
v -0.010130 1.702138 0.126343
v 0.048273 1.631081 0.060022
v 0.054325 1.643109 0.063779
v -0.024164 1.749907 0.089916
v -0.016296 1.701220 0.115050
v -0.013911 1.727985 0.121335
v -0.022815 1.750084 0.090844
v 0.032892 1.624576 0.084791
v 0.030716 1.618361 0.079973
v 0.022726 1.614557 0.087998
v 0.023661 1.619628 0.093087
v -0.019080 1.701564 0.113381
v 0.013669 1.612073 0.095010
v 0.014593 1.616623 0.099923
v 0.004044 1.610704 0.098952
v 0.004178 1.614824 0.104029
v -0.013557 1.737114 0.115922
v -0.015766 1.748249 0.101962
v 0.003750 1.626210 0.108864
v 0.004075 1.620261 0.107342
v -0.013538 1.732540 0.118735
v -0.025575 1.704844 0.113886
v -0.023549 1.701608 0.112353
v -0.014497 1.710915 0.131939
v -0.015501 1.714362 0.130779
v 0.013115 1.627490 0.105063
v -0.015696 1.707195 0.129926
v -0.012173 1.705257 0.130387
v 0.014270 1.621488 0.103007
v -0.025857 1.749506 0.089979
v -0.038103 1.751594 0.081785
v -0.013601 1.708553 0.131786
v -0.009953 1.706195 0.132436
v -0.029503 1.750596 0.086830
v -0.025167 1.749670 0.089931
v -0.021218 1.709573 0.124409
v -0.013717 1.746656 0.106611
v 0.021411 1.630775 0.099915
v 0.023089 1.624927 0.096882
v 0.031451 1.636484 0.093219
v 0.033127 1.630382 0.089088
v -0.024271 1.707895 0.119143
v 0.038649 1.643613 0.088938
v 0.041757 1.639904 0.083353
v 0.002997 1.607258 0.091611
v -0.026811 1.749598 0.089671
v -0.027450 1.749775 0.089321
v -0.015020 1.723193 0.124628
v 0.011790 1.608245 0.087837
v 0.020097 1.610152 0.081869
v 0.026871 1.612921 0.074521
v 0.041227 1.626526 0.070660
v -0.032430 1.750842 0.086774
v -0.009603 1.700368 0.120831
v -0.019009 1.708522 0.127148
v -0.017238 1.707742 0.128765
v -0.010319 1.699765 0.118561
v 0.033930 1.616656 0.065341
v 0.042273 1.622539 0.056274
v -0.020424 1.749601 0.093931
v 0.049763 1.627631 0.044793
v -0.013431 1.743899 0.110604
v -0.013331 1.740626 0.113661
v 0.059273 1.638170 0.034043
v 0.068452 1.652323 0.024525
v -0.009567 1.701194 0.123559
v 0.075804 1.667082 0.017684
v 0.081346 1.682340 0.021534
v 0.012182 1.632934 0.105736
v 0.003391 1.632001 0.109002
v 0.020058 1.635590 0.101380
v -0.015690 1.718575 0.128285
v 0.029114 1.641504 0.096169
v 0.035487 1.647832 0.093123
v 0.041519 1.662767 0.093362
v -0.013408 1.700627 0.116826
v 0.039757 1.655011 0.092337
v 0.039842 1.678154 0.097470
v 0.041405 1.670605 0.095266
v 0.048892 1.686647 0.091409
v 0.050866 1.675853 0.087527
v 0.046086 1.672571 0.091574
v -0.005932 1.705694 0.133586
v -0.012825 1.706696 0.131181
v 0.044481 1.681861 0.094500
v 0.053130 1.693466 0.088198
v 0.055752 1.681185 0.083233
v 0.001920 1.604711 0.084781
v -0.040496 1.768074 0.095413
v -0.040703 1.764885 0.093331
v 0.009538 1.605498 0.081055
v 0.016414 1.606699 0.075029
v 0.021586 1.607871 0.067512
v 0.027446 1.609390 0.058980
v 0.034592 1.611701 0.049815
v 0.044016 1.616421 0.039469
v -0.031659 1.771787 0.101628
v -0.009394 1.771415 0.108237
v -0.015800 1.771690 0.106918
v 0.055435 1.627397 0.027696
v -0.041003 1.759313 0.091019
v -0.041118 1.757012 0.089454
v -0.040542 1.762137 0.091350
v -0.041296 1.757386 0.091153
v -0.041300 1.758232 0.091492
v 0.066632 1.645832 0.017098
v -0.040278 1.761210 0.090257
v 0.074385 1.661843 0.009927
v -0.040350 1.760902 0.090072
v 0.017935 1.599790 0.050477
v -0.037823 1.771119 0.098082
v 0.013151 1.601338 0.057944
v 0.008945 1.602347 0.064420
v -0.040558 1.760346 0.090391
v -0.041270 1.756565 0.087392
v 0.005216 1.602510 0.069779
v -0.042184 1.754468 0.082022
v 0.000217 1.601369 0.068711
v -0.003644 1.771317 0.108960
v -0.029759 1.785040 0.105517
v -0.067872 1.784981 0.081703
v -0.000255 1.598239 0.058598
v -0.071798 1.778476 0.078078
v 0.002515 1.594248 0.052518
v -0.063160 1.733791 0.082110
v -0.066391 1.735033 0.079437
v -0.026603 1.777215 0.106605
v 0.004706 1.590165 0.047401
v 0.043822 1.652682 0.087756
v 0.048066 1.651743 0.082237
v 0.050917 1.664002 0.084077
v 0.056090 1.667601 0.078479
v -0.035587 1.809778 0.097458
v -0.038362 1.867066 0.045591
v -0.033902 1.800749 0.100728
v -0.052435 1.791643 0.093540
v 0.052872 1.653042 0.075319
v -0.038962 1.861538 0.055593
v 0.046097 1.662625 0.089029
v 0.059407 1.657535 0.067278
v 0.062200 1.673163 0.072499
v 0.061067 1.688059 0.079031
v 0.067492 1.679570 0.067709
v -0.061840 1.790079 0.086897
v 0.065404 1.664458 0.060174
v -0.072324 1.741421 0.072015
v -0.011094 1.792329 0.107770
v -0.074064 1.748528 0.069480
v 0.066303 1.693201 0.074640
v -0.021073 1.792315 0.106106
v -0.031593 1.879782 -0.024513
v 0.070756 1.698130 0.070592
v 0.071552 1.685261 0.063619
v 0.070235 1.671747 0.055912
v 0.045128 1.636999 0.075075
v -0.020401 1.766856 0.103180
v 0.073768 1.679307 0.050844
v -0.051898 1.734047 0.088274
v -0.055505 1.733738 0.086777
v 0.074142 1.703314 0.066354
v -0.036913 1.879736 -0.011995
v -0.071015 1.738470 0.074282
v -0.039450 1.832886 0.086766
v -0.016127 1.758594 0.100033
v -0.017693 1.762404 0.100562
v -0.039856 1.841397 0.079508
v 0.074693 1.691562 0.058789
v 0.077632 1.710437 0.060985
v 0.078582 1.699399 0.050927
v -0.039749 1.848868 0.071920
v 0.078044 1.689281 0.042499
v 0.083729 1.692241 0.026956
v -0.038348 1.872063 0.033812
v -0.031786 1.737571 0.092572
v 0.080355 1.679991 -0.005974
v 0.020820 1.685975 0.106269
v 0.014813 1.688786 0.109394
v -0.074301 1.771011 0.074497
v -0.075160 1.763072 0.071818
v -0.038188 1.878957 0.003686
v -0.043124 1.734756 0.090738
v -0.074850 1.755578 0.070075
v -0.016374 1.882036 -0.033370
v 0.008684 1.689778 0.113034
v -0.069144 1.736473 0.076801
v 0.003752 1.690165 0.115649
v -0.001177 1.689910 0.117118
v -0.042844 1.792440 0.098855
v -0.047638 1.734228 0.089480
v -0.016137 1.754708 0.099375
v -0.026357 1.740396 0.093657
v -0.022506 1.743907 0.095025
v -0.039363 1.855472 0.064193
v -0.019566 1.747176 0.096682
v -0.017008 1.750801 0.098556
v -0.037341 1.735668 0.091949
v -0.037829 1.821214 0.093484
v -0.038150 1.876098 0.019575
v -0.059454 1.733689 0.084642
v 0.003305 1.883372 -0.036136
v -0.003125 1.792306 0.108337
v -0.018129 1.748949 0.097876
v -0.023399 1.771837 0.104860
v -0.032060 1.792444 0.103354
v -0.006585 1.649673 0.110470
v -0.038660 1.674265 0.101642
v -0.040477 1.671702 0.099868
v -0.040483 1.663942 0.097933
v -0.029868 1.680328 0.108267
v -0.035121 1.677107 0.104361
v -0.028999 1.653985 0.104766
v -0.041270 1.669205 0.098612
v -0.022299 1.651527 0.108156
v -0.041351 1.666528 0.097916
v -0.015065 1.650163 0.109809
v -0.005955 1.683787 0.116652
v -0.017441 1.684456 0.115128
v -0.011699 1.684506 0.116847
v -0.023561 1.683066 0.112086
v -0.038446 1.660902 0.098931
v -0.034998 1.657438 0.100947
v -0.000254 1.703617 0.129520
v -0.001488 1.701931 0.126597
v 0.016919 1.748928 0.091127
v 0.005280 1.700706 0.115686
v 0.003807 1.727565 0.121857
v 0.015529 1.749170 0.091975
v 0.008172 1.700915 0.114185
v 0.004205 1.736692 0.116445
v 0.007759 1.747689 0.102655
v 0.003804 1.732127 0.119246
v 0.014774 1.703885 0.115075
v 0.012690 1.700747 0.113420
v 0.002954 1.710499 0.132453
v 0.004188 1.713893 0.131359
v 0.004091 1.706723 0.130509
v 0.000458 1.704956 0.130759
v 0.018584 1.748447 0.091289
v 0.031379 1.749940 0.083832
v 0.001957 1.708182 0.132244
v -0.001831 1.706002 0.132676
v 0.022458 1.749359 0.088362
v 0.017907 1.748643 0.091200
v 0.010035 1.708829 0.125329
v 0.005367 1.746202 0.107174
v 0.013309 1.707001 0.120250
v 0.019558 1.748493 0.091038
v 0.020224 1.748640 0.090727
v 0.004491 1.722729 0.125203
v 0.025392 1.749466 0.088478
v -0.001774 1.700181 0.121062
v 0.007621 1.707888 0.127933
v 0.005724 1.707195 0.129441
v -0.000955 1.699542 0.118837
v 0.012940 1.748806 0.094915
v 0.004716 1.743467 0.111138
v 0.004280 1.740207 0.114180
v -0.001931 1.701011 0.123785
v 0.004724 1.718089 0.128886
v 0.002268 1.700254 0.117288
v 0.001130 1.706363 0.131592
v 0.033746 1.766305 0.097601
v 0.033924 1.763107 0.095529
v 0.024746 1.770444 0.103290
v 0.002137 1.771141 0.108577
v 0.008616 1.771109 0.107638
v 0.034093 1.757524 0.093232
v 0.034193 1.755216 0.091676
v 0.033749 1.760366 0.093539
v 0.034286 1.755586 0.093381
v 0.034311 1.756431 0.093720
v 0.033506 1.759452 0.092431
v 0.033574 1.759141 0.092250
v 0.031070 1.769478 0.100112
v 0.033736 1.758576 0.092580
v 0.034444 1.754759 0.089625
v 0.035571 1.752614 0.084314
v 0.023254 1.783777 0.107079
v 0.062661 1.781874 0.085548
v 0.066479 1.775184 0.082151
v 0.055498 1.730965 0.085609
v 0.058937 1.732049 0.083133
v 0.019670 1.776113 0.107968
v 0.030720 1.808199 0.099412
v 0.039267 1.865217 0.047877
v 0.028417 1.799264 0.102564
v 0.046887 1.789278 0.096466
v 0.039014 1.859681 0.057889
v 0.056584 1.787259 0.090385
v 0.065595 1.738137 0.076081
v 0.004857 1.791949 0.108241
v 0.067817 1.745149 0.073661
v 0.014905 1.791457 0.107166
v 0.037248 1.878143 -0.022485
v 0.013193 1.766056 0.104170
v 0.043917 1.731765 0.091099
v 0.047588 1.731282 0.089817
v 0.041814 1.877861 -0.009676
v 0.064016 1.735255 0.078263
v 0.036301 1.831082 0.088997
v 0.008724 1.758002 0.100765
v 0.010436 1.761734 0.101391
v 0.037539 1.839554 0.081786
v 0.038235 1.847010 0.074215
v 0.040184 1.870193 0.036124
v 0.023776 1.736247 0.094210
v 0.068828 1.767603 0.078713
v 0.069464 1.759628 0.076078
v 0.042126 1.877043 0.006051
v 0.035056 1.732894 0.093043
v 0.068901 1.752154 0.074311
v 0.022702 1.881105 -0.032219
v 0.061906 1.733353 0.080666
v 0.037048 1.790538 0.101209
v 0.039607 1.732149 0.092053
v 0.008588 1.754120 0.100104
v 0.018434 1.739329 0.094978
v 0.014681 1.743022 0.096121
v 0.038619 1.853614 0.066489
v 0.011807 1.746429 0.097607
v 0.009319 1.750175 0.099332
v 0.029262 1.734082 0.093913
v 0.033733 1.819509 0.095591
v 0.041016 1.874212 0.021906
v 0.051648 1.731043 0.087918
v 0.010388 1.748270 0.098717
v 0.016321 1.770891 0.106030
v 0.026029 1.791060 0.105065
v 0.027085 1.672701 0.103579
v 0.028880 1.670052 0.101912
v 0.028632 1.662298 0.099970
v 0.018217 1.679183 0.109684
v 0.023533 1.675711 0.106090
v 0.016307 1.652908 0.106102
v 0.029627 1.667519 0.100701
v 0.009309 1.650776 0.109087
v 0.029621 1.664840 0.100008
v 0.001933 1.649759 0.110309
v 0.005620 1.683907 0.115807
v -0.000205 1.684232 0.117186
v 0.011835 1.682223 0.113130
v 0.026397 1.659360 0.100842
v 0.022677 1.656066 0.102647
v 0.035980 1.750619 0.078008
v -0.042316 1.752485 0.075701
v 0.033482 1.749826 0.093342
v 0.031552 1.749902 0.092731
v 0.029785 1.749993 0.091782
v 0.028316 1.750092 0.090577
v 0.033531 1.750234 0.093366
v 0.031646 1.750705 0.092778
v 0.029922 1.751158 0.091849
v 0.028489 1.751562 0.090663
v 0.033654 1.750627 0.093391
v 0.031890 1.751472 0.092827
v 0.030275 1.752273 0.091921
v 0.028934 1.752966 0.090753
v 0.033849 1.750985 0.093416
v 0.032273 1.752176 0.092877
v 0.030831 1.753295 0.091993
v 0.029635 1.754255 0.090844
v 0.034108 1.751297 0.093441
v 0.032781 1.752788 0.092926
v 0.031568 1.754185 0.092064
v 0.030564 1.755378 0.090934
v 0.034420 1.751552 0.093465
v 0.033393 1.753287 0.092972
v 0.032458 1.754908 0.092131
v 0.031687 1.756289 0.091018
v 0.034774 1.751737 0.093486
v 0.034089 1.753652 0.093013
v 0.033467 1.755437 0.092191
v 0.032960 1.756957 0.091093
v 0.035158 1.751848 0.093503
v 0.034838 1.753869 0.093048
v 0.034556 1.755752 0.092241
v 0.034332 1.757353 0.091157
v 0.035553 1.751879 0.093517
v 0.035615 1.753929 0.093075
v 0.035684 1.755840 0.092281
v 0.035754 1.757465 0.091207
v 0.035947 1.751830 0.093527
v 0.036389 1.753832 0.093094
v 0.036807 1.755699 0.092308
v 0.037170 1.757285 0.091241
v 0.036325 1.751700 0.093531
v 0.037128 1.753579 0.093103
v 0.037881 1.755332 0.092321
v 0.038523 1.756824 0.091257
v 0.036670 1.751498 0.093531
v 0.037806 1.753182 0.093102
v 0.038865 1.754756 0.092320
v 0.039765 1.756097 0.091256
v 0.036971 1.751229 0.093526
v 0.038396 1.752655 0.093092
v 0.039722 1.753991 0.092305
v 0.040847 1.755133 0.091237
v 0.037216 1.750905 0.093516
v 0.038876 1.752019 0.093072
v 0.040419 1.753067 0.092276
v 0.041725 1.753967 0.091201
v 0.037395 1.750538 0.093501
v 0.039228 1.751297 0.093043
v 0.040929 1.752019 0.092235
v 0.042368 1.752646 0.091149
v 0.037502 1.750140 0.093483
v 0.039437 1.750519 0.093008
v 0.041233 1.750889 0.092183
v 0.042750 1.751222 0.091083
v 0.037532 1.749729 0.093461
v 0.039495 1.749713 0.092966
v 0.041317 1.749719 0.092122
v 0.042858 1.749746 0.091006
v 0.037484 1.749321 0.093438
v 0.039401 1.748910 0.092919
v 0.041181 1.748554 0.092054
v 0.042684 1.748277 0.090921
v 0.037359 1.748928 0.093413
v 0.039158 1.748143 0.092870
v 0.040827 1.747439 0.091983
v 0.042240 1.746873 0.090831
v 0.037165 1.748570 0.093387
v 0.038775 1.747439 0.092820
v 0.040272 1.746417 0.091910
v 0.041539 1.745584 0.090739
v 0.036905 1.748258 0.093362
v 0.038267 1.746827 0.092771
v 0.039535 1.745527 0.091839
v 0.040610 1.744461 0.090650
v 0.036593 1.748003 0.093339
v 0.037654 1.746328 0.092725
v 0.038644 1.744804 0.091772
v 0.039486 1.743549 0.090566
v 0.036239 1.747818 0.093318
v 0.036959 1.745963 0.092684
v 0.037635 1.744275 0.091713
v 0.038214 1.742882 0.090490
v 0.035855 1.747707 0.093300
v 0.036209 1.745746 0.092649
v 0.036546 1.743960 0.091662
v 0.036842 1.742485 0.090427
v 0.035460 1.747676 0.093286
v 0.035432 1.745686 0.092622
v 0.035418 1.743872 0.091623
v 0.035420 1.742373 0.090377
v 0.035066 1.747725 0.093277
v 0.034659 1.745783 0.092603
v 0.034296 1.744013 0.091596
v 0.034004 1.742553 0.090343
v 0.034688 1.747854 0.093272
v 0.033920 1.746036 0.092594
v 0.033222 1.744380 0.091583
v 0.032651 1.743014 0.090326
v 0.034343 1.748056 0.093272
v 0.033241 1.746433 0.092595
v 0.032237 1.744957 0.091584
v 0.031409 1.743742 0.090328
v 0.034042 1.748326 0.093278
v 0.032651 1.746960 0.092605
v 0.031380 1.745722 0.091599
v 0.030327 1.744706 0.090347
v 0.033797 1.748650 0.093288
v 0.032171 1.747596 0.092625
v 0.030683 1.746646 0.091627
v 0.029449 1.745872 0.090383
v 0.035501 1.749767 0.093588
v 0.033618 1.749017 0.093302
v 0.031820 1.748318 0.092654
v 0.030174 1.747693 0.091669
v 0.028806 1.747192 0.090435
v 0.033512 1.749415 0.093321
v 0.031610 1.749096 0.092689
v 0.029870 1.748823 0.091721
v 0.028424 1.748616 0.090501
v 0.026879 1.750181 0.089538
v 0.024663 1.750327 0.087783
v 0.022794 1.750493 0.085519
v 0.021433 1.750664 0.082959
v 0.020632 1.750834 0.080200
v 0.020419 1.750995 0.077349
v 0.020807 1.751143 0.074516
v 0.021776 1.751270 0.071810
v 0.023292 1.751372 0.069334
v 0.025296 1.751446 0.067184
v 0.027711 1.751489 0.065442
v 0.030444 1.751498 0.064175
v 0.033389 1.751473 0.063433
v 0.027087 1.751947 0.089641
v 0.024924 1.752550 0.087912
v 0.023101 1.753108 0.085671
v 0.021774 1.753569 0.083127
v 0.020993 1.753918 0.080378
v 0.020789 1.754140 0.077531
v 0.021168 1.754227 0.074695
v 0.022117 1.754175 0.071979
v 0.023599 1.753988 0.069485
v 0.025557 1.753669 0.067313
v 0.027916 1.753236 0.065543
v 0.030584 1.752701 0.064244
v 0.033462 1.752086 0.063468
v 0.027622 1.753636 0.089749
v 0.025597 1.754680 0.088048
v 0.023894 1.755611 0.085831
v 0.022655 1.756350 0.083304
v 0.021928 1.756871 0.080567
v 0.021741 1.757150 0.077724
v 0.022103 1.757179 0.074884
v 0.022998 1.756956 0.072157
v 0.024392 1.756490 0.069646
v 0.026231 1.755799 0.067449
v 0.028445 1.754907 0.065650
v 0.030950 1.753853 0.064318
v 0.033648 1.752674 0.063506
v 0.028464 1.755185 0.089859
v 0.026658 1.756630 0.088187
v 0.025141 1.757905 0.085994
v 0.024041 1.758899 0.083485
v 0.023400 1.759575 0.080760
v 0.023242 1.759909 0.077920
v 0.023575 1.759884 0.075077
v 0.024384 1.759505 0.072338
v 0.025639 1.758784 0.069809
v 0.027292 1.757750 0.067588
v 0.029279 1.756441 0.065759
v 0.031523 1.754908 0.064393
v 0.033940 1.753212 0.063544
v 0.029581 1.756534 0.089967
v 0.028065 1.758328 0.088322
v 0.026796 1.759902 0.086153
v 0.025880 1.761118 0.083663
v 0.025352 1.761931 0.080948
v 0.025233 1.762311 0.078112
v 0.025527 1.762240 0.075265
v 0.026223 1.761724 0.072515
v 0.027294 1.760781 0.069968
v 0.028699 1.759448 0.067724
v 0.030384 1.757776 0.065866
v 0.032285 1.755828 0.064467
v 0.034329 1.753680 0.063582
v 0.030930 1.757630 0.090068
v 0.029764 1.759710 0.088450
v 0.028794 1.761526 0.086303
v 0.028100 1.762923 0.083829
v 0.027710 1.763847 0.081124
v 0.027636 1.764264 0.078292
v 0.027885 1.764156 0.075441
v 0.028443 1.763528 0.072682
v 0.029292 1.762405 0.070118
v 0.030398 1.760829 0.067851
v 0.031720 1.758860 0.065966
v 0.033205 1.756575 0.064536
v 0.034797 1.754062 0.063617
v 0.032459 1.758431 0.090158
v 0.031691 1.760720 0.088564
v 0.031059 1.762714 0.086437
v 0.030617 1.764243 0.083978
v 0.030381 1.765249 0.081283
v 0.030361 1.765693 0.078454
v 0.030556 1.765558 0.075600
v 0.030960 1.764849 0.072831
v 0.031558 1.763593 0.070252
v 0.032325 1.761839 0.067965
v 0.033234 1.759654 0.066055
v 0.034247 1.757122 0.064597
v 0.035328 1.754340 0.063648
v 0.034110 1.758908 0.090235
v 0.033771 1.761320 0.088661
v 0.033505 1.763420 0.086551
v 0.033335 1.765029 0.084104
v 0.033266 1.766083 0.081417
v 0.033301 1.766542 0.078590
v 0.033441 1.766391 0.075734
v 0.033678 1.765634 0.072957
v 0.034003 1.764300 0.070366
v 0.034405 1.762439 0.068062
v 0.034867 1.760126 0.066131
v 0.035373 1.757448 0.064650
v 0.035902 1.754506 0.063675
v 0.035819 1.759042 0.090295
v 0.035923 1.761489 0.088736
v 0.036036 1.763618 0.086640
v 0.036146 1.765249 0.084203
v 0.036251 1.766315 0.081521
v 0.036345 1.766781 0.078697
v 0.036426 1.766624 0.075838
v 0.036489 1.765854 0.073056
v 0.036534 1.764498 0.070455
v 0.036557 1.762608 0.068137
v 0.036558 1.760258 0.066190
v 0.036538 1.757539 0.064691
v 0.036496 1.754552 0.063696
v 0.037520 1.758827 0.090336
v 0.038065 1.761218 0.088787
v 0.038555 1.763300 0.086700
v 0.038945 1.764895 0.084270
v 0.039222 1.765941 0.081592
v 0.039375 1.766397 0.078769
v 0.039397 1.766250 0.075909
v 0.039288 1.765501 0.073123
v 0.039053 1.764179 0.070515
v 0.038699 1.762337 0.068188
v 0.038242 1.760045 0.066231
v 0.037698 1.757393 0.064718
v 0.037087 1.754478 0.063710
v 0.039148 1.758272 0.090356
v 0.040117 1.760519 0.088812
v 0.040966 1.762478 0.086729
v 0.041624 1.763981 0.084303
v 0.042067 1.764971 0.081627
v 0.042275 1.765409 0.078805
v 0.042242 1.765280 0.075944
v 0.041968 1.764586 0.073155
v 0.041464 1.763357 0.070544
v 0.040751 1.761638 0.068214
v 0.039853 1.759496 0.066250
v 0.038807 1.757013 0.064732
v 0.037653 1.754285 0.063717
v 0.040640 1.757399 0.090354
v 0.041996 1.759418 0.088810
v 0.043176 1.761183 0.086727
v 0.044080 1.762542 0.084300
v 0.044673 1.763443 0.081625
v 0.044933 1.763852 0.078802
v 0.044848 1.763752 0.075941
v 0.044424 1.763148 0.073153
v 0.043675 1.762062 0.070542
v 0.042630 1.760538 0.068212
v 0.041330 1.758632 0.066249
v 0.039824 1.756418 0.064731
v 0.038172 1.753981 0.063716
v 0.041939 1.756239 0.090331
v 0.043632 1.757958 0.088781
v 0.045101 1.759466 0.086693
v 0.046219 1.760634 0.084262
v 0.046943 1.761417 0.081584
v 0.047247 1.761786 0.078761
v 0.047118 1.761726 0.075901
v 0.046562 1.761240 0.073115
v 0.045599 1.760345 0.070508
v 0.044266 1.759077 0.068183
v 0.042616 1.757484 0.066226
v 0.040711 1.755628 0.064715
v 0.038622 1.753578 0.063708
v 0.042995 1.754839 0.090288
v 0.044963 1.756194 0.088727
v 0.046665 1.757392 0.086629
v 0.047957 1.758330 0.084190
v 0.048789 1.758971 0.081508
v 0.049129 1.759292 0.078683
v 0.048964 1.759279 0.075825
v 0.048300 1.758935 0.073043
v 0.047163 1.758271 0.070443
v 0.045597 1.757314 0.068128
v 0.043661 1.756098 0.066183
v 0.041430 1.754672 0.064685
v 0.038990 1.753092 0.063693
v 0.043767 1.753252 0.090225
v 0.045936 1.754195 0.088648
v 0.047809 1.755041 0.086536
v 0.049229 1.755717 0.084088
v 0.050140 1.756199 0.081399
v 0.050506 1.756464 0.078572
v 0.050315 1.756508 0.075716
v 0.049572 1.756323 0.072940
v 0.048307 1.755920 0.070351
v 0.046570 1.755314 0.068049
v 0.044426 1.754527 0.066121
v 0.041957 1.753591 0.064643
v 0.039258 1.752540 0.063671
v 0.044227 1.751539 0.090146
v 0.046514 1.752036 0.088548
v 0.048490 1.752504 0.086419
v 0.049986 1.752897 0.083959
v 0.050942 1.753205 0.081261
v 0.051324 1.753413 0.078432
v 0.051117 1.753513 0.075578
v 0.050329 1.753503 0.072811
v 0.048988 1.753383 0.070234
v 0.047148 1.753155 0.067950
v 0.044880 1.752832 0.066043
v 0.042271 1.752423 0.064589
v 0.039418 1.751945 0.063644
v 0.044356 1.749765 0.090054
v 0.046677 1.749803 0.088432
v 0.048681 1.749877 0.086282
v 0.050197 1.749979 0.083807
v 0.051166 1.750107 0.081100
v 0.051554 1.750254 0.078267
v 0.051341 1.750415 0.075417
v 0.050540 1.750585 0.072659
v 0.049179 1.750756 0.070097
v 0.047310 1.750922 0.067833
v 0.045008 1.751077 0.065952
v 0.042358 1.751214 0.064526
v 0.039463 1.751328 0.063612
v 0.044148 1.748000 0.089951
v 0.046416 1.747580 0.088303
v 0.048374 1.747262 0.086131
v 0.049856 1.747074 0.083639
v 0.050805 1.747023 0.080921
v 0.051184 1.747109 0.078085
v 0.050980 1.747331 0.075238
v 0.050199 1.747680 0.072490
v 0.048872 1.748141 0.069946
v 0.047049 1.748699 0.067704
v 0.044802 1.749329 0.065850
v 0.042217 1.750010 0.064456
v 0.039391 1.750715 0.063576
v 0.043613 1.746310 0.089843
v 0.045742 1.745450 0.088167
v 0.047581 1.744759 0.085970
v 0.048975 1.744293 0.083460
v 0.049871 1.744070 0.080732
v 0.050232 1.744099 0.077892
v 0.050045 1.744379 0.075049
v 0.049318 1.744899 0.072312
v 0.048079 1.745638 0.069785
v 0.046376 1.746570 0.067568
v 0.044273 1.747658 0.065743
v 0.041852 1.748858 0.064382
v 0.039205 1.750127 0.063539
v 0.042772 1.744761 0.089733
v 0.044681 1.743500 0.088028
v 0.046334 1.742465 0.085807
v 0.047589 1.741744 0.083279
v 0.048398 1.741365 0.080540
v 0.048731 1.741340 0.077696
v 0.048573 1.741674 0.074857
v 0.047932 1.742350 0.072131
v 0.046832 1.743345 0.069622
v 0.045315 1.744619 0.067429
v 0.043440 1.746124 0.065634
v 0.041278 1.747803 0.064307
v 0.038913 1.749589 0.063500
v 0.041655 1.743413 0.089625
v 0.043274 1.741802 0.087893
v 0.044679 1.740468 0.085648
v 0.045750 1.739525 0.083102
v 0.046446 1.739009 0.080352
v 0.046740 1.738939 0.077504
v 0.046621 1.739318 0.074668
v 0.046093 1.740131 0.071954
v 0.045177 1.741347 0.069463
v 0.043908 1.742921 0.067294
v 0.042334 1.744789 0.065528
v 0.040517 1.746883 0.064234
v 0.038524 1.749122 0.063463
v 0.040305 1.742317 0.089524
v 0.041575 1.740420 0.087765
v 0.042681 1.738844 0.085498
v 0.043530 1.737721 0.082936
v 0.044089 1.737093 0.080175
v 0.044337 1.736985 0.077324
v 0.044263 1.737402 0.074492
v 0.043873 1.738326 0.071787
v 0.043179 1.739724 0.069313
v 0.042209 1.741539 0.067166
v 0.040999 1.743705 0.065428
v 0.039596 1.746136 0.064165
v 0.038056 1.748740 0.063428
v 0.036435 1.751416 0.063242
v 0.038776 1.741516 0.089434
v 0.039648 1.739410 0.087651
v 0.040416 1.737656 0.085364
v 0.041012 1.736400 0.082786
v 0.041418 1.735691 0.080017
v 0.041613 1.735556 0.077163
v 0.041592 1.736000 0.074333
v 0.041356 1.737006 0.071638
v 0.040914 1.738536 0.069179
v 0.040282 1.740529 0.067052
v 0.039485 1.742911 0.065338
v 0.038554 1.745590 0.064103
v 0.037524 1.748461 0.063396
v 0.037125 1.741038 0.089357
v 0.037568 1.738810 0.087554
v 0.037970 1.736949 0.085250
v 0.038295 1.735615 0.082660
v 0.038533 1.734858 0.079882
v 0.038672 1.734707 0.077026
v 0.038707 1.735166 0.074199
v 0.038639 1.736221 0.071512
v 0.038468 1.737829 0.069065
v 0.038202 1.739929 0.066956
v 0.037852 1.742440 0.065262
v 0.037429 1.745264 0.064051
v 0.036950 1.748296 0.063370
v 0.035416 1.740904 0.089297
v 0.035416 1.738641 0.087479
v 0.035439 1.736751 0.085162
v 0.035484 1.735395 0.082562
v 0.035548 1.734625 0.079778
v 0.035628 1.734468 0.076919
v 0.035722 1.734934 0.074095
v 0.035827 1.736001 0.071413
v 0.035938 1.737631 0.068977
v 0.036050 1.739760 0.066880
v 0.036160 1.742307 0.065203
v 0.036264 1.745174 0.064010
v 0.036356 1.748249 0.063349
v 0.033715 1.741119 0.089257
v 0.033274 1.738912 0.087428
v 0.032920 1.737070 0.085101
v 0.032685 1.735749 0.082495
v 0.032576 1.734999 0.079707
v 0.032598 1.734852 0.076847
v 0.032751 1.735308 0.074024
v 0.033028 1.736354 0.071346
v 0.033418 1.737949 0.068916
v 0.033908 1.740031 0.066829
v 0.034476 1.742520 0.065163
v 0.035104 1.745319 0.063983
v 0.035765 1.748324 0.063335
v 0.032088 1.741675 0.089237
v 0.031223 1.739611 0.087403
v 0.030509 1.737892 0.085072
v 0.030005 1.736663 0.082462
v 0.029731 1.735969 0.079672
v 0.029699 1.735840 0.076811
v 0.029906 1.736278 0.073989
v 0.030349 1.737268 0.071314
v 0.031007 1.738772 0.068887
v 0.031856 1.740730 0.066804
v 0.032866 1.743069 0.065143
v 0.033994 1.745698 0.063969
v 0.035199 1.748517 0.063328
v 0.030595 1.742548 0.089238
v 0.029343 1.740712 0.087405
v 0.028299 1.739187 0.085074
v 0.027549 1.738101 0.082465
v 0.027125 1.737497 0.079675
v 0.027040 1.737397 0.076814
v 0.027300 1.737806 0.073992
v 0.027893 1.738707 0.071316
v 0.028797 1.740066 0.068889
v 0.029977 1.741831 0.066806
v 0.031388 1.743934 0.065144
v 0.032977 1.746293 0.063970
v 0.034680 1.748820 0.063328
v 0.029296 1.743707 0.089261
v 0.027707 1.742172 0.087434
v 0.026374 1.740904 0.085108
v 0.025411 1.740010 0.082502
v 0.024855 1.739523 0.079715
v 0.024726 1.739463 0.076855
v 0.025030 1.739832 0.074032
v 0.025754 1.740615 0.071354
v 0.026872 1.741783 0.068923
v 0.028341 1.743291 0.066835
v 0.030103 1.745081 0.065167
v 0.032091 1.747084 0.063986
v 0.034230 1.749224 0.063337
v 0.028240 1.745107 0.089305
v 0.026376 1.743935 0.087488
v 0.024810 1.742978 0.085173
v 0.023673 1.742314 0.082574
v 0.023009 1.741970 0.079791
v 0.022844 1.741957 0.076933
v 0.023184 1.742278 0.074108
v 0.024016 1.742919 0.071426
v 0.025308 1.743857 0.068988
v 0.027010 1.745055 0.066890
v 0.029057 1.746467 0.065210
v 0.031371 1.748039 0.064015
v 0.033862 1.749709 0.063352
v 0.027468 1.746695 0.089367
v 0.025403 1.745935 0.087567
v 0.023666 1.745329 0.085265
v 0.022401 1.744926 0.082677
v 0.021659 1.744742 0.079900
v 0.021467 1.744785 0.077044
v 0.021833 1.745050 0.074217
v 0.022744 1.745532 0.071529
v 0.024164 1.746208 0.069080
v 0.026037 1.747054 0.066968
v 0.028293 1.748038 0.065272
v 0.030845 1.749120 0.064058
v 0.033594 1.750261 0.063373
v 0.027008 1.748408 0.089446
v 0.024825 1.748094 0.087667
v 0.022985 1.747867 0.085382
v 0.021644 1.747746 0.082807
v 0.020856 1.747736 0.080038
v 0.020649 1.747836 0.077185
v 0.021031 1.748045 0.074355
v 0.021987 1.748352 0.071658
v 0.023483 1.748746 0.069197
v 0.025459 1.749213 0.067068
v 0.027839 1.749733 0.065350
v 0.030531 1.750288 0.064112
v 0.033434 1.750857 0.063401
v -0.044816 1.751691 0.091034
v -0.046746 1.751768 0.090423
v -0.048513 1.751859 0.089473
v -0.049982 1.751958 0.088269
v -0.044769 1.752100 0.091057
v -0.046652 1.752571 0.090470
v -0.048376 1.753024 0.089541
v -0.049808 1.753427 0.088354
v -0.044644 1.752493 0.091082
v -0.046408 1.753338 0.090519
v -0.048023 1.754139 0.089612
v -0.049364 1.754832 0.088444
v -0.044449 1.752851 0.091108
v -0.046025 1.754042 0.090569
v -0.047467 1.755161 0.089685
v -0.048663 1.756120 0.088536
v -0.044190 1.753163 0.091133
v -0.045517 1.754654 0.090618
v -0.046730 1.756051 0.089756
v -0.047734 1.757243 0.088625
v -0.043878 1.753418 0.091156
v -0.044905 1.755153 0.090664
v -0.045840 1.756774 0.089823
v -0.046610 1.758155 0.088710
v -0.043524 1.753603 0.091177
v -0.044209 1.755517 0.090705
v -0.044831 1.757303 0.089883
v -0.045338 1.758823 0.088785
v -0.043140 1.753714 0.091195
v -0.043460 1.755735 0.090740
v -0.043742 1.757618 0.089933
v -0.043966 1.759219 0.088849
v -0.042745 1.753745 0.091209
v -0.042683 1.755795 0.090767
v -0.042614 1.757706 0.089973
v -0.042544 1.759331 0.088899
v -0.042351 1.753695 0.091218
v -0.041909 1.755698 0.090785
v -0.041491 1.757565 0.089999
v -0.041128 1.759151 0.088932
v -0.041973 1.753566 0.091223
v -0.041170 1.755445 0.090794
v -0.040417 1.757198 0.090013
v -0.039775 1.758690 0.088949
v -0.041627 1.753364 0.091223
v -0.040492 1.755048 0.090794
v -0.039433 1.756621 0.090012
v -0.038533 1.757963 0.088948
v -0.041327 1.753095 0.091217
v -0.039902 1.754521 0.090783
v -0.038576 1.755857 0.089996
v -0.037451 1.756999 0.088929
v -0.041081 1.752771 0.091207
v -0.039422 1.753885 0.090763
v -0.037879 1.754933 0.089968
v -0.036573 1.755833 0.088892
v -0.040903 1.752403 0.091193
v -0.039070 1.753163 0.090735
v -0.037369 1.753885 0.089926
v -0.035930 1.754512 0.088840
v -0.040797 1.752005 0.091174
v -0.038861 1.752385 0.090699
v -0.037065 1.752755 0.089874
v -0.035548 1.753088 0.088775
v -0.040766 1.751595 0.091153
v -0.038803 1.751579 0.090657
v -0.036981 1.751585 0.089813
v -0.035440 1.751612 0.088698
v -0.040815 1.751186 0.091129
v -0.038897 1.750776 0.090611
v -0.037117 1.750420 0.089746
v -0.035613 1.750143 0.088613
v -0.040939 1.750794 0.091104
v -0.039140 1.750009 0.090562
v -0.037471 1.749305 0.089675
v -0.036058 1.748738 0.088523
v -0.041133 1.750435 0.091079
v -0.039523 1.749304 0.090512
v -0.038026 1.748283 0.089602
v -0.036759 1.747450 0.088431
v -0.041393 1.750124 0.091054
v -0.040031 1.748692 0.090463
v -0.038763 1.747393 0.089531
v -0.037688 1.746327 0.088342
v -0.041705 1.749869 0.091030
v -0.040644 1.748194 0.090417
v -0.039653 1.746670 0.089464
v -0.038811 1.745415 0.088257
v -0.042059 1.749683 0.091009
v -0.041339 1.747829 0.090375
v -0.040663 1.746141 0.089404
v -0.040084 1.744747 0.088182
v -0.042442 1.749572 0.090992
v -0.042089 1.747612 0.090341
v -0.041752 1.745826 0.089354
v -0.041456 1.744351 0.088118
v -0.042838 1.749542 0.090978
v -0.042866 1.747552 0.090313
v -0.042879 1.745738 0.089314
v -0.042878 1.744239 0.088068
v -0.043232 1.749591 0.090968
v -0.043639 1.747649 0.090295
v -0.044002 1.745879 0.089287
v -0.044294 1.744419 0.088035
v -0.043610 1.749720 0.090964
v -0.044378 1.747902 0.090286
v -0.045076 1.746246 0.089274
v -0.045647 1.744880 0.088018
v -0.043955 1.749922 0.090964
v -0.045057 1.748299 0.090287
v -0.046061 1.746823 0.089275
v -0.046889 1.745608 0.088019
v -0.044255 1.750192 0.090969
v -0.045647 1.748826 0.090297
v -0.046918 1.747587 0.089290
v -0.047971 1.746572 0.088038
v -0.044501 1.750516 0.090979
v -0.046127 1.749462 0.090317
v -0.047614 1.748511 0.089319
v -0.048849 1.747737 0.088075
v -0.042797 1.751633 0.091280
v -0.044680 1.750883 0.090994
v -0.046478 1.750184 0.090345
v -0.048124 1.749559 0.089360
v -0.049492 1.749058 0.088127
v -0.044787 1.751281 0.091012
v -0.046688 1.750961 0.090381
v -0.048428 1.750689 0.089412
v -0.049874 1.750482 0.088192
v -0.051418 1.752047 0.087230
v -0.053635 1.752193 0.085475
v -0.055504 1.752359 0.083211
v -0.056865 1.752530 0.080651
v -0.057666 1.752700 0.077891
v -0.057878 1.752861 0.075041
v -0.057491 1.753008 0.072208
v -0.056522 1.753136 0.069502
v -0.055006 1.753238 0.067026
v -0.053001 1.753312 0.064876
v -0.050587 1.753354 0.063133
v -0.047855 1.753363 0.061866
v -0.044908 1.753339 0.061125
v -0.051211 1.753813 0.087332
v -0.053374 1.754416 0.085603
v -0.055197 1.754974 0.083362
v -0.056524 1.755435 0.080819
v -0.057305 1.755784 0.078070
v -0.057509 1.756006 0.075223
v -0.057130 1.756092 0.072387
v -0.056181 1.756041 0.069670
v -0.054699 1.755853 0.067177
v -0.052740 1.755535 0.065005
v -0.050382 1.755102 0.063235
v -0.047714 1.754567 0.061936
v -0.044836 1.753952 0.061160
v -0.050676 1.755502 0.087441
v -0.052701 1.756545 0.085740
v -0.054404 1.757477 0.083523
v -0.055643 1.758216 0.080996
v -0.056370 1.758736 0.078259
v -0.056556 1.759015 0.075416
v -0.056195 1.759045 0.072576
v -0.055300 1.758821 0.069849
v -0.053906 1.758356 0.067337
v -0.052067 1.757664 0.065141
v -0.049853 1.756773 0.063342
v -0.047348 1.755719 0.062010
v -0.044650 1.754540 0.061198
v -0.049834 1.757051 0.087551
v -0.051640 1.758496 0.085879
v -0.053157 1.759770 0.083686
v -0.054257 1.760765 0.081177
v -0.054898 1.761441 0.078451
v -0.055056 1.761775 0.075612
v -0.054723 1.761750 0.072768
v -0.053914 1.761371 0.070030
v -0.052659 1.760650 0.067501
v -0.051006 1.759615 0.065280
v -0.049019 1.758307 0.063451
v -0.046774 1.756774 0.062085
v -0.044358 1.755078 0.061236
v -0.048717 1.758399 0.087658
v -0.050233 1.760194 0.086014
v -0.051502 1.761768 0.083845
v -0.052418 1.762984 0.081354
v -0.052946 1.763797 0.078639
v -0.053065 1.764176 0.075804
v -0.052771 1.764106 0.072956
v -0.052075 1.763590 0.070207
v -0.051004 1.762647 0.067660
v -0.049599 1.761314 0.065415
v -0.047914 1.759642 0.063557
v -0.046013 1.757694 0.062158
v -0.043969 1.755546 0.061273
v -0.047368 1.759496 0.087760
v -0.048533 1.761576 0.086141
v -0.049504 1.763391 0.083995
v -0.050198 1.764789 0.081521
v -0.050588 1.765713 0.078816
v -0.050662 1.766130 0.075984
v -0.050413 1.766022 0.073133
v -0.049855 1.765394 0.070373
v -0.049006 1.764270 0.067810
v -0.047899 1.762695 0.065543
v -0.046578 1.760726 0.063657
v -0.045092 1.758441 0.062227
v -0.043501 1.755928 0.061309
v -0.045839 1.760297 0.087850
v -0.046607 1.762586 0.086256
v -0.047238 1.764579 0.084129
v -0.047680 1.766109 0.081670
v -0.047917 1.767115 0.078974
v -0.047938 1.767559 0.076145
v -0.047742 1.767424 0.073291
v -0.047337 1.766714 0.070523
v -0.046740 1.765459 0.067944
v -0.045973 1.763705 0.065657
v -0.045064 1.761520 0.063747
v -0.044051 1.758987 0.062289
v -0.042970 1.756206 0.061340
v -0.044188 1.760774 0.087927
v -0.044527 1.763186 0.086352
v -0.044793 1.765286 0.084243
v -0.044963 1.766894 0.081796
v -0.045032 1.767949 0.079109
v -0.044997 1.768408 0.076282
v -0.044857 1.768257 0.073425
v -0.044620 1.767500 0.070649
v -0.044295 1.766165 0.068058
v -0.043893 1.764305 0.065753
v -0.043431 1.761992 0.063823
v -0.042925 1.759314 0.062341
v -0.042396 1.756372 0.061367
v -0.042479 1.760908 0.087987
v -0.042375 1.763355 0.086428
v -0.042262 1.765484 0.084331
v -0.042152 1.767114 0.081895
v -0.042047 1.768181 0.079213
v -0.041953 1.768647 0.076389
v -0.041872 1.768490 0.073530
v -0.041809 1.767720 0.070747
v -0.041764 1.766364 0.068146
v -0.041741 1.764474 0.065829
v -0.041739 1.762124 0.063882
v -0.041760 1.759405 0.062382
v -0.041802 1.756418 0.061387
v -0.040778 1.760693 0.088027
v -0.040233 1.763084 0.086479
v -0.039743 1.765166 0.084392
v -0.039353 1.766761 0.081962
v -0.039076 1.767807 0.079284
v -0.038923 1.768263 0.076461
v -0.038901 1.768115 0.073601
v -0.039010 1.767367 0.070814
v -0.039245 1.766045 0.068206
v -0.039599 1.764203 0.065880
v -0.040056 1.761911 0.063922
v -0.040600 1.759258 0.062410
v -0.041211 1.756344 0.061402
v -0.039150 1.760138 0.088047
v -0.038181 1.762385 0.086504
v -0.037332 1.764344 0.084421
v -0.036673 1.765847 0.081994
v -0.036231 1.766837 0.079319
v -0.036024 1.767275 0.076497
v -0.036056 1.767146 0.073636
v -0.036330 1.766452 0.070847
v -0.036834 1.765223 0.068236
v -0.037547 1.763504 0.065905
v -0.038445 1.761362 0.063942
v -0.039490 1.758879 0.062424
v -0.040645 1.756150 0.061409
v -0.037658 1.759264 0.088046
v -0.036302 1.761284 0.086502
v -0.035121 1.763049 0.084419
v -0.034217 1.764408 0.081992
v -0.033625 1.765309 0.079316
v -0.033365 1.765718 0.076494
v -0.033450 1.765618 0.073633
v -0.033874 1.765014 0.070845
v -0.034623 1.763928 0.068234
v -0.035668 1.762403 0.065903
v -0.036968 1.760497 0.063941
v -0.038474 1.758284 0.062422
v -0.040126 1.755847 0.061408
v -0.036359 1.758105 0.088023
v -0.034666 1.759824 0.086473
v -0.033197 1.761332 0.084385
v -0.032079 1.762500 0.081954
v -0.031355 1.763283 0.079276
v -0.031051 1.763652 0.076453
v -0.031180 1.763592 0.073593
v -0.031736 1.763105 0.070807
v -0.032699 1.762211 0.068200
v -0.034032 1.760943 0.065874
v -0.035682 1.759350 0.063918
v -0.037587 1.757494 0.062407
v -0.039675 1.755444 0.061400
v -0.035303 1.756705 0.087979
v -0.033335 1.758060 0.086418
v -0.031633 1.759258 0.084320
v -0.030341 1.760195 0.081882
v -0.029509 1.760836 0.079200
v -0.029169 1.761158 0.076375
v -0.029334 1.761145 0.073517
v -0.029998 1.760801 0.070735
v -0.031135 1.760137 0.068135
v -0.032701 1.759179 0.065819
v -0.034637 1.757964 0.063875
v -0.036868 1.756538 0.062377
v -0.039308 1.754958 0.061385
v -0.034531 1.755118 0.087917
v -0.032362 1.756061 0.086340
v -0.030489 1.756907 0.084228
v -0.029069 1.757583 0.081779
v -0.028158 1.758065 0.079091
v -0.027792 1.758331 0.076264
v -0.027983 1.758373 0.073408
v -0.028726 1.758188 0.070632
v -0.029990 1.757786 0.068043
v -0.031728 1.757180 0.065741
v -0.033872 1.756393 0.063813
v -0.036341 1.755457 0.062335
v -0.039040 1.754406 0.061363
v -0.034071 1.753404 0.087838
v -0.031783 1.753902 0.086240
v -0.029808 1.754369 0.084111
v -0.028312 1.754763 0.081651
v -0.027356 1.755070 0.078953
v -0.026974 1.755278 0.076123
v -0.027181 1.755379 0.073270
v -0.027969 1.755369 0.070502
v -0.029310 1.755249 0.067926
v -0.031150 1.755021 0.065641
v -0.033418 1.754698 0.063735
v -0.036027 1.754289 0.062281
v -0.038880 1.753810 0.061336
v -0.033942 1.751631 0.087745
v -0.031621 1.751669 0.086124
v -0.029617 1.751743 0.083974
v -0.028101 1.751845 0.081499
v -0.027132 1.751972 0.078791
v -0.026744 1.752120 0.075959
v -0.026957 1.752281 0.073108
v -0.027758 1.752451 0.070350
v -0.029119 1.752622 0.067789
v -0.030987 1.752788 0.065525
v -0.033290 1.752943 0.063643
v -0.035941 1.753080 0.062218
v -0.038835 1.753194 0.061304
v -0.034149 1.749866 0.087643
v -0.031882 1.749446 0.085995
v -0.029924 1.749128 0.083822
v -0.028442 1.748940 0.081330
v -0.027493 1.748888 0.078613
v -0.027114 1.748975 0.075777
v -0.027318 1.749197 0.072930
v -0.028098 1.749546 0.070182
v -0.029426 1.750007 0.067637
v -0.031248 1.750565 0.065396
v -0.033496 1.751195 0.063542
v -0.036081 1.751876 0.062148
v -0.038907 1.752581 0.061268
v -0.034685 1.748176 0.087535
v -0.032556 1.747316 0.085858
v -0.030717 1.746625 0.083662
v -0.029323 1.746159 0.081152
v -0.028427 1.745936 0.078424
v -0.028066 1.745966 0.075584
v -0.028252 1.746244 0.072741
v -0.028979 1.746765 0.070004
v -0.030219 1.747504 0.067477
v -0.031922 1.748435 0.065260
v -0.034025 1.749524 0.063435
v -0.036446 1.750724 0.062074
v -0.039093 1.751993 0.061230
v -0.035526 1.746627 0.087425
v -0.033617 1.745365 0.085720
v -0.031964 1.744331 0.083499
v -0.030709 1.743610 0.080971
v -0.029899 1.743231 0.078231
v -0.029567 1.743206 0.075388
v -0.029725 1.743540 0.072548
v -0.030366 1.744216 0.069823
v -0.031466 1.745210 0.067314
v -0.032983 1.746485 0.065121
v -0.034858 1.747990 0.063326
v -0.037020 1.749669 0.061999
v -0.039385 1.751455 0.061192
v -0.036643 1.745279 0.087317
v -0.035024 1.743667 0.085584
v -0.033619 1.742334 0.083340
v -0.032548 1.741391 0.080794
v -0.031852 1.740875 0.078043
v -0.031558 1.740805 0.075196
v -0.031677 1.741184 0.072360
v -0.032205 1.741997 0.069645
v -0.033120 1.743213 0.067154
v -0.034390 1.744786 0.064985
v -0.035964 1.746655 0.063219
v -0.037781 1.748749 0.061926
v -0.039774 1.750987 0.061155
v -0.037993 1.744183 0.087216
v -0.036723 1.742286 0.085457
v -0.035617 1.740710 0.083190
v -0.034768 1.739587 0.080627
v -0.034209 1.738959 0.077867
v -0.033961 1.738851 0.075016
v -0.034034 1.739267 0.072184
v -0.034425 1.740192 0.069479
v -0.035119 1.741590 0.067005
v -0.036089 1.743405 0.064858
v -0.037299 1.745571 0.063119
v -0.038702 1.748002 0.061857
v -0.040242 1.750606 0.061120
v -0.041863 1.753282 0.060933
v -0.039522 1.743382 0.087126
v -0.038650 1.741276 0.085343
v -0.037882 1.739522 0.083056
v -0.037285 1.738266 0.080478
v -0.036880 1.737557 0.077708
v -0.036686 1.737422 0.074854
v -0.036705 1.737866 0.072025
v -0.036942 1.738872 0.069330
v -0.037384 1.740402 0.066871
v -0.038016 1.742395 0.064744
v -0.038813 1.744777 0.063030
v -0.039744 1.747455 0.061795
v -0.040774 1.750327 0.061088
v -0.041173 1.742904 0.087049
v -0.040730 1.740676 0.085246
v -0.040327 1.738815 0.082942
v -0.040002 1.737481 0.080352
v -0.039765 1.736723 0.077574
v -0.039626 1.736573 0.074718
v -0.039590 1.737032 0.071891
v -0.039659 1.738086 0.069203
v -0.039829 1.739695 0.066757
v -0.040096 1.741795 0.064647
v -0.040446 1.744305 0.062954
v -0.040869 1.747129 0.061743
v -0.041348 1.750161 0.061062
v -0.042882 1.742770 0.086989
v -0.042882 1.740507 0.085171
v -0.042858 1.738617 0.082853
v -0.042814 1.737261 0.080253
v -0.042750 1.736491 0.077470
v -0.042670 1.736334 0.074611
v -0.042575 1.736800 0.071787
v -0.042471 1.737866 0.069105
v -0.042360 1.739496 0.066668
v -0.042248 1.741626 0.064572
v -0.042138 1.744173 0.062895
v -0.042034 1.747039 0.061702
v -0.041942 1.750115 0.061041
v -0.044583 1.742985 0.086948
v -0.045024 1.740778 0.085120
v -0.045378 1.738936 0.082793
v -0.045613 1.737614 0.080186
v -0.045722 1.736865 0.077399
v -0.045700 1.736718 0.074539
v -0.045547 1.737174 0.071715
v -0.045270 1.738220 0.069038
v -0.044880 1.739815 0.066608
v -0.044390 1.741897 0.064521
v -0.043822 1.744386 0.062854
v -0.043194 1.747185 0.061674
v -0.042533 1.750190 0.061027
v -0.046210 1.743541 0.086928
v -0.047075 1.741477 0.085094
v -0.047789 1.739758 0.082764
v -0.048292 1.738528 0.080154
v -0.048567 1.737835 0.077364
v -0.048600 1.737705 0.074503
v -0.048392 1.738144 0.071681
v -0.047949 1.739134 0.069005
v -0.047291 1.740637 0.066578
v -0.046441 1.742596 0.064496
v -0.045432 1.744935 0.062835
v -0.044304 1.747564 0.061661
v -0.043099 1.750383 0.061020
v -0.047703 1.744414 0.086930
v -0.048955 1.742577 0.085096
v -0.049999 1.741053 0.082766
v -0.050748 1.739967 0.080156
v -0.051173 1.739363 0.077366
v -0.051258 1.739263 0.074506
v -0.050998 1.739671 0.071683
v -0.050405 1.740573 0.069008
v -0.049501 1.741932 0.066581
v -0.048321 1.743697 0.064498
v -0.046910 1.745800 0.062836
v -0.045321 1.748159 0.061662
v -0.043618 1.750686 0.061020
v -0.049002 1.745573 0.086953
v -0.050591 1.744038 0.085125
v -0.051924 1.742770 0.082800
v -0.052887 1.741875 0.080194
v -0.053443 1.741389 0.077407
v -0.053572 1.741329 0.074547
v -0.053268 1.741698 0.071724
v -0.052543 1.742481 0.069046
v -0.051426 1.743649 0.066615
v -0.049957 1.745157 0.064526
v -0.048195 1.746947 0.062859
v -0.046207 1.748950 0.061677
v -0.044068 1.751090 0.061028
v -0.050058 1.746973 0.086996
v -0.051922 1.745801 0.085180
v -0.053488 1.744844 0.082864
v -0.054625 1.744180 0.080266
v -0.055289 1.743835 0.077483
v -0.055454 1.743823 0.074624
v -0.055114 1.744144 0.071800
v -0.054282 1.744785 0.069117
v -0.052990 1.745723 0.066679
v -0.051288 1.746920 0.064581
v -0.049240 1.748333 0.062902
v -0.046927 1.749905 0.061707
v -0.044436 1.751575 0.061043
v -0.050830 1.748561 0.087059
v -0.052895 1.747801 0.085259
v -0.054632 1.747195 0.082957
v -0.055897 1.746792 0.080369
v -0.056639 1.746608 0.077592
v -0.056831 1.746650 0.074736
v -0.056464 1.746916 0.071909
v -0.055554 1.747398 0.069220
v -0.054134 1.748074 0.066772
v -0.052261 1.748920 0.064660
v -0.050005 1.749904 0.062964
v -0.047453 1.750986 0.061750
v -0.044704 1.752127 0.061065
v -0.051290 1.750274 0.087138
v -0.053473 1.749960 0.085358
v -0.055313 1.749732 0.083074
v -0.056654 1.749612 0.080498
v -0.057442 1.749601 0.077730
v -0.057648 1.749702 0.074876
v -0.057267 1.749910 0.072047
v -0.056310 1.750218 0.069350
v -0.054815 1.750612 0.066889
v -0.052839 1.751079 0.064760
v -0.050459 1.751599 0.063042
v -0.047767 1.752154 0.061803
v -0.044864 1.752723 0.061092
vn 0.6758 -0.0663 -0.7341
vn 0.2865 0.0732 -0.9553
vn 0.7469 0.0603 -0.6622
vn 0.9151 0.0972 0.3913
vn 0.9819 -0.0601 0.1795
vn 0.8295 -0.0212 0.5582
vn 0.8136 0.0386 -0.5801
vn 0.6722 0.1378 -0.7275
vn 0.7261 -0.0080 -0.6875
vn 0.4408 0.1355 0.8873
vn 0.4672 -0.0746 0.8810
vn 0.5906 0.1804 0.7865
vn 0.9028 -0.0368 0.4285
vn 0.8265 0.1836 -0.5322
vn 0.8596 0.3101 -0.4062
vn -0.5826 0.1283 0.8026
vn 0.4963 0.1242 0.8592
vn 0.0935 0.1777 0.9796
vn 0.8450 -0.0659 0.5307
vn 0.3964 0.1181 0.9104
vn 0.4081 0.2227 0.8854
vn -0.2260 0.0858 -0.9703
vn -0.6337 -0.0348 -0.7728
vn -0.7026 0.0951 -0.7052
vn -0.9926 -0.0133 0.1204
vn -0.9311 0.1412 0.3363
vn -0.8610 0.0189 0.5082
vn 0.3724 -0.6181 0.6922
vn 0.5927 -0.6435 0.4844
vn 0.6946 -0.1050 0.7117
vn -0.4755 -0.3373 -0.8125
vn -0.3737 -0.7230 -0.5811
vn -0.5893 -0.7389 -0.3267
vn 0.5981 0.3482 0.7218
vn 0.7603 -0.2666 0.5924
vn 0.6730 0.4882 0.5557
vn 0.4708 -0.1999 -0.8593
vn 0.0117 -0.1392 -0.9902
vn 0.4512 -0.4910 -0.7452
vn 0.9444 0.0756 0.3199
vn 0.8174 -0.1203 0.5634
vn 0.9314 0.0272 0.3629
vn -0.0155 0.2789 -0.9602
vn -0.0173 0.4358 -0.8999
vn 0.7710 0.1696 0.6138
vn 0.7297 -0.0246 0.6833
vn 0.5965 0.1128 0.7946
vn 0.7707 -0.1830 0.6103
vn 0.9157 -0.2200 0.3364
vn 0.9122 -0.4052 -0.0602
vn 0.8303 -0.0273 0.5566
vn 0.8828 -0.4698 -0.0047
vn 0.6938 0.1690 0.7000
vn 0.8952 -0.2447 0.3726
vn 0.8075 -0.1847 0.5602
vn -0.8225 -0.5646 -0.0691
vn 0.1350 -0.9101 0.3919
vn -0.6463 -0.7246 -0.2393
vn -0.4348 0.1465 -0.8886
vn -0.2112 0.4037 -0.8902
vn -0.4778 0.3002 -0.8256
vn 0.8042 -0.0707 0.5901
vn -0.2262 -0.2732 0.9350
vn -0.2093 -0.4548 0.8656
vn 0.8935 -0.1040 0.4368
vn 0.7590 0.1689 0.6288
vn 0.8206 -0.1972 0.5364
vn -0.0142 -0.5129 -0.8584
vn -0.1169 -0.5557 -0.8231
vn 0.1130 -0.7491 -0.6528
vn -0.3174 -0.7928 0.5203
vn 0.2337 -0.3853 0.8927
vn -0.4056 -0.5371 0.7396
vn 0.6531 -0.3354 0.6789
vn 0.4793 -0.3496 0.8051
vn 0.6020 -0.1392 0.7862
vn 0.9317 0.0869 0.3526
vn 0.7765 -0.0171 0.6299
vn 0.9967 -0.0408 0.0703
vn 0.9424 0.1173 0.3133
vn 0.9777 -0.0252 0.2083
vn -0.6045 -0.2428 0.7587
vn -0.5500 0.0470 0.8338
vn 0.8991 -0.1754 0.4011
vn 0.8721 -0.3365 -0.3552
vn 0.8478 -0.2809 0.4498
vn 0.2038 -0.6942 -0.6904
vn 0.0575 -0.7768 -0.6271
vn 0.0852 -0.5863 -0.8056
vn 0.7895 -0.0814 0.6083
vn 0.4779 -0.1085 0.8717
vn 0.7468 0.0322 0.6643
vn 0.5100 -0.8321 -0.2177
vn -0.0891 -0.6384 -0.7646
vn 0.7062 -0.6767 -0.2080
vn 0.9587 0.1586 0.2362
vn 0.9443 0.1306 0.3022
vn 0.9390 -0.0167 0.3435
vn 0.9400 0.3176 0.1246
vn 0.7952 0.2375 -0.5579
vn 0.1540 -0.0366 -0.9874
vn 0.3725 -0.1617 -0.9138
vn 0.7481 0.2103 0.6294
vn 0.9776 0.1567 0.1407
vn 0.9377 0.3043 0.1675
vn 0.5743 -0.7015 -0.4220
vn 0.1935 -0.2760 -0.9415
vn 0.3119 -0.8289 -0.4643
vn 0.9883 0.1101 0.1059
vn 0.8761 0.0648 0.4777
vn 0.9141 0.1103 0.3902
vn -0.1384 0.9416 0.3069
vn 0.1320 0.9241 0.3586
vn 0.1544 0.8580 0.4899
vn 0.7393 -0.4276 -0.5202
vn 0.4919 0.0439 -0.8695
vn 0.1601 -0.0846 -0.9835
vn 0.9090 -0.3598 -0.2104
vn 0.2626 -0.3335 -0.9055
vn 0.8682 -0.3312 -0.3694
vn 0.8628 0.5056 -0.0069
vn 0.0305 0.6751 -0.7371
vn 0.0686 0.8534 -0.5167
vn 0.7543 -0.4074 -0.5149
vn 0.8536 -0.4015 -0.3320
vn 0.8755 -0.3743 -0.3055
vn 0.8826 -0.2201 0.4153
vn 0.8867 -0.1159 0.4475
vn 0.7009 -0.6914 -0.1753
vn 0.7151 -0.3039 0.6295
vn 0.5558 -0.8287 0.0662
vn 0.1538 0.0421 -0.9872
vn 0.7713 -0.3011 -0.5607
vn 0.7590 -0.0966 -0.6438
vn 0.7148 0.1260 0.6879
vn 0.9450 -0.0792 0.3172
vn 0.8087 -0.0651 0.5846
vn 0.5601 -0.7062 -0.4330
vn 0.2859 -0.9518 -0.1113
vn -0.0682 -0.9683 0.2404
vn -0.7636 -0.6392 -0.0919
vn 0.8021 -0.5498 0.2333
vn 0.3471 -0.4838 0.8034
vn 0.6272 -0.2691 0.7309
vn -0.1263 -0.7268 0.6751
vn -0.1995 -0.5724 0.7954
vn -0.0250 -0.9035 0.4278
vn 0.8815 -0.1585 0.4449
vn 0.8984 -0.1995 0.3912
vn 0.5833 0.0173 0.8121
vn 0.2560 -0.5682 0.7821
vn -0.4125 -0.2743 -0.8686
vn -0.1516 -0.1311 -0.9797
vn -0.4303 -0.1571 -0.8889
vn 0.9415 -0.1643 0.2942
vn 0.9227 -0.3661 0.1209
vn 0.9766 -0.2115 0.0397
vn -0.4811 -0.0967 -0.8713
vn -0.7163 0.0252 -0.6973
vn -0.5669 0.0269 -0.8234
vn -0.0040 -0.0247 -0.9997
vn 0.6186 0.0000 -0.7857
vn 0.0887 0.1167 -0.9892
vn 0.9454 -0.3147 -0.0848
vn 0.6517 -0.5901 0.4764
vn 0.6972 -0.2522 0.6710
vn -0.3962 -0.5846 -0.7080
vn -0.0534 -0.8952 -0.4425
vn -0.2670 -0.6118 -0.7446
vn 0.3036 -0.8582 -0.4139
vn 0.3241 -0.8626 0.3884
vn 0.0324 -0.0853 -0.9958
vn 0.0845 -0.0222 -0.9962
vn -0.2502 -0.6506 -0.7170
vn 0.9628 -0.2703 0.0033
vn 0.8801 -0.2213 0.4201
vn 0.9140 -0.4049 -0.0245
vn -0.4371 0.8810 0.1811
vn -0.0049 0.9298 0.3681
vn 0.8276 -0.3728 0.4197
vn 0.8501 -0.0734 0.5215
vn 0.2493 -0.3557 0.9008
vn 0.5089 -0.5170 0.6883
vn -0.4592 -0.5216 -0.7191
vn -0.6068 -0.2386 -0.7582
vn -0.4738 -0.3122 -0.8234
vn 0.6137 0.0412 0.7885
vn 0.5481 0.3126 0.7758
vn 0.6415 0.3805 0.6661
vn 0.3041 -0.4872 0.8186
vn -0.5962 -0.2251 -0.7707
vn 0.9272 -0.0580 0.3702
vn -0.9253 -0.3017 0.2297
vn -0.9000 -0.2096 0.3822
vn 0.9679 -0.2397 0.0757
vn 0.3654 -0.4048 0.8382
vn 0.8868 -0.4589 0.0547
vn 0.9711 -0.1246 0.2038
vn 0.4395 -0.2390 0.8659
vn 0.9742 -0.1732 0.1446
vn 0.0604 0.7567 0.6510
vn 0.0643 0.2951 0.9533
vn -0.2255 0.0929 0.9698
vn 0.2760 -0.1800 0.9442
vn 0.2103 -0.3653 0.9068
vn -0.9137 -0.4056 -0.0252
vn -0.9378 -0.3347 0.0927
vn 0.7576 -0.1208 0.6415
vn 0.9273 -0.3011 0.2224
vn 0.9373 -0.1744 0.3017
vn -0.1530 -0.1764 0.9724
vn 0.5161 0.0763 0.8531
vn 0.7215 -0.0642 0.6894
vn 0.1301 -0.0353 0.9909
vn 0.7904 -0.4877 0.3706
vn 0.2570 0.3221 0.9111
vn 0.5773 0.0652 0.8139
vn 0.2026 0.5197 0.8300
vn 0.7915 0.2999 -0.5326
vn 0.4926 0.8409 -0.2243
vn 0.8954 0.4335 0.1014
vn 0.5968 -0.1630 -0.7856
vn 0.2016 -0.0052 -0.9795
vn 0.0687 -0.6240 0.7784
vn 0.0867 -0.9860 -0.1427
vn -0.1197 -0.5769 0.8080
vn 0.8165 0.5727 -0.0734
vn 0.1036 0.9073 0.4075
vn 0.2461 0.8510 0.4639
vn 0.5853 -0.6098 0.5344
vn 0.7713 -0.1661 0.6144
vn 0.8526 -0.1526 0.4998
vn 0.1603 -0.1437 -0.9765
vn 0.1452 -0.1687 -0.9749
vn 0.1084 -0.0665 -0.9919
vn 0.5771 0.0086 0.8166
vn 0.6907 -0.1192 0.7132
vn 0.4556 0.2082 0.8655
vn 0.9857 -0.1156 0.1223
vn 0.9936 -0.0965 -0.0595
vn 0.9935 -0.1128 0.0182
vn -0.2901 -0.4567 -0.8410
vn 0.2102 -0.6111 -0.7631
vn 0.8542 -0.1707 0.4912
vn -0.1334 -0.1650 0.9772
vn 0.4672 -0.2353 0.8523
vn 0.3464 -0.5333 -0.7718
vn 0.1945 -0.3174 -0.9281
vn 0.6354 0.1665 -0.7540
vn 0.8029 0.2901 -0.5209
vn 0.4879 0.2519 -0.8358
vn 0.4093 0.5636 0.7175
vn 0.8396 0.2933 0.4572
vn -0.4054 -0.1891 -0.8944
vn 0.3291 -0.4174 -0.8470
vn -0.4201 -0.2140 -0.8819
vn 0.5981 -0.0193 0.8012
vn 0.3634 -0.1671 0.9165
vn 0.7956 -0.1750 -0.5800
vn 0.4020 -0.1594 0.9017
vn -0.6434 0.1410 -0.7524
vn -0.6100 -0.2630 -0.7475
vn -0.5560 -0.2864 -0.7802
vn 0.0581 -0.2898 0.9553
vn -0.1525 -0.2619 0.9530
vn 0.8003 -0.1849 -0.5704
vn 0.1743 -0.0504 -0.9834
vn 0.1748 -0.1693 -0.9699
vn 0.0299 0.8555 0.5170
vn 0.3796 0.5809 0.7201
vn 0.4385 0.5635 0.7002
vn -0.6376 0.3001 -0.7095
vn -0.6502 0.4235 -0.6308
vn 0.9692 0.1142 0.2182
vn -0.2135 0.9530 -0.2151
vn 0.6654 0.5933 -0.4530
vn 0.9027 -0.1563 0.4008
vn 0.8387 -0.0750 0.5394
vn 0.5942 -0.1944 -0.7805
vn 0.6711 -0.1950 -0.7152
vn 0.0466 -0.4934 -0.8686
vn 0.7580 -0.2959 0.5812
vn 0.6686 -0.0367 0.7427
vn 0.5568 0.1649 0.8141
vn 0.8059 -0.2219 0.5489
vn 0.8477 -0.3981 0.3506
vn -0.3705 -0.7930 -0.4836
vn -0.7691 -0.4997 -0.3984
vn -0.5171 -0.5547 -0.6519
vn 0.4488 0.4719 0.7589
vn 0.8937 -0.4278 -0.1352
vn 1.0000 0.0021 -0.0048
vn 0.5701 -0.5396 -0.6195
vn -0.4796 -0.7772 -0.4074
vn 0.2589 -0.9579 0.1239
vn -0.2021 -0.7821 -0.5894
vn -0.9756 -0.0675 0.2090
vn -0.3193 -0.1430 0.9368
vn -0.5031 0.1858 0.8440
vn 0.1546 0.3500 0.9239
vn 0.6367 0.5678 0.5217
vn 0.5589 0.3181 0.7657
vn 0.2218 0.2764 0.9351
vn 0.2372 0.2881 0.9277
vn 0.2404 0.2835 0.9284
vn -0.7754 0.0763 -0.6269
vn -0.6209 0.1685 -0.7656
vn -0.8001 0.1719 -0.5747
vn 0.5066 0.2792 0.8157
vn 0.0516 -0.6294 0.7754
vn 0.8182 -0.1899 0.5427
vn 0.0256 -0.8056 0.5919
vn 0.5611 -0.0398 0.8268
vn 0.1561 -0.2602 0.9529
vn 0.6028 0.0100 0.7978
vn 0.8196 -0.0221 -0.5725
vn 0.9387 -0.0363 0.3429
vn 0.9612 -0.0619 0.2689
vn 0.8813 0.4334 -0.1883
vn 0.0051 0.5372 -0.8434
vn 0.9062 0.0660 0.4177
vn 0.9762 -0.1233 0.1785
vn 0.9093 -0.0775 0.4088
vn 0.9937 -0.0753 -0.0825
vn 0.9873 -0.0888 0.1317
vn 0.2034 -0.4717 -0.8579
vn 0.4481 -0.4409 -0.7777
vn 0.1823 -0.4634 -0.8672
vn 0.4683 0.1601 0.8689
vn 0.6926 0.1741 0.6999
vn 0.6827 0.1120 0.7220
vn 0.2744 -0.5253 -0.8055
vn 0.8960 -0.4388 0.0678
vn 0.2589 -0.3572 -0.8974
vn 0.7564 0.0803 0.6491
vn 0.5214 -0.8514 -0.0569
vn 0.2023 -0.6700 0.7143
vn 0.9314 0.3336 -0.1455
vn 0.9388 0.2936 0.1804
vn 0.3632 -0.0155 0.9316
vn 0.8661 -0.4998 -0.0103
vn 0.4857 -0.3886 -0.7830
vn 0.2379 -0.3609 -0.9018
vn 0.5044 -0.3223 -0.8010
vn 0.8008 -0.0784 0.5938
vn 0.9032 -0.0126 0.4291
vn 0.8861 -0.0747 0.4574
vn 0.9831 -0.0799 0.1644
vn 0.8477 -0.0798 0.5244
vn 0.9320 -0.0625 0.3570
vn 0.5801 0.1387 0.8027
vn 0.5987 0.0094 0.8009
vn 0.6139 -0.0205 0.7891
vn 0.6469 0.0547 0.7606
vn 0.6937 0.0277 0.7197
vn 0.9683 -0.1020 0.2279
vn 0.7994 0.1364 0.5852
vn 0.6819 0.0057 0.7314
vn 0.7348 0.4491 0.5084
vn 0.6485 0.5180 0.5578
vn 0.7234 0.4759 0.5002
vn -0.4272 -0.3638 0.8277
vn -0.9632 -0.2528 0.0913
vn -0.6343 0.2985 0.7131
vn 0.9002 -0.2733 -0.3390
vn 0.9777 -0.1591 -0.1372
vn 0.9493 -0.2194 -0.2253
vn 0.6644 -0.0037 0.7474
vn 0.6260 0.1646 0.7622
vn 0.5167 -0.5768 0.6327
vn 0.6309 -0.3520 0.6915
vn 0.6928 -0.5083 0.5116
vn -0.3759 -0.6579 -0.6525
vn 0.3055 -0.8812 0.3606
vn 0.5187 -0.8216 -0.2366
vn 0.1947 -0.2291 0.9537
vn 0.4528 -0.3280 0.8291
vn 0.2614 -0.4024 0.8773
vn 0.2360 0.3177 0.9183
vn 0.1681 0.4866 0.8573
vn 0.1423 0.3165 0.9379
vn 0.4599 -0.4637 -0.7573
vn 0.2180 -0.4075 -0.8868
vn 0.9526 -0.2871 0.1007
vn 0.8955 0.2620 -0.3597
vn 0.7024 0.2266 -0.6748
vn -0.0110 -0.5261 -0.8504
vn 0.7299 0.2644 0.6303
vn 0.5382 0.2632 0.8007
vn 0.5828 0.4569 0.6720
vn 0.2676 0.4886 0.8305
vn 0.1833 0.6136 0.7680
vn 0.9519 -0.2229 0.2104
vn 0.6838 0.0239 -0.7293
vn 0.4171 0.4566 0.7858
vn 0.3339 0.3562 0.8727
vn 0.2592 0.3535 0.8988
vn 0.9583 -0.0588 0.2797
vn 0.9775 -0.0657 0.2004
vn 0.9698 -0.0248 0.2425
vn -0.8250 -0.3091 -0.4730
vn -0.8355 -0.3745 0.4022
vn -0.7121 -0.6613 -0.2358
vn -0.1738 -0.8267 0.5351
vn 0.1654 -0.8969 0.4101
vn 0.1609 -0.0316 0.9865
vn 0.5893 0.3673 0.7196
vn 0.1906 0.3102 0.9313
vn -0.5001 -0.7532 0.4273
vn -0.5788 -0.7913 -0.1969
vn 0.5213 -0.8458 0.1134
vn 0.3213 -0.8122 0.4869
vn 0.3625 -0.8865 0.2877
vn 0.2257 -0.9127 0.3407
vn 0.9883 0.0593 -0.1404
vn 0.3764 -0.6786 -0.6307
vn 0.4847 -0.4202 -0.7671
vn 0.9297 -0.3421 -0.1369
vn 0.7739 -0.3469 0.5298
vn 0.7121 -0.6961 0.0911
vn -0.1497 -0.8936 -0.4232
vn -0.2247 -0.6607 -0.7162
vn 0.8060 -0.1035 0.5828
vn 0.8270 0.3966 0.3984
vn -0.2992 -0.5424 -0.7850
vn 0.0231 -0.5525 0.8332
vn 0.8316 -0.0852 0.5488
vn 0.6140 0.2658 0.7432
vn 0.7161 0.2525 0.6507
vn 0.4027 -0.0143 0.9152
vn 0.5519 0.2016 0.8091
vn 0.7515 -0.3352 0.5682
vn 0.8612 -0.0666 0.5040
vn 0.8859 0.3638 -0.2879
vn 0.9922 -0.0704 0.1030
vn 0.9865 -0.0792 0.1431
vn 0.9915 -0.1092 0.0706
vn 0.6292 -0.2824 0.7241
vn -0.2308 0.1618 0.9595
vn 0.4307 0.0325 0.9019
vn 0.9528 0.0335 0.3018
vn 0.9705 -0.0030 0.2412
vn 0.9517 0.0720 0.2985
vn -0.2142 0.9745 0.0669
vn 0.0187 0.9285 0.3709
vn -0.2101 0.9456 0.2485
vn 0.1440 0.8784 0.4557
vn -0.0880 0.9050 0.4162
vn 0.9845 -0.0564 0.1658
vn 0.9797 -0.0794 0.1843
vn 0.0206 0.9452 0.3259
vn 0.4366 0.5959 0.6740
vn 0.1092 0.7878 0.6062
vn 0.1931 0.8881 0.4170
vn 0.1586 0.8355 0.5261
vn 0.2532 0.2972 0.9206
vn 0.6731 -0.0432 -0.7383
vn 0.9029 -0.0772 -0.4229
vn 0.1203 0.2563 0.9591
vn -0.0206 0.0083 0.9998
vn 0.1245 -0.0268 0.9919
vn 0.1287 0.8066 0.5769
vn 0.2446 0.1972 0.9494
vn 0.8692 -0.3414 -0.3578
vn 0.8298 -0.2452 0.5014
vn -0.0028 0.4779 0.8784
vn -0.0675 0.1590 0.9850
vn -0.0757 0.2559 0.9637
vn 0.1372 -0.1746 -0.9750
vn 0.8227 -0.2118 -0.5276
vn 0.0016 0.5607 0.8280
vn 0.0661 0.6275 0.7758
vn -0.0145 -0.1153 0.9932
vn 0.6169 -0.0379 0.7862
vn 0.8007 -0.4378 0.4089
vn 0.7612 0.2481 0.5992
vn 0.5578 0.5905 0.5832
vn 0.7735 0.1729 0.6097
vn 0.7746 -0.1281 0.6194
vn 0.8284 -0.1003 0.5511
vn -0.0096 0.5917 0.8061
vn 0.5021 0.5454 0.6711
vn -0.0089 0.6076 0.7942
vn 0.1436 -0.2165 0.9657
vn 0.2644 -0.0340 0.9638
vn 0.8763 0.0353 0.4804
vn -0.4371 -0.2735 -0.8568
vn 0.7351 0.0725 0.6741
vn 0.5567 0.5186 0.6490
vn 0.4931 -0.1027 0.8639
vn 0.3540 -0.2889 0.8895
vn 0.5252 -0.3234 0.7871
vn 0.8183 -0.0090 0.5747
vn 0.8104 -0.1620 0.5631
vn 0.7636 -0.0357 0.6447
vn 0.7855 0.0795 0.6137
vn 0.7355 0.0500 0.6756
vn -0.3931 0.8018 0.4502
vn -0.7043 0.6973 -0.1334
vn -0.4181 0.6967 0.5829
vn 0.7579 -0.2358 0.6082
vn 0.7444 -0.1143 0.6579
vn 0.6995 -0.1256 0.7035
vn 0.6519 -0.0035 0.7583
vn 0.7114 -0.0166 0.7026
vn 0.6056 0.0535 0.7939
vn 0.6909 -0.3398 0.6382
vn 0.5380 -0.4360 0.7215
vn 0.6889 -0.3654 0.6260
vn -0.4853 0.1576 0.8600
vn -0.5212 -0.0510 0.8519
vn -0.3790 -0.1725 0.9092
vn 0.0971 0.9942 0.0468
vn 0.2707 0.9351 0.2288
vn 0.3479 0.5419 0.7650
vn -0.0869 0.9961 -0.0155
vn 0.2133 0.7121 0.6689
vn 0.1852 0.9390 0.2898
vn 0.1355 0.8462 0.5154
vn 0.2009 0.8413 0.5018
vn 0.3155 0.8364 0.4483
vn 0.2738 0.8729 0.4039
vn 0.2709 0.8223 0.5005
vn 0.9126 -0.4009 -0.0802
vn 0.1477 -0.2966 0.9435
vn 0.2932 -0.3116 0.9039
vn 0.2766 -0.3518 0.8943
vn 0.6674 -0.3056 -0.6791
vn 0.5168 -0.2114 -0.8296
vn 0.6706 -0.1931 -0.7163
vn 0.5519 0.2312 0.8012
vn 0.4061 -0.2392 0.8820
vn 0.4422 0.0584 0.8950
vn 0.3257 -0.0296 0.9450
vn 0.3976 0.3701 0.8396
vn -0.4533 -0.8349 0.3122
vn -0.3655 -0.8442 0.3921
vn -0.3555 -0.7319 0.5813
vn -0.4573 -0.7044 0.5429
vn -0.3551 -0.6672 0.6548
vn 0.3583 0.3160 0.8785
vn -0.0041 0.8668 0.4986
vn 0.2223 0.7318 0.6442
vn -0.0034 0.7551 0.6556
vn -0.1652 0.8764 0.4523
vn -0.0295 0.7899 0.6126
vn -0.0184 0.7974 0.6031
vn 0.1382 -0.3804 0.9144
vn -0.0024 -0.7855 0.6189
vn 0.0534 -0.1815 0.9819
vn -0.1307 0.9274 0.3506
vn 0.2136 0.8345 0.5080
vn 0.5008 0.5752 0.6468
vn -0.5957 0.7452 -0.2996
vn 0.0357 0.8785 0.4764
vn -0.0095 0.9899 0.1418
vn -0.6753 0.1490 -0.7224
vn -0.0311 0.8379 0.5450
vn -0.0777 0.7177 0.6920
vn -0.0374 0.7777 0.6275
vn -0.0854 0.8387 0.5378
vn -0.1096 0.2385 0.9650
vn -0.2213 0.5699 0.7914
vn -0.0806 0.4502 0.8893
vn -0.3043 -0.1140 0.9457
vn -0.4008 -0.4377 0.8048
vn -0.3058 -0.4258 0.8516
vn -0.2481 0.2550 0.9346
vn -0.1537 0.5588 0.8150
vn 0.2321 0.4836 0.8440
vn 0.3858 0.2233 0.8951
vn 0.6181 0.0749 0.7825
vn 0.2941 -0.2140 0.9315
vn 0.6595 0.1893 0.7274
vn -0.0379 -0.6075 0.7934
vn 0.2607 -0.5096 0.8200
vn 0.2450 -0.6603 0.7100
vn -0.3902 -0.1347 0.9108
vn -0.3557 -0.5406 0.7624
vn 0.6577 0.0130 0.7531
vn 0.5146 -0.0496 0.8560
vn 0.3464 -0.3667 0.8634
vn 0.4546 -0.1447 0.8788
vn 0.3974 -0.3777 0.8363
vn 0.1768 -0.2140 0.9607
vn -0.1789 -0.1995 0.9634
vn 0.2406 0.2478 0.9385
vn 0.2614 -0.6532 0.7106
vn 0.4433 -0.5590 0.7007
vn 0.2805 -0.7396 0.6118
vn 0.5267 -0.5175 0.6744
vn -0.2779 -0.6278 0.7271
vn 0.5786 -0.0780 0.8118
vn 0.4439 -0.4142 0.7946
vn 0.5311 -0.0128 0.8472
vn 0.3618 -0.6957 0.6206
vn 0.5710 -0.3587 0.7385
vn -0.1697 -0.8347 0.5239
vn 0.0167 -0.6630 0.7484
vn -0.2150 -0.9217 0.3228
vn 0.6911 -0.1987 0.6949
vn 0.3175 -0.5329 0.7844
vn 0.3083 -0.1780 0.9345
vn -0.0623 -0.9074 0.4157
vn 0.4984 -0.3850 0.7767
vn -0.3645 -0.9304 0.0377
vn 0.0148 -0.8049 0.5932
vn -0.4534 -0.8900 0.0482
vn -0.1928 -0.9741 0.1181
vn 0.0179 -0.7366 0.6761
vn 0.8592 0.1271 0.4956
vn 0.9047 0.0377 0.4245
vn 0.8543 0.0899 0.5120
vn 0.4847 -0.1043 0.8684
vn -0.0139 -0.6903 0.7234
vn -0.0639 -0.8020 0.5939
vn 0.0390 -0.6321 0.7739
vn 0.5862 -0.6098 0.5334
vn 0.4365 -0.7492 0.4982
vn 0.3876 -0.7057 0.5930
vn 0.0288 -0.9604 0.2770
vn -0.0105 -0.9200 0.3919
vn -0.1062 -0.9746 0.1974
vn 0.6373 -0.4805 0.6025
vn 0.2080 -0.7825 0.5868
vn 0.2753 -0.6693 0.6901
vn 0.2753 -0.7331 0.6219
vn 0.7115 -0.6934 -0.1138
vn 0.8929 -0.4286 -0.1381
vn 0.2915 0.2569 0.9214
vn 0.2577 0.1933 0.9467
vn 0.3437 0.0928 0.9345
vn 0.3879 0.2093 0.8976
vn -0.6439 0.2146 -0.7344
vn 0.9014 -0.2054 0.3811
vn 0.2862 0.3041 -0.9086
vn 0.5048 0.1026 -0.8571
vn 0.2924 0.1195 -0.9488
vn 0.1569 -0.9224 0.3529
vn 0.1382 -0.9409 0.3091
vn -0.1776 -0.8110 0.5575
vn -0.2395 -0.9430 0.2310
vn -0.0965 -0.8873 0.4510
vn 0.4537 0.4187 -0.7867
vn 0.6105 0.2352 -0.7562
vn 0.4744 0.2642 -0.8397
vn 0.1529 -0.5755 0.8034
vn 0.3347 -0.5774 0.7447
vn 0.3962 -0.8120 0.4286
vn 0.5257 -0.7022 0.4801
vn 0.4306 -0.7934 0.4303
vn 0.5350 -0.4654 0.7051
vn -0.0087 -0.1154 0.9933
vn 0.2742 -0.2390 0.9315
vn -0.2245 -0.0334 0.9739
vn 0.1307 -0.6762 0.7250
vn 0.2699 -0.7902 0.5503
vn -0.1510 -0.1938 0.9693
vn -0.1338 0.0189 0.9908
vn 0.0347 -0.6535 0.7562
vn 0.2429 -0.8953 0.3733
vn 0.0096 0.0145 0.9998
vn 0.0335 -0.7145 0.6988
vn 0.0945 -0.0024 0.9955
vn -0.2243 0.4272 0.8759
vn 0.0856 -0.7489 0.6571
vn -0.0228 -0.9700 0.2421
vn -0.1973 0.4008 0.8947
vn -0.3752 0.2598 0.8898
vn -0.0693 0.4993 0.8636
vn -0.0528 0.4555 0.8887
vn 0.0587 0.5680 0.8209
vn -0.0192 0.3717 0.9281
vn 0.1455 0.4807 0.8647
vn 0.0597 0.7003 0.7114
vn 0.1182 0.7690 0.6282
vn 0.1572 0.8168 0.5552
vn 0.2378 0.8623 0.4471
vn 0.3020 0.7085 0.6379
vn 0.5593 -0.1114 0.8214
vn 0.2922 -0.1314 0.9473
vn 0.2883 0.3777 0.8799
vn 0.4860 0.4082 0.7728
vn 0.4563 -0.2329 0.8588
vn 0.4117 0.7279 0.5484
vn 0.3417 0.7874 0.5131
vn -0.2004 0.1603 0.9665
vn -0.3446 0.2073 0.9156
vn 0.0759 -0.0038 0.9971
vn 0.0547 -0.1298 0.9900
vn -0.0862 0.0404 0.9955
vn -0.7840 0.2220 -0.5797
vn -0.9272 0.0069 0.3745
vn -0.8185 0.3502 -0.4555
vn -0.5395 0.1488 0.8287
vn 0.5396 0.1016 0.8357
vn -0.1425 0.1833 0.9727
vn 0.0706 0.1713 0.9827
vn 0.1208 -0.0460 0.9916
vn -0.8768 -0.0248 0.4802
vn -0.4427 0.1382 0.8859
vn -0.9268 -0.0872 0.3652
vn -0.1106 -0.0903 0.9898
vn -0.3112 0.1768 0.9337
vn 0.0461 0.1785 0.9829
vn 0.1949 0.1367 0.9712
vn -0.0772 0.0336 0.9965
vn -0.4415 -0.5989 0.6681
vn -0.6501 -0.6141 0.4474
vn 0.0079 -0.9701 0.2425
vn -0.0502 0.0077 0.9987
vn 0.0103 -0.1337 0.9910
vn -0.0683 0.2017 0.9771
vn -0.0639 0.1607 0.9849
vn 0.3083 -0.2017 0.9297
vn 0.1705 -0.2476 0.9537
vn 0.1926 -0.1545 0.9690
vn 0.7244 -0.1421 0.6746
vn 0.5734 -0.2262 0.7874
vn 0.5365 0.1777 0.8250
vn 0.3727 -0.7406 -0.5590
vn 0.5059 -0.3607 -0.7835
vn 0.5718 -0.7665 -0.2924
vn 0.4769 0.2957 0.8277
vn 0.5920 0.0968 0.8001
vn -0.8055 -0.2296 0.5463
vn -0.6224 0.3771 0.6859
vn -0.6806 0.5203 0.5158
vn -0.4283 -0.1783 -0.8858
vn 0.0398 -0.1398 -0.9894
vn 0.0616 -0.0262 -0.9978
vn 0.6036 -0.0378 0.7964
vn 0.6613 -0.2853 0.6937
vn -0.8539 -0.0804 0.5142
vn -0.9569 0.1211 0.2639
vn -0.9488 0.0721 0.3077
vn 0.0854 0.2766 -0.9572
vn 0.0910 0.4334 -0.8966
vn -0.7689 0.0109 0.6393
vn -0.7968 0.2069 0.5677
vn -0.6362 0.1421 0.7583
vn -0.8132 -0.1457 0.5634
vn -0.8621 0.0126 0.5065
vn -0.9253 -0.3616 -0.1145
vn -0.9023 -0.4273 -0.0573
vn 0.4907 0.2504 0.8346
vn 0.4533 0.1634 0.8763
vn 0.5339 -0.1645 0.8294
vn 0.3973 -0.2126 0.8927
vn 0.4485 -0.1096 0.8871
vn -0.9262 -0.2018 0.3184
vn -0.7244 0.2035 0.6586
vn -0.8470 -0.1454 0.5113
vn 0.4749 0.1324 0.8700
vn 0.4592 0.0487 0.8870
vn 0.7973 -0.6031 -0.0215
vn -0.2007 -0.9021 0.3819
vn -0.0984 -0.8028 0.5881
vn 0.5018 -0.0553 0.8632
vn 0.4753 -0.3126 0.8224
vn 0.3238 0.0297 0.9457
vn -0.0437 0.0488 0.9979
vn 0.3490 -0.2106 0.9132
vn 0.6218 -0.2532 0.7411
vn 0.2299 -0.4035 0.8856
vn 0.4767 -0.4524 0.7537
vn 0.4926 0.1245 -0.8613
vn 0.2825 0.3919 -0.8756
vn 0.2252 0.2162 -0.9500
vn -0.8400 -0.0314 0.5417
vn 0.1577 -0.2824 0.9463
vn -0.8122 0.0207 0.5830
vn -0.9214 -0.0608 0.3838
vn -0.7856 0.2058 0.5835
vn -0.7015 0.0839 0.7077
vn 0.1384 -0.5618 -0.8156
vn 0.0401 -0.5142 -0.8567
vn -0.1101 -0.7438 -0.6593
vn 0.6803 -0.0763 0.7290
vn 0.5780 0.1521 0.8018
vn 0.2276 0.0975 0.9689
vn 0.6581 -0.0008 0.7529
vn 0.1510 0.2108 0.9658
vn 0.2081 0.1252 0.9701
vn 0.4120 0.3487 0.8418
vn 0.0873 0.0012 0.9962
vn -0.0175 0.0597 0.9981
vn -0.3037 -0.3723 0.8770
vn 0.2482 -0.8063 0.5369
vn 0.3353 -0.5547 0.7615
vn 0.1348 0.1695 0.9763
vn 0.0642 0.1864 0.9804
vn -0.0001 0.2076 0.9782
vn -0.7072 -0.3023 0.6391
vn -0.5420 -0.3254 0.7748
vn -0.7214 -0.4204 0.5503
vn 0.1377 0.3295 0.9340
vn -0.9457 0.1316 0.2972
vn 0.5175 -0.0933 -0.8506
vn 0.6707 -0.0781 -0.7376
vn -0.9884 0.0215 0.1504
vn -0.9861 -0.1651 -0.0185
vn -0.9639 -0.1191 0.2380
vn 0.6612 -0.3729 -0.6510
vn 0.6132 -0.2623 0.7451
vn 0.5153 -0.2089 0.8312
vn 0.6001 -0.2339 0.7650
vn -0.9999 0.0066 0.0113
vn -0.9525 0.1624 0.2576
vn -0.9864 0.1570 0.0476
vn 0.8201 -0.1072 0.5621
vn 0.9221 -0.1505 0.3566
vn 0.8767 -0.0401 0.4793
vn 0.5463 -0.2703 0.7928
vn 0.8649 -0.2517 0.4342
vn -0.9986 0.0511 0.0162
vn -0.5667 0.5116 -0.6459
vn -0.7963 0.4872 -0.3585
vn -0.0239 0.2060 0.9783
vn -0.0166 0.4233 0.9058
vn 0.4400 -0.2675 0.8573
vn 0.6129 -0.0745 0.7866
vn 0.3124 -0.2932 0.9036
vn 0.3097 -0.3777 0.8726
vn 0.1658 -0.1932 0.9670
vn -0.0219 0.2710 0.9623
vn -0.0336 -0.1969 0.9799
vn 0.6324 -0.4609 0.6226
vn 0.4715 -0.4911 0.7325
vn 0.5662 -0.4275 0.7048
vn 0.4947 -0.5519 0.6713
vn 0.4593 -0.5320 0.7114
vn 0.4311 -0.4343 0.7909
vn 0.5236 -0.3341 0.7837
vn 0.6804 -0.3336 0.6526
vn 0.5273 -0.4933 0.6919
vn -0.9284 -0.1318 0.3475
vn -0.8648 -0.2953 -0.4061
vn -0.9296 0.3620 0.0696
vn 0.4978 -0.5411 0.6778
vn -0.0571 -0.7739 -0.6307
vn -0.1952 -0.6845 -0.7024
vn -0.0651 -0.5826 -0.8102
vn 0.5394 -0.2786 0.7946
vn 0.1061 -0.5703 0.8146
vn 0.0402 -0.6311 0.7747
vn 0.0558 -0.6220 0.7810
vn 0.1931 -0.6871 0.7005
vn 0.1918 -0.5958 0.7799
vn 0.0730 -0.5457 0.8348
vn 0.0487 -0.4941 0.8681
vn 0.2960 -0.6541 0.6960
vn 0.7076 0.5000 0.4993
vn -0.8268 -0.0431 0.5608
vn -0.5332 -0.0843 0.8418
vn -0.6532 -0.1093 0.7493
vn -0.7432 0.1919 0.6409
vn -0.8656 -0.0449 0.4988
vn -0.8733 0.0297 0.4863
vn 0.4703 -0.1544 0.8689
vn 0.1744 -0.1109 0.9784
vn 0.4437 0.0078 0.8961
vn -0.0156 -0.0052 0.9999
vn 0.1035 -0.6428 -0.7590
vn -0.5355 -0.8071 -0.2488
vn -0.7243 -0.6426 -0.2502
vn -0.9572 0.0284 0.2879
vn 0.7227 0.1157 -0.6814
vn 0.5391 0.2760 -0.7957
vn 0.6752 0.5412 -0.5011
vn 0.5085 0.7589 -0.4068
vn 0.7005 0.6258 -0.3430
vn -0.0422 -0.2172 0.9752
vn -0.2013 0.0613 0.9776
vn -0.9622 0.2044 0.1797
vn -0.9530 0.1759 0.2465
vn 0.6835 0.5084 0.5238
vn 0.1028 0.4200 0.9017
vn 0.0730 0.5022 0.8617
vn 0.1429 -0.4885 0.8608
vn -0.0692 -0.7601 0.6462
vn -0.7488 0.2745 -0.6033
vn -0.0975 -0.0306 -0.9948
vn -0.7463 0.1425 -0.6502
vn 0.7551 0.3166 0.5740
vn 0.6326 0.3777 0.6761
vn 0.7586 0.3160 0.5698
vn -0.9756 0.2032 0.0834
vn -0.7729 0.2465 0.5847
vn -0.9304 0.3487 0.1127
vn 0.3280 -0.6520 0.6836
vn 0.4683 -0.5327 0.7049
vn 0.3532 -0.6228 0.6982
vn 0.3566 -0.6703 0.6508
vn 0.3957 -0.5446 0.7394
vn 0.3955 -0.5759 0.7155
vn -0.1505 -0.2674 -0.9518
vn -0.5819 -0.6734 -0.4559
vn -0.3227 -0.8140 -0.4829
vn -0.1896 -0.0280 0.9815
vn -0.7632 -0.0288 0.6455
vn -0.3187 -0.3420 0.8840
vn 0.0864 -0.5379 0.8386
vn -0.8989 0.1069 0.4250
vn -0.9293 0.1542 0.3356
vn 0.0444 -0.4955 0.8675
vn -0.2262 0.5298 0.8174
vn -0.0218 0.8800 0.4746
vn 0.0278 -0.5619 0.8268
vn 0.0300 -0.6934 0.7199
vn -0.1084 0.9298 0.3518
vn 0.1650 0.9342 0.3162
vn -0.1415 0.8649 0.4815
vn -0.4372 0.0660 -0.8969
vn -0.7271 -0.3926 -0.5632
vn -0.1058 -0.0781 -0.9913
vn -0.9294 -0.3606 -0.0785
vn -0.9819 0.1856 0.0388
vn -0.9127 -0.1786 0.3674
vn -0.9111 -0.3166 -0.2641
vn -0.2245 -0.3218 -0.9198
vn -0.2980 -0.4025 -0.8656
vn 0.0465 -0.6456 0.7622
vn 0.0867 -0.1820 0.9795
vn -0.3684 -0.8650 0.3406
vn -0.7468 -0.2176 0.6285
vn -0.8358 0.5460 -0.0569
vn 0.0451 0.6747 -0.7367
vn -0.8471 0.4745 -0.2393
vn -0.9730 -0.0172 0.2300
vn -0.7561 0.3272 -0.5668
vn -0.9972 -0.0476 -0.0582
vn 0.6487 0.0931 -0.7553
vn 0.2242 -0.5945 0.7722
vn 0.1076 -0.6074 0.7870
vn 0.0125 -0.7132 0.7008
vn -0.7412 -0.3718 -0.5590
vn -0.8507 -0.3609 -0.3823
vn -0.7444 -0.3849 -0.5457
vn -0.9151 -0.1774 0.3621
vn -0.9161 -0.0731 0.3943
vn -0.8438 -0.0255 0.5360
vn -0.6230 0.0372 0.7813
vn -0.7708 -0.0760 0.6325
vn -0.0145 0.0402 -0.9991
vn 0.3882 -0.6128 0.6883
vn 0.1966 -0.6979 0.6887
vn 0.1087 -0.1472 0.9831
vn -0.0276 0.0748 0.9968
vn 0.1580 0.0482 0.9863
vn -0.7204 -0.6580 -0.2192
vn -0.7649 -0.2688 0.5854
vn -0.8333 -0.4495 0.3219
vn -0.7506 -0.2650 -0.6053
vn -0.0930 0.0482 -0.9945
vn -0.7235 -0.0609 -0.6876
vn 0.1069 0.5768 0.8099
vn -0.0234 0.2245 0.9742
vn 0.1428 0.2632 0.9541
vn -0.9648 -0.0337 0.2608
vn -0.7472 0.1606 0.6449
vn 0.4633 -0.6013 0.6509
vn 0.4846 -0.5931 0.6430
vn 0.4621 -0.6221 0.6321
vn -0.5667 -0.6793 -0.4663
vn -0.4295 -0.4702 -0.7710
vn 0.8218 -0.1252 0.5559
vn 0.9358 -0.1260 0.3292
vn 0.9319 -0.1397 0.3346
vn -0.1586 0.2252 -0.9613
vn 0.0580 0.1124 -0.9920
vn -0.8686 -0.2047 0.4514
vn -0.8621 -0.3002 -0.4082
vn -0.9310 -0.1127 0.3471
vn -0.8488 -0.4944 0.1876
vn -0.9023 -0.3850 0.1939
vn -0.6812 -0.2377 0.6924
vn -0.4164 -0.4653 0.7811
vn 0.4892 0.3467 -0.8003
vn 0.9814 0.0121 -0.1915
vn 0.6277 0.4830 -0.6106
vn -0.2243 -0.2511 0.9416
vn -0.7954 0.2927 -0.5307
vn -0.7659 0.4035 -0.5006
vn -0.8387 0.3045 -0.4515
vn 0.0649 0.8995 0.4320
vn -0.0118 0.5456 0.8380
vn 0.6633 0.1938 0.7228
vn 0.7699 0.0934 0.6313
vn 0.7487 0.1823 0.6374
vn 0.4586 0.4709 0.7536
vn -0.0090 0.6071 0.7946
vn -0.0120 0.5391 0.8422
vn -0.8340 -0.5341 0.1387
vn -0.7008 -0.4419 0.5600
vn 0.6282 -0.4217 -0.6538
vn 0.6410 -0.4401 -0.6288
vn -0.8631 -0.3728 -0.3407
vn -0.9025 -0.3859 -0.1910
vn 0.4352 -0.0810 0.8967
vn 0.3766 0.0715 0.9236
vn 0.4746 0.0679 0.8776
vn 0.8359 0.0920 0.5412
vn -0.7943 -0.4901 0.3590
vn 0.9418 -0.0489 0.3326
vn 0.8758 -0.1145 0.4688
vn -0.5236 -0.1203 -0.8435
vn -0.6632 -0.0590 -0.7461
vn -0.6019 -0.1281 -0.7882
vn -0.6144 -0.0377 -0.7881
vn -0.6346 0.0701 -0.7697
vn -0.3984 -0.1373 -0.9069
vn -0.8869 -0.4577 -0.0627
vn -0.5555 -0.1669 -0.8146
vn 0.4427 -0.2354 0.8652
vn 0.2102 -0.2508 0.9449
vn 0.5175 -0.3742 0.7695
vn 0.6280 -0.5049 0.5922
vn 0.4933 -0.6217 0.6084
vn -0.3237 -0.9372 -0.1296
vn -0.5622 0.0037 0.8270
vn -0.3746 -0.4710 0.7986
vn -0.6564 0.0714 0.7511
vn -0.4179 0.0032 0.9085
vn -0.9690 -0.0811 0.2333
vn -0.4807 0.0542 0.8752
vn 0.6618 0.2272 0.7145
vn 0.5532 0.2420 0.7971
vn 0.4446 0.3253 0.8346
vn -0.2608 -0.8037 -0.5348
vn -0.5044 -0.4392 -0.7434
vn 0.7364 -0.6748 -0.0478
vn -0.9326 0.3386 0.1253
vn -0.8594 0.3040 -0.4111
vn -0.9042 0.3776 -0.1995
vn 0.2863 0.2986 0.9104
vn -0.2651 -0.7160 -0.6458
vn -0.4187 -0.3994 -0.8156
vn -0.0931 -0.6942 -0.7137
vn 0.0287 -0.9751 -0.2201
vn -0.4960 -0.5452 -0.6758
vn -0.8398 -0.5104 0.1852
vn -0.0856 0.2554 -0.9630
vn -0.9344 -0.0336 0.3547
vn -0.8715 -0.0343 0.4893
vn 0.9333 -0.1540 0.3244
vn 0.1239 -0.7106 0.6926
vn -0.0258 -0.9971 0.0715
vn -0.0005 -0.9856 0.1693
vn 0.8322 -0.5198 -0.1930
vn 0.8117 -0.5336 0.2376
vn 0.6962 -0.3786 -0.6099
vn 0.7099 -0.4334 -0.5551
vn 0.3556 -0.3003 -0.8851
vn 0.4444 -0.1577 -0.8818
vn -0.2867 0.7392 0.6094
vn -0.1912 0.8896 0.4148
vn 0.0169 0.3027 0.9529
vn 0.0498 0.0524 0.9974
vn 0.0519 -0.7311 0.6803
vn -0.8887 -0.1293 0.4398
vn -0.9125 -0.1162 0.3922
vn -0.0433 -0.9031 0.4272
vn -0.9284 -0.1562 0.3373
vn -0.6286 0.0463 0.7763
vn -0.3284 -0.5541 0.7649
vn 0.3096 -0.5191 0.7967
vn -0.6861 0.1060 0.7198
vn -0.7887 0.1170 0.6035
vn -0.9445 -0.3218 0.0656
vn -0.8749 -0.1487 0.4609
vn 0.5263 -0.1206 -0.8417
vn 0.7567 -0.0098 -0.6537
vn 0.7024 -0.0914 -0.7059
vn 0.1132 -0.4991 0.8591
vn 0.7978 0.5363 0.2755
vn 0.1001 -0.0946 -0.9905
vn -0.5704 0.0283 -0.8209
vn -0.0248 0.1194 -0.9925
vn -0.9533 -0.0176 0.3015
vn -0.7050 -0.5585 0.4372
vn -0.9526 -0.2702 -0.1395
vn 0.3172 -0.4710 -0.8231
vn -0.1935 -0.6014 -0.7752
vn 0.0366 -0.8972 -0.4401
vn 0.4092 -0.6036 -0.6843
vn 0.2810 -0.6248 -0.7284
vn 0.2333 -0.2304 -0.9447
vn -0.0385 -0.1249 -0.9914
vn -0.0524 -0.2012 -0.9781
vn -0.2862 -0.5084 -0.8122
vn -0.4112 -0.7138 -0.5669
vn 0.9923 -0.0802 0.0948
vn 0.2933 -0.9511 0.0965
vn 0.4218 -0.8753 -0.2364
vn -0.8849 -0.3570 0.2992
vn 0.2179 -0.6014 -0.7687
vn 0.2217 -0.3667 -0.9036
vn 0.5912 -0.4781 -0.6495
vn -0.3862 -0.8457 0.3683
vn -0.3190 -0.8432 -0.4327
vn -0.1063 0.0561 0.9928
vn -0.6476 0.0398 0.7610
vn -0.7006 0.0815 0.7088
vn 0.0221 -0.0850 -0.9961
vn -0.0267 -0.0193 -0.9995
vn 0.7750 0.0805 0.6268
vn 0.0777 -0.2172 -0.9730
vn 0.6722 0.1015 0.7334
vn 0.2606 -0.6627 -0.7021
vn -0.9731 -0.2241 -0.0536
vn -0.9721 -0.1770 0.1538
vn -0.2226 -0.3457 -0.9116
vn -0.9244 -0.3571 -0.1340
vn -0.9183 -0.3956 0.0146
vn 0.1485 0.4821 0.8634
vn -0.5218 0.3969 -0.7551
vn -0.1709 -0.0475 -0.9842
vn 0.9647 -0.1011 0.2433
vn 0.0173 -0.4053 -0.9140
vn -0.6153 -0.7635 0.1959
vn -0.9062 -0.0724 0.4166
vn 0.8039 0.0283 -0.5941
vn 0.6815 0.0388 -0.7308
vn 0.8555 0.0457 0.5158
vn 0.8435 -0.0111 0.5370
vn -0.6836 -0.2512 0.6853
vn -0.6444 0.0105 0.7647
vn 0.3303 -0.5503 -0.7669
vn -0.9902 -0.1157 0.0788
vn -0.9942 -0.0092 0.1075
vn -0.9944 -0.0555 0.0895
vn 0.0332 0.2194 0.9751
vn 0.6386 -0.2677 -0.7215
vn 0.4756 -0.5436 -0.6916
vn 0.5063 -0.3353 -0.7945
vn 0.0277 0.9289 0.3693
vn 0.4675 0.8592 0.2078
vn 0.0466 -0.0751 0.9961
vn 0.3350 0.2135 0.9177
vn 0.8000 0.1340 0.5849
vn 0.6580 0.1458 0.7387
vn -0.6938 0.1771 0.6980
vn -0.9493 -0.0136 0.3142
vn -0.3777 0.2305 0.8968
vn 0.4666 0.2463 0.8495
vn 0.8382 -0.1894 0.5115
vn 0.0013 0.5590 0.8292
vn 0.3175 0.4917 0.8108
vn -0.8819 -0.0321 0.4704
vn -0.5723 -0.4914 0.6565
vn 0.8382 0.2540 -0.4826
vn -0.0192 0.5304 -0.8475
vn 0.5040 0.4073 -0.7617
vn 0.6150 -0.0012 -0.7885
vn -0.9004 0.0776 0.4281
vn 0.1500 -0.8572 -0.4926
vn 0.4795 0.4500 0.7534
vn -0.0107 0.5681 0.8229
vn 0.4947 0.4870 0.7198
vn 0.9954 -0.0956 0.0007
vn 0.8844 -0.2432 0.3983
vn 0.8904 -0.3177 0.3258
vn 0.5855 0.1010 0.8044
vn 0.6605 0.0492 0.7492
vn -0.7395 -0.0710 0.6694
vn -0.8678 -0.3324 0.3694
vn 0.9559 -0.0634 0.2869
vn 0.3338 -0.8880 0.3162
vn -0.0332 -0.9258 0.3764
vn -0.0324 -0.9400 0.3396
vn 0.1209 -0.4150 0.9018
vn -0.0371 -0.4668 0.8836
vn -0.0369 -0.4464 0.8941
vn -0.5771 0.3402 0.7424
vn -0.6603 0.4119 0.6280
vn -0.6936 0.3630 0.6223
vn 0.9076 0.1346 0.3976
vn 0.7637 0.0741 0.6412
vn -0.1485 0.1489 -0.9776
vn -0.2511 -0.5126 -0.8211
vn 0.3087 -0.5227 -0.7947
vn 0.3244 -0.3300 -0.8865
vn -0.0147 -0.3424 -0.9394
vn 0.4732 0.1819 -0.8620
vn 0.8325 0.5223 0.1846
vn 0.5834 0.3706 -0.7227
vn -0.9354 -0.3434 -0.0844
vn 0.8353 0.1300 0.5342
vn 0.5147 -0.0245 0.8570
vn 0.5121 -0.0219 0.8586
vn -0.8700 -0.4629 -0.1699
vn 0.1451 -0.9561 0.2547
vn 0.7432 0.6628 -0.0907
vn 0.4036 0.7828 0.4737
vn 0.4154 0.6770 0.6075
vn 0.6293 -0.2540 -0.7345
vn -0.0123 -0.1354 -0.9907
vn 0.9772 -0.1625 0.1368
vn 0.9773 -0.1410 0.1579
vn 0.9837 -0.1026 0.1479
vn 0.0667 0.1742 0.9824
vn -0.0241 0.1996 0.9796
vn -0.0252 0.1650 0.9860
vn 0.8948 -0.3450 0.2833
vn 0.1364 -0.4629 0.8758
vn -0.9695 -0.2410 0.0446
vn 0.0355 0.3225 -0.9459
vn -0.9810 -0.1933 0.0182
vn -0.4332 -0.3853 0.8148
vn -0.5270 -0.2117 0.8231
vn 0.7494 -0.1996 0.6314
vn 0.7279 -0.1119 0.6765
vn -0.1061 0.2993 0.9482
vn -0.0628 0.7599 0.6470
vn 0.1722 0.0834 0.9815
vn 0.2162 -0.2120 0.9530
vn 0.8701 -0.4271 0.2460
vn -0.9862 -0.0780 0.1459
vn -0.5005 -0.2169 0.8381
vn -0.4615 -0.1392 0.8762
vn 0.0704 -0.0225 -0.9973
vn -0.3371 0.0402 -0.9406
vn 0.5136 -0.7889 -0.3374
vn -0.2046 -0.9478 0.2445
vn 0.5684 0.1624 0.8066
vn 0.5620 0.3075 0.7678
vn -0.3394 -0.1654 0.9260
vn -0.2812 -0.3536 0.8921
vn -0.3258 -0.1449 -0.9343
vn 0.8933 -0.4485 0.0278
vn 0.1249 -0.5800 0.8050
vn 0.7626 0.4300 0.4832
vn 0.7481 0.4717 0.4668
vn -0.7989 -0.0836 0.5956
vn -0.9521 -0.2560 0.1670
vn -0.8852 -0.2395 0.3988
vn -0.8915 -0.0249 0.4523
vn -0.5611 0.1020 0.8215
vn -0.9610 -0.0039 0.2766
vn -0.8182 -0.2449 0.5201
vn -0.9067 -0.0422 0.4196
vn -0.7688 -0.1065 0.6306
vn -0.0967 0.0494 0.9941
vn -0.6205 0.0934 0.7786
vn -0.2946 0.3350 0.8950
vn -0.7433 0.3365 -0.5781
vn -0.4381 0.8629 -0.2518
vn -0.4230 0.4019 -0.8121
vn -0.1437 0.0036 -0.9896
vn -0.5564 -0.1355 -0.8198
vn -0.0004 0.2528 0.9675
vn 0.9414 0.3114 0.1295
vn 0.1067 -0.1140 0.9877
vn -0.1438 -0.6190 0.7721
vn -0.1249 -0.9809 -0.1492
vn -0.7830 0.6103 -0.1201
vn -0.0838 0.9119 0.4018
vn -0.8782 0.4757 0.0492
vn -0.4698 0.4937 0.7318
vn 0.9215 -0.3873 -0.0284
vn -0.6436 -0.5807 0.4985
vn 0.7621 0.0114 0.6474
vn 0.5559 0.4571 0.6943
vn 0.5633 -0.1587 0.8109
vn 0.4442 -0.4940 0.7475
vn -0.6137 0.0304 0.7890
vn -0.1469 0.0648 0.9870
vn -0.1450 -0.1340 0.9803
vn -0.8131 -0.1284 0.5678
vn -0.8868 -0.1112 0.4486
vn -0.0167 0.9136 0.4062
vn -0.6499 0.2589 -0.7146
vn -0.5813 0.1956 -0.7898
vn -0.4524 -0.3445 -0.8226
vn -0.6141 -0.2358 -0.7532
vn -0.6369 -0.1753 -0.7508
vn -0.9882 -0.1265 0.0866
vn -0.3153 -0.8072 0.4990
vn 0.4765 -0.3413 -0.8102
vn 0.1568 -0.0873 -0.9838
vn 0.2900 -0.0259 -0.9567
vn 0.2836 -0.1206 -0.9513
vn 0.0917 0.0592 0.9940
vn 0.5361 0.3863 0.7506
vn 0.4845 0.4576 0.7455
vn 0.9442 -0.2099 0.2538
vn 0.5669 0.0025 0.8238
vn 0.0808 -0.1387 0.9870
vn -0.6169 -0.1309 0.7761
vn 0.2260 -0.0571 -0.9725
vn -0.1092 -0.1371 -0.9845
vn -0.0952 -0.1627 -0.9821
vn -0.1544 -0.3088 -0.9385
vn 0.4637 0.0965 0.8807
vn 0.6822 -0.1452 0.7166
vn 0.6320 0.1455 0.7612
vn -0.4243 -0.1481 0.8933
vn -0.7361 -0.0853 0.6714
vn -0.7938 -0.1627 0.5861
vn -0.9918 -0.0492 -0.1180
vn -0.9956 -0.0685 0.0638
vn -0.9970 -0.0653 -0.0404
vn 0.2128 0.1400 -0.9670
vn 0.8987 -0.1307 0.4187
vn 0.0677 -0.1702 0.9831
vn -0.3254 -0.5172 -0.7916
vn -0.5873 0.2690 0.7634
vn -0.8516 0.0226 0.5237
vn 0.4680 -0.4151 0.7802
vn 0.2558 -0.4797 0.8393
vn -0.4234 0.5836 0.6929
vn -0.4252 0.2741 -0.8626
vn 0.7560 -0.4206 -0.5014
vn 0.4479 -0.2093 -0.8693
vn 0.5110 0.4042 0.7586
vn -0.8793 -0.0351 -0.4750
vn -0.6291 -0.0105 -0.7773
vn 0.9723 -0.1500 0.1793
vn 0.9875 -0.1383 0.0755
vn 0.6725 0.3301 0.6624
vn 0.2083 0.8799 0.4271
vn 0.2715 0.8343 0.4798
vn 0.2852 0.7255 0.6263
vn -0.0925 -0.2739 -0.9573
vn -0.6366 -0.1638 -0.7536
vn 0.2042 0.7016 0.6827
vn 0.1315 -0.1021 -0.9860
vn 0.0523 -0.0687 -0.9963
vn 0.1921 -0.0693 -0.9789
vn -0.7674 -0.1378 -0.6262
vn -0.9607 -0.1293 0.2458
vn -0.7822 0.0689 0.6192
vn -0.9219 0.1784 0.3439
vn 0.2007 0.7588 0.6196
vn 0.0038 0.8367 0.5476
vn -0.0002 0.7728 0.6346
vn 0.5504 0.2353 0.8010
vn 0.4777 0.2199 0.8505
vn 0.4378 0.2275 0.8698
vn 0.6466 0.0743 0.7592
vn 0.4843 0.3784 0.7888
vn 0.6398 -0.2925 -0.7107
vn -0.1026 -0.0808 -0.9914
vn -0.4434 -0.3191 -0.8376
vn 0.3352 0.8151 0.4726
vn 0.4164 0.8862 -0.2033
vn 0.2331 0.6705 0.7044
vn 0.3261 0.7221 0.6101
vn -0.3610 0.9048 -0.2260
vn -0.1277 -0.2857 0.9498
vn 0.0363 0.9126 0.4071
vn 0.4830 0.6157 0.6226
vn 0.3736 0.4556 0.8080
vn -0.1183 -0.0433 -0.9920
vn -0.7734 -0.1474 -0.6166
vn -0.1252 -0.1621 -0.9788
vn 0.0458 0.9832 -0.1765
vn -0.6529 0.5445 -0.5265
vn -0.6375 0.6317 -0.4410
vn -0.0197 0.8564 0.5160
vn -0.3932 0.5993 0.6973
vn -0.0004 0.7762 0.6305
vn 0.4831 -0.3666 -0.7951
vn -0.3103 -0.5350 -0.7858
vn 0.4732 -0.2952 -0.8300
vn 0.8953 -0.1271 0.4270
vn -0.9896 -0.0281 -0.1410
vn -0.9965 -0.0415 0.0732
vn -0.9994 0.0052 0.0331
vn 0.6918 0.2685 -0.6703
vn 0.0702 0.5357 -0.8415
vn -0.9738 0.1606 0.1611
vn -0.6087 0.6240 -0.4901
vn 0.2709 0.9415 -0.2006
vn 0.4603 -0.2351 -0.8560
vn -0.0878 -0.1692 -0.9817
vn 0.6737 -0.1289 0.7277
vn 0.7334 -0.1355 0.6661
vn -0.1968 0.9333 -0.3005
vn 0.0298 0.9983 0.0498
vn -0.1950 0.9499 -0.2442
vn 0.3015 0.7419 0.5988
vn 0.2061 0.8186 0.5361
vn -0.8619 0.3485 -0.3684
vn -0.8914 0.0392 -0.4516
vn -0.8233 0.1625 -0.5438
vn 0.4743 -0.0259 0.8800
vn 0.3544 0.0359 0.9344
vn -0.9724 -0.0396 -0.2301
vn -0.9145 -0.0622 -0.3997
vn 0.6327 0.2276 0.7402
vn 0.5448 0.2619 0.7966
vn 0.5937 0.2319 0.7705
vn 0.5136 -0.2078 0.8325
vn 0.3924 -0.1672 0.9045
vn 0.5126 -0.2401 0.8244
vn 0.3595 0.1183 0.9256
vn 0.2530 0.0608 0.9656
vn 0.2442 0.0619 0.9677
vn 0.5512 -0.3950 0.7349
vn -0.8494 -0.0534 -0.5251
vn -0.8149 0.0224 -0.5792
vn 0.9689 0.0667 0.2381
vn 0.9877 -0.0356 0.1524
vn 0.9270 0.1861 0.3257
vn 0.5660 -0.7915 0.2306
vn -0.5297 -0.7642 -0.3680
vn 0.0358 -0.8393 0.5425
vn 0.2278 -0.4490 0.8640
vn 0.3144 -0.7899 0.5265
vn -0.9022 0.3830 -0.1982
vn -0.8420 -0.1485 0.5187
vn -0.9311 -0.1616 0.3271
vn 0.7075 0.0910 0.7009
vn 0.8432 0.0091 0.5375
vn 0.7121 0.0514 0.7002
vn 0.7952 0.0936 0.5990
vn -0.6075 -0.4385 -0.6623
vn 0.7522 0.3646 0.5489
vn 0.7699 0.3797 0.5129
vn 0.7492 0.4429 0.4925
vn -0.8040 -0.2589 0.5353
vn -0.7120 -0.0039 0.7021
vn -0.3435 -0.9359 0.0781
vn 0.2005 0.6042 0.7712
vn 0.6552 0.5093 0.5579
vn 0.6292 0.4449 0.6374
vn -0.0955 -0.4070 -0.9084
vn 0.1020 0.2092 0.9725
vn 0.2424 0.5767 0.7802
vn 0.6573 0.2300 0.7177
vn 0.2801 0.1171 0.9528
vn 0.6979 -0.4972 0.5154
vn 0.5355 -0.6709 0.5131
vn -0.2590 0.8471 0.4640
vn 0.1900 0.5126 0.8373
vn -0.0373 -0.4713 0.8812
vn -0.0375 -0.5118 0.8583
vn -0.3273 -0.4659 0.8221
vn 0.7891 0.1056 -0.6051
vn 0.6532 -0.4767 0.5883
vn 0.8139 -0.2868 0.5053
vn 0.8387 -0.0739 0.5395
vn 0.7551 -0.3186 0.5730
vn -0.1884 -0.9003 -0.3924
vn -0.0930 -0.8657 -0.4918
vn -0.2155 -0.8458 -0.4880
vn 0.7840 0.1812 0.5937
vn 0.7949 0.1482 0.5884
vn 0.2949 0.9500 -0.1029
vn 0.1990 0.9800 -0.0050
vn 0.2829 0.9591 -0.0038
vn 0.9711 -0.2295 0.0660
vn 0.9871 -0.1150 -0.1110
vn 0.9673 -0.1470 -0.2066
vn 0.8776 0.3640 0.3121
vn -0.0374 -0.4948 0.8682
vn 0.3336 -0.5663 0.7537
vn -0.0376 -0.7113 0.7019
vn 0.2995 0.7992 0.5212
vn 0.2068 0.8772 0.4333
vn -0.1700 -0.1068 0.9796
vn 0.7666 -0.5363 -0.3532
vn 0.3595 -0.8107 -0.4621
vn 0.5276 -0.5796 -0.6210
vn 0.0085 0.8993 0.4373
vn -0.1054 -0.8394 -0.5332
vn -0.2438 -0.8010 -0.5468
vn -0.6385 0.5981 0.4844
vn -0.1920 0.3583 0.9136
vn -0.5872 0.3455 0.7320
vn -0.3502 -0.8315 -0.4312
vn 0.2073 -0.7339 0.6469
vn -0.0027 -0.9901 0.1406
vn 0.6395 -0.2711 0.7194
vn 0.5058 0.1200 0.8543
vn 0.4867 0.1492 0.8607
vn -0.7485 -0.6614 0.0477
vn -0.3703 -0.6608 -0.6528
vn -0.2995 -0.9007 -0.3148
vn 0.5832 -0.1877 0.7903
vn 0.5518 0.1184 0.8255
vn 0.4079 -0.6441 0.6471
vn 0.5052 -0.3741 0.7777
vn 0.5466 -0.3745 0.7490
vn 0.1605 -0.1485 0.9758
vn 0.4788 -0.2947 0.8270
vn 0.9463 -0.0234 0.3225
vn 0.0318 0.9492 -0.3131
vn 0.2859 0.8893 -0.3571
vn 0.0337 0.9131 -0.4063
vn 0.2469 -0.8208 0.5151
vn 0.1776 0.2218 0.9588
vn 0.1211 0.2293 0.9658
vn 0.0938 0.2086 0.9735
vn 0.2260 -0.2592 0.9390
vn 0.9357 -0.3126 0.1636
vn 0.9406 -0.3321 0.0711
vn 0.9044 -0.3895 0.1742
vn -0.0626 -0.0882 -0.9941
vn -0.5218 0.8484 0.0894
vn 0.3753 0.0973 0.9218
vn 0.3357 -0.2336 0.9125
vn 0.5075 0.1719 0.8443
vn 0.5137 0.0296 0.8575
vn -0.0365 -0.3980 0.9167
vn 0.2453 -0.3285 0.9121
vn 0.2819 -0.3081 0.9086
vn 0.1467 -0.1770 0.9732
vn 0.2501 -0.1761 0.9521
vn 0.3784 -0.2964 0.8769
vn 0.3569 -0.2249 0.9067
vn 0.4041 -0.1837 0.8961
vn 0.5334 -0.0480 0.8445
vn 0.5924 0.0379 0.8048
vn 0.5705 -0.1602 0.8055
vn 0.5283 0.2048 0.8240
vn 0.4803 0.1917 0.8559
vn 0.5465 0.0891 0.8327
vn 0.0125 -0.1529 -0.9882
vn 0.0224 0.8191 0.5732
vn 0.5069 -0.1580 0.8474
vn 0.4912 -0.0950 0.8659
vn 0.3486 -0.1912 0.9176
vn 0.4330 -0.0192 0.9012
vn 0.1227 -0.8648 0.4868
vn 0.1561 -0.5900 0.7922
vn 0.3367 -0.6615 0.6701
vn 0.2060 -0.4185 0.8845
vn 0.0379 -0.2056 0.9779
vn 0.2523 -0.8175 0.5177
vn 0.4411 -0.5565 0.7041
vn -0.0779 -0.9969 0.0102
vn -0.2857 -0.9267 -0.2441
vn -0.3089 -0.9198 -0.2421
vn -0.8463 -0.1828 0.5003
vn -0.7864 0.5738 0.2288
vn 0.2398 0.6585 0.7134
vn 0.7404 0.0545 0.6700
vn 0.8866 0.0463 0.4603
vn 0.7788 0.1156 0.6166
vn 0.8755 -0.3421 -0.3413
vn 0.9072 -0.3014 -0.2933
vn -0.9947 0.0897 -0.0507
vn -0.3597 -0.9126 -0.1942
vn -0.8748 -0.0276 -0.4838
vn -0.9071 -0.3387 -0.2500
vn -0.2160 -0.1252 0.9683
vn 0.2989 0.0808 0.9509
vn 0.2121 0.0802 0.9740
vn -0.0526 -0.9606 0.2728
vn -0.1203 -0.7421 0.6594
vn -0.1576 -0.9868 -0.0377
vn -0.1167 -0.1075 0.9873
vn 0.0870 -0.9591 0.2692
vn -0.0168 -0.9936 0.1116
vn 0.1309 -0.9105 0.3922
vn 0.3122 -0.7199 0.6199
vn 0.3247 -0.6012 0.7302
vn 0.4390 -0.5061 0.7423
vn 0.4297 -0.3173 0.8454
vn -0.0707 -0.9971 0.0262
vn -0.5617 -0.6688 -0.4870
vn -0.4268 -0.7105 -0.5595
vn -0.6188 -0.5158 -0.5925
vn 0.2290 -0.8122 0.5366
vn 0.2836 -0.7532 0.5935
vn -0.3754 -0.7822 -0.4972
vn -0.4513 -0.7862 -0.4222
vn -0.6537 -0.6884 -0.3141
vn -0.5181 -0.6987 -0.4934
vn -0.7476 -0.4413 -0.4964
vn -0.8215 -0.2444 -0.5152
vn -0.6086 -0.5307 -0.5899
vn 0.1141 0.1941 0.9743
vn -0.0213 0.2902 0.9567
vn 0.1753 -0.3277 0.9284
vn -0.0372 -0.4638 0.8852
vn -0.0361 -0.3610 0.9319
vn -0.2168 -0.9699 -0.1112
vn 0.1566 -0.9068 0.3915
vn -0.4814 -0.7919 -0.3758
vn 0.6951 0.2412 0.6772
vn 0.4449 0.4117 0.7953
vn 0.2742 0.5721 -0.7730
vn 0.0376 0.7204 -0.6926
vn 0.2821 0.6889 -0.6677
vn 0.4658 0.4724 0.7482
vn -0.0121 0.5354 0.8445
vn 0.5807 -0.1504 0.8001
vn 0.2725 -0.5141 0.8133
vn 0.1568 -0.4981 0.8528
vn 0.3623 -0.4007 0.8415
vn 0.4472 -0.1561 0.8807
vn 0.4999 -0.1650 0.8502
vn -0.7184 0.4674 -0.5152
vn -0.7046 0.2660 -0.6578
vn 0.2812 0.5499 0.7865
vn 0.5004 0.2814 0.8188
vn 0.2811 0.2453 0.9278
vn 0.4472 -0.0452 0.8933
vn 0.5404 -0.0204 0.8412
vn 0.5076 -0.1204 0.8531
vn 0.2658 0.0436 0.9630
vn 0.3049 -0.0576 0.9506
vn 0.4850 0.4862 0.7269
vn 0.5972 0.1102 0.7945
vn 0.4620 0.2070 0.8624
vn -0.0399 0.9596 0.2786
vn 0.0766 0.8374 0.5412
vn 0.4879 0.1251 0.8639
vn 0.3870 -0.3719 0.8437
vn -0.1674 0.9430 -0.2878
vn -0.3414 0.6469 -0.6819
vn -0.1070 0.9519 -0.2872
vn 0.3529 0.9286 0.1145
vn 0.3430 0.9391 -0.0218
vn 0.4816 -0.1479 0.8638
vn 0.4624 0.6589 0.5933
vn 0.2001 0.9637 0.1768
vn 0.2503 0.9317 0.2634
vn 0.4589 -0.1660 0.8728
vn -0.0335 -0.1995 0.9793
vn 0.1228 -0.0463 0.9913
vn 0.3872 -0.3711 0.8440
vn 0.3425 -0.3533 0.8706
vn 0.4293 0.6153 0.6611
vn 0.5254 0.3393 0.7803
vn 0.5759 0.3394 0.7437
vn 0.1075 0.9880 0.1109
vn 0.4996 -0.2268 0.8361
vn 0.3744 -0.0266 0.9269
vn 0.3190 -0.1731 0.9318
vn 0.4784 -0.0985 0.8726
vn 0.5593 -0.1920 0.8064
vn 0.5894 0.0109 0.8078
vn 0.3727 0.3149 0.8729
vn -0.0372 -0.7637 0.6445
vn -0.0377 -0.5480 0.8356
vn 0.9049 -0.2844 0.3167
vn 0.6772 -0.7186 0.1579
vn 0.4849 -0.7928 0.3693
vn 0.3447 -0.8254 0.4471
vn 0.6551 -0.6651 0.3585
vn 0.3500 0.1441 0.9256
vn 0.4963 0.2222 0.8392
vn 0.3905 0.0868 0.9165
vn 0.5775 -0.6535 0.4893
vn 0.5701 -0.6216 0.5372
vn 0.4857 -0.4270 0.7627
vn 0.4446 -0.5860 0.6775
vn 0.6776 -0.4978 0.5413
vn 0.5088 -0.7370 0.4449
vn 0.6756 -0.7053 -0.2148
vn 0.4388 -0.8118 0.3852
vn 0.3281 -0.6644 0.6715
vn 0.3870 -0.3632 0.8475
vn 0.3490 -0.5272 0.7747
vn 0.4365 -0.8996 -0.0144
vn 0.4462 -0.6928 0.5665
vn 0.0453 -0.1004 0.9939
vn -0.0273 0.0881 0.9957
vn -0.0311 -0.0690 0.9971
vn 0.7358 -0.3437 0.5835
vn 0.7427 0.1038 0.6615
vn 0.6216 -0.1149 0.7749
vn 0.5563 0.2320 0.7980
vn 0.4757 -0.0845 0.8755
vn 0.7543 0.3606 0.5486
vn 0.8855 0.2504 0.3915
vn 0.1822 0.8939 0.4095
vn 0.3215 0.5822 0.7468
vn -0.0995 -0.9307 -0.3519
vn -0.0504 0.9614 -0.2706
vn -0.1431 0.7179 -0.6813
vn -0.0308 0.9672 -0.2520
vn 0.2346 0.9200 0.3141
vn -0.1764 0.5373 -0.8247
vn -0.0828 0.4753 -0.8759
vn -0.0701 0.5361 -0.8413
vn -0.0138 0.4951 0.8687
vn 0.3602 -0.3824 0.8509
vn 0.9430 -0.2983 0.1473
vn 0.1028 -0.8333 0.5432
vn 0.0372 0.4719 -0.8809
vn 0.0377 0.5400 -0.8408
vn -0.9036 -0.3849 -0.1880
vn -0.9967 0.0496 -0.0637
vn -0.9344 -0.2409 0.2624
vn -0.5494 0.4008 -0.7331
vn -0.6421 0.2502 -0.7246
vn -0.5008 0.3657 -0.7845
vn -0.0564 0.7229 -0.6887
vn 0.0375 0.7226 -0.6902
vn -0.5502 0.5601 -0.6193
vn -0.3110 -0.9444 0.1070
vn 0.4653 -0.7997 -0.3795
vn 0.1990 -0.7917 -0.5776
vn -0.8294 0.4360 0.3494
vn -0.9744 0.1061 -0.1984
vn -0.8761 0.4057 0.2604
vn 0.9572 -0.1135 0.2661
vn 0.2563 -0.1566 0.9538
vn 0.7917 -0.4132 0.4499
vn -0.3639 0.4342 -0.8240
vn -0.3626 0.4945 -0.7899
vn 0.4163 -0.0871 0.9051
vn 0.1414 -0.4554 0.8790
vn -0.2567 0.4757 -0.8413
vn -0.2525 0.5309 -0.8089
vn 0.7869 0.3617 0.5001
vn 0.8544 0.1931 0.4824
vn 0.8585 0.2557 0.4446
vn 0.8381 0.3165 0.4444
vn 0.9119 0.1427 0.3849
vn 0.8973 0.2102 0.3882
vn 0.5990 -0.1581 0.7850
vn 0.7576 -0.1874 0.6253
vn 0.6835 -0.2905 0.6696
vn 0.6048 0.2689 0.7496
vn -0.2165 0.6140 0.7590
vn 0.4591 0.8822 0.1047
vn 0.4399 0.8968 -0.0464
vn 0.2131 0.9652 -0.1516
vn 0.0314 0.9561 -0.2914
vn 0.0287 0.9829 -0.1818
vn 0.3282 0.9344 -0.1382
vn 0.4925 -0.0541 -0.8686
vn 0.3488 0.9074 0.2343
vn 0.2864 0.9499 0.1251
vn 0.2840 0.9279 0.2416
vn 0.2049 0.9468 0.2482
vn 0.2868 0.8979 0.3340
vn -0.0204 0.3166 0.9483
vn 0.0243 0.9996 -0.0160
vn 0.7830 -0.2805 -0.5552
vn 0.9027 -0.2771 -0.3293
vn 0.5746 0.7925 0.2045
vn 0.4507 0.8637 0.2256
vn 0.1652 -0.8659 -0.4722
vn 0.0854 -0.9031 -0.4209
vn 0.8629 -0.4139 -0.2898
vn 0.3697 -0.4550 0.8101
vn 0.9831 -0.1187 0.1396
vn 0.6552 -0.2737 -0.7041
vn -0.2210 0.6954 -0.6838
vn 0.1588 -0.3541 -0.9216
vn 0.1625 -0.1496 -0.9753
vn -0.1478 0.9829 -0.1095
vn -0.0460 0.9925 -0.1131
vn 0.3826 0.1708 0.9080
vn 0.2694 0.1643 0.9489
vn 0.3553 0.1024 0.9291
vn -0.2353 -0.6520 -0.7208
vn 0.2989 -0.8761 -0.3783
vn -0.1411 -0.8545 -0.4999
vn -0.5790 0.6157 -0.5345
vn 0.5507 0.4273 -0.7170
vn 0.3081 -0.9112 -0.2734
vn 0.0989 -0.9438 -0.3155
vn 0.2918 0.2974 0.9091
vn 0.2567 0.2685 0.9284
vn 0.2437 0.2895 0.9257
vn 0.0361 0.8338 -0.5509
vn 0.2845 0.8098 -0.5131
vn 0.5376 -0.8327 -0.1330
vn 0.3214 -0.9164 -0.2386
vn -0.0120 0.5389 0.8423
vn -0.0316 -0.0970 0.9948
vn 0.3194 -0.3755 0.8701
vn 0.3740 -0.1058 0.9214
vn 0.5936 -0.7771 -0.2092
vn 0.9326 -0.2810 0.2266
vn 0.9466 -0.3126 0.0789
vn 0.9634 -0.2053 0.1721
vn -0.1098 -0.5337 -0.8385
vn 0.7295 -0.0411 0.6827
vn 0.9606 -0.2762 -0.0308
vn 0.9497 -0.3035 0.0770
vn 0.3039 -0.8626 -0.4045
vn 0.9934 -0.0392 0.1077
vn 0.9335 0.2469 -0.2600
vn 0.9116 0.3315 -0.2430
vn -0.3510 -0.0457 0.9353
vn 0.9486 -0.1268 0.2901
vn -0.6310 -0.2492 -0.7347
vn 0.4646 -0.2014 0.8623
vn -0.0053 -0.8582 -0.5133
vn -0.8758 -0.3577 0.3240
vn -0.9262 -0.1818 0.3304
vn 0.2915 -0.8855 0.3619
vn 0.1190 -0.9678 0.2216
vn 0.9546 -0.0897 -0.2840
vn 0.6402 0.2071 0.7397
vn -0.0193 0.9890 -0.1463
vn 0.1692 0.9847 0.0408
vn 0.7775 -0.2517 0.5763
vn 0.0807 0.0122 -0.9967
vn 0.7897 -0.4022 0.4632
vn -0.2774 0.3004 0.9126
vn -0.2630 0.2879 0.9208
vn -0.2809 0.2960 0.9130
vn 0.5231 -0.0629 0.8499
vn 0.6495 0.1243 0.7502
vn 0.5791 -0.2462 0.7772
vn 0.8878 -0.0527 -0.4572
vn 0.9356 -0.0296 -0.3518
vn 0.0752 0.0381 -0.9964
vn -0.9838 -0.0554 0.1706
vn -0.8248 0.1750 0.5377
vn 0.6926 0.1092 -0.7130
vn -0.0059 -0.2198 -0.9755
vn -0.2075 -0.0621 -0.9763
vn -0.1395 0.5203 -0.8425
vn 0.8384 0.4481 -0.3104
vn 0.8555 -0.5039 -0.1192
vn 0.9777 -0.1384 0.1582
vn 0.9954 -0.0095 0.0948
vn 0.9968 0.0713 0.0355
vn 0.9515 0.2107 -0.2242
vn 0.9634 0.2664 -0.0312
vn 0.9276 -0.0034 -0.3736
vn 0.9861 0.0345 -0.1624
vn 0.6917 0.6001 -0.4018
vn 0.8773 0.2639 -0.4009
vn 0.7079 0.5122 -0.4864
vn 0.9961 0.0189 -0.0865
vn -0.7345 0.5212 -0.4346
vn -0.6642 0.4325 -0.6098
vn -0.3176 -0.3158 -0.8941
vn 0.2177 -0.4215 -0.8803
vn -0.1548 -0.3952 -0.9055
vn 0.8234 0.3845 0.4173
vn 0.8963 0.2862 0.3387
vn 0.7182 0.5504 0.4258
vn 0.8081 0.4784 0.3437
vn 0.9803 -0.0251 0.1960
vn 0.9803 0.0973 0.1721
vn 0.4888 0.3802 -0.7852
vn 0.5149 -0.4058 0.7551
vn 0.4956 -0.3214 0.8069
vn 0.0916 0.7912 0.6047
vn 0.4965 -0.3476 0.7954
vn -0.7846 0.0160 -0.6198
vn -0.9578 0.0087 0.2872
vn 0.7124 0.1574 0.6838
vn 0.9949 -0.0424 0.0919
vn 0.2966 0.8540 0.4275
vn 0.2030 0.9199 0.3355
vn 0.9431 0.3090 0.1228
vn 0.9622 0.1231 0.2429
vn 0.9034 0.3592 0.2342
vn 0.8169 0.5572 0.1486
vn 0.8495 0.5256 0.0464
vn 0.7144 0.6940 0.0898
vn 0.7291 0.6838 -0.0271
vn 0.8590 0.5001 -0.1097
vn 0.7100 0.6786 -0.1882
vn 0.0944 0.5278 -0.8441
vn -0.4384 0.4295 -0.7895
vn -0.3368 0.2506 0.9076
vn 0.6795 0.6356 0.3666
vn 0.7666 0.5884 0.2572
vn 0.6420 0.7068 0.2973
vn 0.6824 0.7040 0.1969
vn 0.9451 0.1506 0.2901
vn 0.9039 -0.4264 0.0343
vn 0.8945 -0.4455 0.0368
vn -0.5397 0.3041 0.7850
vn -0.8503 0.3333 0.4074
vn -0.6102 -0.0117 0.7922
vn 0.9088 0.0610 0.4128
vn 0.9781 -0.0861 0.1897
vn 0.9841 -0.0084 0.1772
vn 0.9394 0.0480 0.3395
vn 0.9677 0.0323 0.2499
vn 0.9377 0.0427 0.3449
vn 0.6471 0.7156 -0.2630
vn 0.5555 0.8227 0.1210
vn 0.9499 -0.0271 0.3113
vn 0.9287 -0.0123 0.3707
vn 0.1818 0.1520 0.9715
vn -0.8568 -0.1501 0.4933
vn -0.1270 -0.6252 0.7700
vn 0.6820 -0.1605 0.7135
vn -0.6630 -0.0077 0.7485
vn -0.8434 -0.3986 0.3603
vn 0.9295 0.3393 -0.1445
vn 0.3113 0.3098 0.8984
vn -0.1489 0.2148 0.9652
vn -0.0234 0.5595 0.8285
vn -0.1759 0.4898 0.8539
vn -0.9251 0.1099 0.3635
vn 0.8159 -0.0682 -0.5742
vn 0.7994 0.0036 -0.6008
vn 0.8283 -0.1200 0.5472
vn 0.6664 -0.0149 -0.7454
vn -0.0233 0.2252 0.9740
vn 0.7191 0.4196 0.5539
vn 0.9189 -0.0583 0.3901
vn -0.9897 -0.0764 0.1209
vn 0.5508 -0.7086 0.4410
vn 0.3298 -0.5848 0.7411
vn -0.8258 0.1725 0.5369
vn 0.5165 -0.0189 -0.8561
vn -0.1748 -0.4627 -0.8691
vn -0.4220 -0.4202 -0.8033
vn -0.4360 -0.4424 -0.7837
vn -0.4951 0.2306 0.8377
vn -0.0223 0.6192 -0.7849
vn -0.5586 0.3892 -0.7325
vn 0.6815 0.2160 0.6992
vn 0.7087 0.2025 0.6758
vn 0.2768 0.4595 -0.8439
vn 0.3977 0.8966 -0.1946
vn 0.2601 0.9311 -0.2558
vn 0.8522 0.4398 -0.2836
vn -0.8728 -0.3327 -0.3571
vn 0.5997 0.7955 0.0868
vn -0.8340 -0.3627 0.4157
vn -0.0631 -0.9730 -0.2219
vn 0.7741 0.1072 -0.6240
vn 0.5782 0.3761 -0.7241
vn 0.7242 0.2624 -0.6377
vn 0.4643 0.5386 -0.7031
vn 0.6389 0.4403 -0.6308
vn -0.5106 0.1832 0.8401
vn -0.7234 0.2078 0.6584
vn 0.0125 0.9415 0.3367
vn 0.8075 -0.1687 -0.5652
vn 0.7835 -0.2977 -0.5455
vn -0.0114 0.5529 0.8332
vn 0.4702 0.5096 0.7205
vn 0.9365 -0.1608 -0.3118
vn 0.5856 0.8074 -0.0719
vn 0.6646 -0.0520 0.7454
vn 0.5659 0.0946 0.8190
vn 0.6300 0.1568 0.7606
vn 0.6818 0.4133 0.6036
vn 0.7493 0.1884 0.6348
vn 0.6092 0.2747 0.7439
vn 0.7365 0.2848 0.6135
vn 0.5856 0.2237 0.7792
vn 0.7927 0.1517 0.5905
vn 0.8771 0.2721 0.3958
vn 0.8656 0.2059 0.4565
vn 0.5014 0.0219 0.8649
vn 0.5920 -0.6871 0.4212
vn 0.8814 -0.3546 0.3121
vn 0.8008 -0.2014 0.5641
vn 0.3896 0.0309 0.9205
vn 0.6322 0.0026 0.7748
vn 0.5859 -0.0736 0.8070
vn 0.8195 -0.0173 0.5728
vn 0.4436 0.1925 0.8753
vn 0.6696 0.1167 0.7335
vn 0.4630 0.0637 0.8840
vn 0.9291 0.2121 0.3031
vn 0.8843 0.3616 0.2955
vn 0.6289 0.1836 0.7555
vn 0.4242 0.2785 0.8617
vn 0.8874 -0.2939 0.3550
vn 0.8922 -0.0838 0.4438
vn 0.1368 -0.0800 -0.9874
vn 0.7813 -0.1482 -0.6064
vn 0.6278 0.3953 0.6705
vn 0.2896 -0.8777 0.3818
vn 0.9029 0.3253 0.2811
vn -0.8125 0.2594 -0.5221
vn -0.5867 0.4409 -0.6792
vn 0.1295 -0.4123 -0.9018
vn 0.0539 -0.3441 -0.9374
vn 0.5678 0.3485 0.7457
vn 0.7059 0.3298 0.6269
vn 0.4962 0.6461 -0.5800
vn 0.2105 0.0635 0.9755
vn 0.2880 0.0455 0.9566
vn 0.0446 -0.5811 0.8126
vn -0.5571 -0.8257 -0.0888
vn 0.3101 0.1863 0.9323
vn 0.2986 0.2509 0.9208
vn 0.3215 0.2832 0.9036
vn 0.2750 0.0236 0.9612
vn 0.7903 0.3076 0.5299
vn 0.0796 0.9661 0.2456
vn 0.6454 -0.2658 -0.7161
vn 0.6709 -0.2063 -0.7123
vn 0.1130 -0.5768 0.8090
vn -0.9831 -0.1831 0.0082
vn -0.9832 -0.0682 -0.1691
vn -0.9873 -0.1327 0.0869
vn -0.9938 -0.0329 0.1062
vn -0.8800 -0.0386 0.4734
vn -0.9585 -0.0808 0.2733
vn 0.4934 0.0107 0.8697
vn 0.6256 -0.0236 0.7798
vn 0.5270 0.0541 0.8481
vn -0.7886 0.1045 -0.6060
vn -0.7653 0.0656 -0.6403
vn -0.3325 -0.4955 0.8025
vn -0.5323 -0.3913 0.7507
vn 0.5675 0.7537 0.3315
vn 0.5893 0.6934 0.4148
vn 0.4028 -0.0245 0.9150
vn 0.5963 -0.0499 0.8012
vn 0.2734 0.2937 0.9160
vn 0.8007 0.2314 0.5526
vn 0.8372 0.2198 0.5008
vn 0.4173 0.1893 0.8888
vn 0.3372 0.2201 0.9153
vn 0.4874 0.0992 0.8675
vn 0.8166 0.0554 0.5746
vn 0.8971 0.0069 0.4418
vn 0.8538 0.1328 0.5033
vn 0.8557 -0.0862 0.5103
vn 0.8643 -0.1589 0.4771
vn 0.6042 -0.0058 0.7968
vn 0.6661 -0.0885 0.7406
vn 0.3918 0.3392 0.8552
vn 0.3050 0.3279 0.8941
vn 0.5438 0.0884 0.8345
vn 0.5558 0.1541 0.8169
vn 0.2458 -0.0585 -0.9676
vn 0.4739 -0.1786 -0.8623
vn 0.2150 0.2591 0.9416
vn 0.3838 0.2553 0.8874
vn 0.2077 0.3487 0.9139
vn 0.2162 0.2832 0.9344
vn 0.4361 0.2532 0.8636
vn 0.4891 0.2872 0.8236
vn 0.4946 0.1670 0.8529
vn 0.5386 0.2282 0.8111
vn -0.9872 -0.1033 0.1214
vn -0.9980 -0.0619 0.0121
vn -0.9957 -0.0910 0.0173
vn 0.4502 0.3014 0.8406
vn 0.4730 0.3091 0.8251
vn 0.4491 0.3208 0.8339
vn 0.9434 -0.2186 0.2495
vn 0.9300 -0.2017 0.3071
vn 0.9364 -0.2529 0.2433
vn 0.4624 0.2773 0.8422
vn 0.4928 0.2035 0.8460
vn 0.5150 0.2471 0.8208
vn 0.1811 0.3078 0.9341
vn 0.1831 0.3299 0.9261
vn 0.3596 0.4468 0.8192
vn 0.2852 0.4177 0.8627
vn 0.5466 0.5278 0.6501
vn -0.7467 0.1353 -0.6513
vn -0.9265 0.0310 0.3750
vn -0.8371 -0.0394 0.5456
vn -0.9141 -0.0317 0.4043
vn 0.7739 0.3820 0.5051
vn -0.0325 -0.1403 0.9896
vn 0.3463 -0.1332 0.9286
vn 0.2825 -0.5713 0.7706
vn 0.4292 -0.6387 0.6386
vn 0.2921 -0.6861 0.6663
vn 0.6418 0.4559 0.6166
vn 0.7208 0.4858 0.4945
vn 0.1500 0.1862 0.9710
vn -0.2925 0.5019 0.8140
vn -0.1987 0.6227 0.7568
vn -0.3021 0.6238 0.7208
vn 0.7809 0.2801 0.5583
vn 0.7722 -0.0146 0.6352
vn 0.7704 0.1313 0.6239
vn -0.4567 -0.3661 -0.8108
vn -0.2013 -0.3504 -0.9147
vn -0.1846 -0.3978 -0.8987
vn 0.7183 -0.1812 0.6717
vn -0.2912 0.8133 0.5038
vn -0.1900 0.8866 0.4217
vn -0.2802 0.8677 0.4105
vn -0.6191 0.1673 0.7673
vn -0.6437 0.0390 0.7643
vn -0.5950 0.1815 0.7830
vn 0.7713 -0.3666 -0.5202
vn -0.6871 0.0866 0.7214
vn -0.7178 0.1454 0.6809
vn -0.7327 0.0617 0.6777
vn 0.7253 -0.0690 0.6849
vn 0.6134 -0.3771 0.6939
vn 0.6278 -0.2324 0.7429
vn 0.2955 0.2266 0.9281
vn 0.6694 0.2024 0.7148
vn 0.5844 -0.0869 0.8068
vn 0.5823 0.4408 0.6831
vn 0.2883 -0.8927 0.3463
vn 0.4432 -0.8575 0.2614
vn 0.1055 -0.2049 0.9731
vn 0.1632 -0.3212 0.9328
vn 0.3279 0.2319 0.9158
vn 0.5357 0.8068 -0.2492
vn -0.1784 0.9290 0.3243
vn -0.2629 0.9110 0.3178
vn 0.3853 0.7844 0.4861
vn -0.7871 0.2207 -0.5760
vn -0.8195 0.1656 -0.5486
vn 0.7031 -0.2167 0.6772
vn 0.6349 -0.2118 0.7430
vn 0.2107 -0.4650 0.8599
vn 0.2454 -0.6010 0.7607
vn 0.5503 -0.2447 0.7983
vn 0.3098 -0.6912 0.6529
vn 0.4667 -0.7633 0.4467
vn 0.8283 0.1547 0.5386
vn 0.8923 -0.4514 0.0044
vn 0.9543 -0.2900 -0.0729
vn 0.3162 -0.1891 0.9297
vn 0.1506 -0.3897 0.9086
vn 0.8009 0.0649 0.5953
vn 0.7461 0.2360 0.6226
vn 0.8750 0.0645 0.4798
vn 0.7794 0.2969 0.5517
vn 0.4588 -0.5154 0.7238
vn -0.0078 0.9591 -0.2831
vn 0.0311 0.9590 -0.2818
vn 0.7222 -0.5198 0.4564
vn 0.7732 0.2122 0.5977
vn 0.3845 0.2956 0.8745
vn 0.3842 0.3123 0.8688
vn -0.0170 0.0001 0.9999
vn -0.1158 0.1577 0.9807
vn -0.0040 0.7072 0.7070
vn -0.0080 0.6258 0.7800
vn 0.6467 0.2486 0.7211
vn 0.7309 0.1437 0.6671
vn 0.2838 -0.3067 0.9085
vn 0.9034 0.0456 0.4264
vn 0.8071 -0.2659 0.5271
vn 0.1869 -0.2254 0.9562
vn 0.2641 -0.6760 0.6879
vn 0.2582 -0.8149 0.5189
vn 0.9125 0.0053 0.4091
vn 0.9126 0.0229 0.4082
vn 0.8872 0.0628 0.4571
vn -0.7412 0.4842 0.4650
vn -0.6548 0.5490 0.5194
vn -0.6957 0.4460 0.5631
vn -0.1667 0.2361 0.9573
vn -0.2230 0.2314 0.9470
vn -0.1410 0.2142 0.9666
vn 0.7685 0.4229 0.4802
vn 0.6531 0.5694 0.4993
vn 0.6751 0.5177 0.5257
vn 0.6876 0.4609 0.5611
vn 0.6218 0.6343 0.4594
vn 0.4953 0.7583 0.4238
vn 0.5270 0.7040 0.4761
vn 0.4098 0.7641 0.4982
vn 0.2076 0.2372 0.9490
vn 0.5553 0.6405 0.5304
vn 0.5736 0.5882 0.5701
vn 0.4216 0.7047 0.5706
vn 0.4282 0.6513 0.6264
vn 0.6710 0.0497 0.7398
vn 0.2863 -0.5405 0.7911
vn 0.6851 0.3727 0.6258
vn 0.5778 0.5317 0.6193
vn 0.5703 0.4269 0.7018
vn 0.4218 0.5896 0.6888
vn 0.4044 0.4742 0.7820
vn 0.3915 0.8188 0.4199
vn 0.4985 0.2418 0.8325
vn 0.1974 -0.3874 0.9005
vn 0.0592 -0.4679 0.8818
vn 0.2999 0.6827 0.6663
vn 0.3630 0.8685 0.3375
vn -0.5349 0.4291 0.7278
vn -0.4404 0.4769 0.7606
vn -0.2458 -0.7130 0.6566
vn 0.4633 0.8161 0.3456
vn -0.2002 0.7042 0.6812
vn -0.2428 0.9628 -0.1187
vn -0.1515 0.9883 -0.0154
vn -0.1576 0.9740 -0.1625
vn 0.2213 0.0955 0.9705
vn 0.3682 0.3077 0.8773
vn 0.5915 0.2237 0.7746
vn 0.5294 0.2855 0.7989
vn 0.4460 0.0826 0.8912
vn 0.8156 0.3525 -0.4589
vn 0.8882 0.1435 -0.4365
vn -0.8906 -0.2307 -0.3918
vn -0.9744 -0.1127 -0.1948
vn -0.9231 -0.1165 -0.3666
vn 0.4494 -0.2949 -0.8432
vn 0.2026 -0.1396 -0.9693
vn 0.1597 -0.2896 -0.9437
vn -0.0322 -0.1285 0.9912
vn -0.5799 -0.5507 0.6003
vn -0.6866 -0.3206 0.6526
vn 0.2263 -0.7832 -0.5791
vn 0.8191 -0.1625 -0.5502
vn 0.9294 -0.2159 -0.2994
vn 0.9856 0.1389 0.0966
vn 0.6698 -0.1521 -0.7268
vn 0.3531 -0.7411 -0.5710
vn 0.0268 -0.1070 -0.9939
vn 0.0309 0.0627 -0.9976
vn 0.2473 0.0698 -0.9664
vn 0.2746 -0.9142 -0.2982
vn 0.4226 -0.3281 0.8448
vn 0.2213 -0.4233 0.8786
vn -0.8080 0.2191 0.5469
vn -0.8776 0.1311 0.4610
vn -0.8798 0.1686 0.4444
vn 0.4293 -0.0074 0.9031
vn 0.9363 -0.3480 0.0473
vn 0.9729 -0.2110 0.0950
vn -0.0923 -0.9640 0.2494
vn 0.6468 0.2724 0.7123
vn -0.0996 0.0923 0.9907
vn -0.1732 -0.1482 0.9737
vn -0.1085 -0.0967 0.9894
vn -0.8238 0.1321 0.5513
vn -0.7092 0.2268 0.6675
vn -0.7488 0.0861 0.6571
vn -0.7066 0.0289 0.7070
vn -0.6613 0.1954 0.7242
vn -0.8721 0.0499 0.4869
vn 0.9709 -0.2051 0.1236
vn 0.2565 0.7966 0.5474
vn 0.9574 0.0700 -0.2802
vn 0.8398 0.1328 -0.5264
vn 0.9730 -0.1794 0.1450
vn 0.9129 -0.2836 0.2936
vn 0.8953 -0.2252 0.3843
vn 0.8953 0.4137 0.1649
vn 0.9343 0.2993 -0.1937
vn 0.9786 0.1988 0.0539
vn 0.6090 0.3395 -0.7168
vn 0.6744 0.5926 -0.4405
vn 0.4866 0.5339 -0.6915
vn 0.1838 -0.1105 0.9767
vn 0.0640 -0.2608 0.9633
vn -0.0170 -0.1900 0.9816
vn 0.4293 0.2128 0.8777
vn 0.2895 0.5416 0.7892
vn 0.4781 0.3778 0.7929
vn -0.2742 0.3298 0.9033
vn -0.1949 0.4952 0.8466
vn -0.9253 0.0813 0.3705
vn -0.9237 0.0892 0.3725
vn -0.7684 0.4665 0.4381
vn -0.7509 0.5074 0.4227
vn -0.7524 0.2997 0.5867
vn -0.5713 0.2894 0.7680
vn -0.7103 0.0825 0.6990
vn -0.5159 0.2435 0.8213
vn -0.5848 0.2623 0.7676
vn -0.4769 0.2493 0.8428
vn 0.5665 -0.0789 0.8203
vn 0.6756 -0.1479 0.7222
vn 0.6153 -0.1029 0.7816
vn 0.7789 0.2285 0.5840
vn 0.7899 0.3516 0.5024
vn -0.0869 0.7580 0.6464
vn -0.3006 0.7563 0.5811
vn -0.1981 0.8282 0.5242
vn -0.1528 -0.4554 -0.8771
vn 0.3365 0.1515 0.9294
vn 0.2316 0.5611 0.7947
vn -0.2612 -0.2183 0.9403
vn -0.5159 -0.3049 0.8006
vn -0.4063 -0.1152 0.9065
vn 0.2679 -0.2466 -0.9313
vn -0.2927 0.3102 0.9045
vn -0.2947 0.3667 0.8825
vn -0.7451 -0.4741 0.4691
vn 0.3816 -0.6761 -0.6303
vn -0.5424 -0.7963 -0.2680
vn -0.3058 0.6972 0.6484
vn -0.2004 0.7684 0.6077
vn 0.0360 -0.5273 -0.8489
vn -0.9433 -0.1758 0.2815
vn -0.9905 -0.0391 0.1316
vn -0.9922 0.0387 0.1189
vn -0.9794 0.0052 0.2020
vn -0.9748 -0.0128 0.2227
vn -0.9896 -0.0188 0.1425
vn -0.9835 -0.0511 0.1735
vn -0.8609 -0.0112 -0.5087
vn -0.9136 0.0143 -0.4063
vn 0.4174 0.7913 0.4467
vn 0.4809 0.8765 -0.0209
vn 0.4858 0.8661 -0.1181
vn -0.5142 0.5696 0.6412
vn -0.2341 -0.0134 -0.9721
vn -0.4704 -0.0698 -0.8797
vn -0.4655 0.0044 -0.8850
vn -0.3674 0.3729 0.8520
vn 0.1242 0.0969 0.9875
vn -0.8691 -0.3006 -0.3928
vn -0.9437 -0.1744 -0.2811
vn 0.8358 -0.3487 -0.4242
vn -0.2931 -0.2475 0.9235
vn -0.0980 -0.5497 0.8296
vn 0.6925 -0.6947 -0.1944
vn -0.2201 -0.0224 0.9752
vn -0.6127 0.3959 0.6840
vn -0.4815 0.0144 0.8763
vn 0.4375 -0.7754 0.4553
vn 0.5511 -0.8183 -0.1634
vn -0.3876 -0.7954 0.4660
vn -0.5666 -0.8199 0.0813
vn -0.4205 -0.8679 0.2646
vn -0.2883 -0.9005 0.3256
vn -0.9352 -0.2977 -0.1919
vn -0.8196 -0.3091 0.4823
vn -0.9421 -0.0139 0.3352
vn 0.1000 0.4426 -0.8911
vn 0.2893 0.6180 -0.7310
vn 0.2494 0.5892 -0.7685
vn 0.5515 0.8328 -0.0469
vn 0.4820 0.7528 0.4482
vn 0.5235 0.8442 -0.1154
vn 0.4372 0.7475 -0.5001
vn 0.3870 0.7309 -0.5622
vn -0.4580 -0.3977 -0.7950
vn 0.1311 -0.9004 -0.4149
vn 0.2350 -0.6717 -0.7026
vn -0.5577 -0.5128 -0.6527
vn -0.8430 -0.0643 0.5341
vn 0.3190 -0.5571 -0.7668
vn 0.6240 -0.4678 -0.6259
vn -0.2306 0.3205 0.9188
vn 0.4607 0.1630 0.8725
vn 0.5121 0.7435 -0.4301
vn -0.6431 0.2959 0.7063
vn -0.9578 -0.2870 0.0148
vn -0.9575 -0.2677 0.1075
vn -0.9306 -0.3460 0.1198
vn 0.3645 0.1280 0.9224
vn 0.5231 -0.0643 0.8499
vn -0.4562 0.0064 0.8898
vn -0.5880 0.2294 0.7756
vn -0.7986 -0.2988 0.5224
vn -0.9276 0.1048 0.3586
vn -0.9662 0.0793 0.2452
vn -0.9637 0.0222 0.2662
vn -0.9251 0.1865 0.3307
vn -0.9631 0.1176 0.2421
vn -0.9820 0.0435 0.1837
vn -0.9825 0.0218 0.1849
vn -0.9988 -0.0230 0.0442
vn -0.9959 -0.0320 0.0845
vn -0.9540 0.0693 0.2918
vn -0.9915 -0.0324 0.1262
vn -0.2366 -0.6441 -0.7274
vn 0.5868 -0.3134 -0.7466
vn 0.9085 0.2729 -0.3165
vn -0.4459 0.6181 0.6474
vn 0.0040 0.9452 0.3264
vn 0.0026 0.9285 0.3712
vn 0.2548 0.9635 0.0821
vn 0.2383 0.9351 0.2623
vn -0.1291 0.8849 0.4475
vn 0.1053 0.9004 0.4221
vn -0.5690 0.5449 0.6158
vn -0.2221 0.8730 0.4341
vn -0.1751 0.8969 0.4060
vn -0.1490 0.8425 0.5176
vn -0.1071 0.7929 0.5998
vn -0.0817 0.6306 0.7718
vn -0.3882 -0.5148 0.7644
vn -0.7395 -0.1618 0.6534
vn -0.3709 -0.1609 0.9146
vn -0.2595 0.5887 0.7656
vn -0.6863 0.2632 0.6781
vn -0.5286 0.6016 0.5989
vn -0.0680 0.7035 0.7074
vn -0.3299 0.1319 0.9347
vn -0.3474 -0.6543 0.6717
vn -0.5165 -0.2094 0.8303
vn -0.1641 0.2629 0.9508
vn -0.0379 0.0089 0.9992
vn -0.0445 0.2538 0.9662
vn -0.0891 0.7962 0.5985
vn -0.1237 0.8127 0.5694
vn -0.2904 0.2099 0.9336
vn -0.1837 -0.0194 0.9828
vn 0.0304 0.2541 0.9667
vn -0.0237 0.5612 0.8274
vn -0.3220 -0.0201 0.9465
vn -0.2104 -0.2076 0.9553
vn -0.0496 -0.1141 0.9922
vn 0.0166 0.1579 0.9873
vn -0.0261 0.4784 0.8778
vn -0.2380 -0.2381 0.9416
vn -0.0751 -0.1314 0.9885
vn -0.2170 -0.2879 0.9328
vn -0.3356 -0.2255 0.9146
vn -0.3603 -0.2960 0.8846
vn -0.3452 -0.3370 0.8759
vn -0.7825 0.2846 0.5538
vn -0.8158 0.1176 0.5663
vn -0.8501 0.0315 0.5257
vn -0.5077 0.0717 0.8586
vn -0.4736 0.2749 0.8368
vn -0.5355 0.1916 0.8225
vn -0.6637 0.2583 0.7020
vn -0.5777 0.2885 0.7636
vn -0.6192 0.2524 0.7435
vn -0.7993 0.2104 0.5630
vn -0.5624 0.6175 0.5500
vn -0.5105 0.5985 0.6174
vn -0.8632 -0.0601 0.5012
vn -0.8151 -0.0903 0.5722
vn -0.7296 -0.1119 0.6747
vn -0.5095 0.1209 0.8519
vn -0.6680 0.1780 0.7226
vn -0.3657 0.5600 0.7434
vn -0.7695 0.1082 0.6294
vn -0.2184 0.7203 0.6584
vn -0.3975 -0.0573 0.9158
vn -0.5474 -0.0781 0.8332
vn -0.4189 -0.2698 0.8670
vn -0.5855 -0.2977 0.7540
vn -0.7426 -0.3062 0.5956
vn -0.8211 -0.2138 0.5292
vn -0.8489 -0.1226 0.5142
vn -0.8012 0.0015 0.5983
vn -0.7709 0.0860 0.6311
vn -0.7865 -0.0783 0.6126
vn -0.7451 -0.0915 0.6607
vn -0.8029 -0.1988 0.5620
vn -0.7517 0.0180 0.6593
vn -0.6948 0.0285 0.7186
vn -0.7411 -0.3313 0.5839
vn -0.6116 -0.3671 0.7008
vn -0.5997 -0.4092 0.6876
vn -0.7140 -0.2526 0.6530
vn -0.4301 -0.3823 0.8179
vn -0.4536 -0.3517 0.8189
vn -0.0519 0.9978 0.0409
vn -0.2389 0.9472 0.2140
vn -0.1241 0.9917 0.0330
vn 0.0748 0.9870 -0.1426
vn 0.0997 0.9891 -0.1082
vn 0.1338 0.9910 -0.0053
vn -0.0479 0.9691 0.2421
vn -0.0684 0.8409 0.5368
vn 0.0693 0.9569 0.2819
vn 0.2004 0.9748 -0.0984
vn -0.1569 0.9471 0.2801
vn -0.1252 0.8524 0.5077
vn -0.2550 0.8853 0.3888
vn -0.2601 0.8351 0.4848
vn -0.1901 0.8506 0.4902
vn -0.3011 0.8511 0.4302
vn -0.3329 0.8038 0.4931
vn -0.0714 -0.7836 0.6171
vn -0.2097 -0.3720 0.9042
vn -0.1196 -0.1771 0.9769
vn -0.6400 -0.2744 -0.7177
vn -0.4766 -0.1877 -0.8588
vn -0.4711 -0.2991 -0.8298
vn -0.5864 0.2582 0.7677
vn -0.4684 -0.2187 0.8560
vn -0.6287 -0.0493 0.7761
vn -0.5393 -0.0803 0.8383
vn -0.5609 -0.3602 0.7454
vn -0.3817 -0.0127 0.9242
vn -0.4283 0.3894 0.8154
vn -0.4909 0.0808 0.8675
vn 0.3012 -0.8602 0.4115
vn 0.3939 -0.8552 0.3369
vn 0.2856 -0.7474 0.5998
vn 0.3904 -0.7253 0.5671
vn 0.2837 -0.6830 0.6731
vn 0.2042 -0.6399 0.7408
vn 0.1724 -0.7231 0.6689
vn -0.8560 -0.0673 0.5126
vn -0.7770 -0.0996 0.6215
vn -0.2033 0.8442 0.4960
vn 0.0150 0.8659 0.5000
vn -0.2252 0.7420 0.6314
vn -0.4717 0.4337 0.7677
vn 0.1792 0.8686 0.4620
vn 0.0312 0.7883 0.6145
vn 0.0928 0.8342 0.5436
vn 0.1534 0.9206 0.3590
vn 0.0206 0.7966 0.6041
vn 0.0383 0.8363 0.5469
vn 0.0703 0.7149 0.6957
vn 0.0843 0.7545 0.6509
vn 0.0003 0.7548 0.6559
vn -0.2585 0.4954 0.8293
vn 0.1930 0.6948 0.6928
vn 0.2948 0.2360 0.9259
vn 0.2413 -0.1269 0.9621
vn 0.3299 -0.1510 0.9319
vn 0.1127 -0.2052 0.9722
vn 0.0636 0.2341 0.9701
vn 0.2013 0.5596 0.8039
vn 0.0493 0.4468 0.8933
vn 0.2034 0.2445 0.9481
vn 0.3314 -0.4556 0.8262
vn 0.2844 -0.5557 0.7812
vn 0.2342 -0.4397 0.8671
vn -0.6921 0.2211 0.6871
vn -0.7226 0.2738 0.6348
vn -0.4273 0.2427 0.8709
vn -0.6589 0.1053 0.7448
vn -0.3583 -0.1986 0.9122
vn -0.6998 0.0453 0.7129
vn -0.5660 -0.0241 0.8241
vn -0.4137 -0.3486 0.8410
vn -0.5119 -0.1219 0.8503
vn -0.4635 -0.3572 0.8109
vn -0.5801 0.0135 0.8144
vn -0.2842 0.2596 0.9229
vn -0.2435 -0.2047 0.9481
vn -0.4641 -0.5239 0.7142
vn -0.5100 -0.5362 0.6726
vn -0.3336 -0.6391 0.6931
vn -0.3511 -0.7243 0.5934
vn -0.5897 -0.4906 0.6416
vn -0.6302 -0.3299 0.7029
vn -0.5339 -0.5089 0.6752
vn -0.4307 -0.6766 0.5973
vn -0.5091 -0.3918 0.7664
vn -0.0923 -0.6604 0.7452
vn 0.0986 -0.8412 0.5317
vn 0.1513 -0.9304 0.3340
vn 0.4066 -0.9106 0.0737
vn -0.0055 -0.9087 0.4174
vn 0.3166 -0.9468 0.0580
vn -0.0883 -0.8023 0.5904
vn 0.1390 -0.9820 0.1281
vn -0.0928 -0.7339 0.6729
vn -0.0616 -0.6891 0.7220
vn -0.0098 -0.8028 0.5961
vn -0.0562 -0.9188 0.3906
vn -0.0902 -0.9576 0.2736
vn 0.0482 -0.9783 0.2016
vn -0.5003 -0.7269 0.4704
vn -0.6453 -0.5799 0.4973
vn -0.4552 -0.6853 0.5685
vn -0.6946 -0.4464 0.5642
vn -0.2797 -0.7707 0.5725
vn -0.3463 -0.7185 0.6032
vn -0.2204 -0.9135 0.3419
vn -0.2003 -0.9329 0.2992
vn -0.3543 -0.8701 0.3427
vn -0.4926 -0.7712 0.4032
vn -0.4592 -0.7915 0.4032
vn -0.3071 -0.8825 0.3561
vn -0.3395 -0.7760 0.5316
vn -0.0373 -0.9697 0.2414
vn -0.1776 -0.9610 0.2119
vn -0.2174 0.3161 -0.9235
vn -0.4480 0.1253 -0.8852
vn -0.4111 0.2853 -0.8658
vn 0.1804 -0.9531 0.2432
vn 0.1058 -0.8179 0.5656
vn 0.0280 -0.8901 0.4549
vn -0.5531 0.2629 -0.7905
vn -0.3862 0.4387 -0.8114
vn -0.6324 -0.1212 -0.7651
vn -0.4426 -0.0319 -0.8962
vn -0.6840 0.0254 -0.7290
vn -0.5862 -0.6752 0.4477
vn -0.2275 -0.5669 0.7918
vn -0.4050 -0.5598 0.7230
vn -0.5969 -0.4385 0.6719
vn -0.0551 -0.1142 0.9919
vn -0.3396 -0.2245 0.9134
vn 0.1649 -0.0429 0.9854
vn -0.2056 -0.6686 0.7147
vn 0.0846 -0.1993 0.9763
vn 0.0759 0.0137 0.9970
vn -0.1105 -0.6507 0.7512
vn -0.1595 -0.7438 0.6491
vn -0.0678 0.0161 0.9976
vn -0.1086 -0.7111 0.6946
vn 0.1925 0.4173 0.8881
vn 0.3342 0.2431 0.9106
vn 0.1630 0.3921 0.9053
vn 0.2635 0.1629 0.9508
vn 0.0420 0.4965 0.8670
vn 0.0220 0.4536 0.8909
vn -0.0180 0.3718 0.9281
vn -0.0798 0.5711 0.8170
vn -0.3054 0.7230 0.6196
vn -0.1184 0.7747 0.6211
vn -0.1500 0.8242 0.5460
vn -0.6115 -0.0835 0.7868
vn -0.3211 0.3925 0.8619
vn -0.1732 0.4883 0.8553
vn -0.5110 0.4319 0.7432
vn -0.2494 0.8088 0.5326
vn -0.4080 0.7475 0.5242
vn 0.1504 0.1518 0.9769
vn -0.0419 0.0008 0.9991
vn -0.0128 0.0480 0.9988
vn 0.0654 0.1539 0.9859
vn 0.2995 0.1917 0.9346
vn 0.0477 -0.0944 0.9944
vn -0.2454 0.1468 0.9583
vn -0.0961 0.1819 0.9786
vn -0.1817 -0.0391 0.9826
vn -0.1206 0.1756 0.9770
vn -0.1348 0.0009 0.9909
vn -0.1196 -0.1256 0.9848
vn 0.0292 0.0382 0.9988
vn -0.3538 -0.1162 0.9281
vn 0.0198 0.0316 0.9993
vn -0.0083 0.0066 0.9999
vn -0.1088 -0.0714 0.9915
vn 0.0200 0.1999 0.9796
vn 0.0133 0.1591 0.9872
vn -0.3716 -0.1853 0.9097
vn -0.2565 -0.1437 0.9558
vn -0.3501 0.0964 0.9317
vn -0.2649 0.0914 0.9599
vn -0.1456 0.0066 0.9893
vn -0.1838 0.1770 0.9669
vn -0.5751 0.2042 0.7922
vn -0.6483 0.0834 0.7568
vn -0.4841 0.3236 0.8130
vn -0.5103 0.3192 0.7986
vn -0.6329 0.1259 0.7639
vn -0.6507 -0.0079 0.7593
vn -0.5268 0.2746 0.8044
vn -0.4959 0.1861 0.8482
vn -0.5892 -0.1376 0.7962
vn -0.4591 -0.1916 0.8675
vn -0.4118 0.1464 0.8995
vn -0.5046 -0.0869 0.8590
vn -0.5372 -0.2886 0.7926
vn -0.5538 -0.0303 0.8321
vn -0.5979 -0.2517 0.7610
vn -0.5185 0.1561 0.8407
vn -0.3769 0.0463 0.9251
vn -0.4116 -0.1927 0.8908
vn -0.7248 -0.0431 0.6876
vn -0.6756 -0.2224 0.7029
vn -0.3005 -0.3910 0.8700
vn -0.5412 -0.4281 0.7238
vn -0.1973 0.2186 0.9557
vn -0.2584 0.1362 0.9564
vn -0.4437 0.3689 0.8167
vn -0.6160 0.1807 0.7667
vn -0.2789 0.1099 0.9540
vn -0.7004 0.0315 0.7131
vn -0.0383 0.0601 0.9975
vn -0.1130 0.1908 0.9751
vn -0.0477 0.2088 0.9768
vn -0.1766 0.3370 0.9248
vn -0.6387 -0.3419 -0.6893
vn -0.6357 -0.1620 -0.7548
vn -0.3779 -0.3615 0.8523
vn -0.3784 -0.2769 0.8833
vn -0.5018 -0.2451 0.8295
vn -0.6610 -0.0440 0.7491
vn -0.5841 -0.3079 0.7510
vn -0.7296 -0.1269 0.6720
vn -0.4970 -0.4123 0.7635
vn -0.5251 -0.5087 0.6823
vn -0.5589 -0.5269 0.6404
vn -0.5363 -0.4672 0.7029
vn -0.6891 -0.4294 0.5838
vn -0.6264 -0.3992 0.6695
vn -0.5621 -0.5159 0.6464
vn -0.5899 -0.4667 0.6589
vn -0.7326 -0.3000 0.6109
vn -0.5492 -0.5686 0.6124
vn -0.1157 -0.6274 0.7701
vn -0.1808 -0.5633 0.8062
vn -0.1312 -0.6176 0.7755
vn -0.2665 -0.6761 0.6869
vn -0.3672 -0.6383 0.6765
vn -0.2655 -0.5849 0.7664
vn -0.1031 -0.5587 0.8229
vn -0.1480 -0.5403 0.8284
vn -0.1231 -0.4899 0.8630
vn 0.1459 0.0526 0.9879
vn 0.0397 0.0445 0.9982
vn -0.1193 -0.4927 0.8620
vn -0.0258 -0.2179 0.9756
vn -0.1219 -0.6412 0.7576
vn -0.0435 -0.0044 0.9990
vn -0.6180 0.5720 -0.5393
vn -0.4470 0.7817 -0.4350
vn -0.4299 0.6681 -0.6073
vn -0.3941 0.3328 0.8567
vn -0.1358 0.4252 0.8949
vn -0.0997 0.5062 0.8567
vn -0.2168 -0.4796 0.8503
vn -0.0057 -0.7613 0.6484
vn -0.1878 -0.5696 0.8002
vn -0.0879 -0.7106 0.6981
vn -0.2930 -0.6114 0.7351
vn -0.2698 -0.6867 0.6750
vn -0.3985 -0.6347 0.6621
vn -0.4258 -0.6517 0.6277
vn -0.4227 -0.6042 0.6755
vn -0.4637 -0.5555 0.6902
vn -0.1612 -0.5323 0.8311
vn -0.1513 -0.6835 0.7141
vn -0.1053 -0.6901 0.7160
vn -0.5980 0.1228 -0.7920
vn -0.6739 0.3038 0.6734
vn -0.7368 0.2369 0.6333
vn -0.6247 0.2526 0.7388
vn -0.2969 -0.5823 0.7568
vn -0.1825 -0.6005 0.7785
vn -0.1147 -0.6283 0.7694
vn -0.2682 -0.3764 0.8868
vn -0.4565 -0.5929 0.6634
vn -0.5275 -0.5986 0.6029
vn -0.5291 -0.5778 0.6215
vn 0.7674 0.4603 0.4463
vn -0.8579 -0.0851 0.5067
vn -0.9555 -0.0948 0.2793
vn 0.0057 0.1136 -0.9935
vn -0.9667 0.0585 -0.2490
vn -0.4240 0.3684 -0.8274
vn 0.8123 0.3660 -0.4542
vn 0.2929 -0.0610 0.9542
vn 0.9655 0.2596 0.0217
vn 0.1020 -0.6988 -0.7080
vn -0.5971 -0.8015 0.0319
vn -0.6947 0.2264 0.6828
vn -0.8004 0.1308 0.5850
vn -0.6906 0.2605 0.6747
vn -0.9516 0.3053 -0.0350
vn 0.7982 -0.5728 0.1864
vn 0.7478 -0.5266 0.4044
vn -0.1870 -0.4920 0.8503
vn 0.9138 -0.3786 0.1471
vn -0.6079 -0.3923 -0.6903
vn 0.6442 -0.4741 0.6002
vn -0.7226 0.0391 0.6901
vn -0.8608 0.1323 0.4914
vn -0.8640 -0.0799 0.4971
vn 0.3934 0.0229 -0.9191
vn 0.6574 -0.0679 -0.7505
vn 0.5661 -0.1462 -0.8113
vn 0.6407 -0.1575 -0.7515
vn 0.4108 -0.2345 -0.8810
vn 0.6666 -0.1596 -0.7281
vn -0.4774 0.3469 0.8073
vn -0.7283 0.1816 0.6608
vn -0.4478 0.2433 0.8604
vn -0.3260 0.3129 0.8921
vn 0.2533 -0.8159 -0.5198
vn 0.5261 -0.4634 -0.7130
vn 0.2682 -0.7290 -0.6298
vn 0.4461 -0.4203 -0.7901
vn 0.5084 -0.5692 -0.6462
vn 0.2319 0.9481 -0.2177
vn 0.1541 0.2498 -0.9560
vn -0.0184 -0.4917 -0.8706
vn -0.9773 -0.0158 0.2114
vn -0.9570 -0.1088 0.2690
vn 0.6961 0.1476 0.7026
vn -0.6291 -0.1290 -0.7665
vn -0.8430 -0.4798 -0.2431
vn -0.2325 0.8622 0.4501
vn -0.6753 -0.3456 -0.6516
vn -0.3164 -0.2843 -0.9050
vn -0.6948 -0.3998 -0.5979
vn -0.0587 0.3044 0.9507
vn -0.9094 -0.4160 0.0015
vn 0.0640 -0.1370 -0.9885
vn -0.0299 -0.2147 -0.9762
vn 0.2075 0.9697 0.1285
vn -0.0820 -0.0743 -0.9939
vn -0.4121 0.2028 -0.8883
vn -0.8162 0.5615 0.1358
vn -0.9318 0.3552 0.0748
vn 0.0025 0.8550 -0.5186
vn -0.7754 0.2184 0.5925
vn 0.5139 0.2582 0.8181
vn -0.0463 -0.0910 -0.9948
vn 0.0907 -0.1277 -0.9877
vn -0.1882 -0.2201 -0.9572
vn 0.0999 -0.2048 -0.9737
vn 0.4096 -0.7332 -0.5428
vn -0.4484 -0.8546 -0.2618
vn 0.6240 -0.7549 -0.2018
vn -0.3684 -0.2162 -0.9042
vn -0.9988 -0.0325 0.0362
vn 0.1353 -0.2796 -0.9505
vn 0.1883 -0.4037 -0.8953
vn -0.1852 -0.3569 -0.9156
vn -0.2000 -0.5911 -0.7814
vn -0.5738 -0.4502 -0.6841
vn -0.4516 0.5846 0.6740
vn -0.2494 0.6700 0.6992
vn 0.6787 0.1938 0.7084
vn -0.6960 0.0318 0.7173
vn -0.7085 0.1342 0.6928
vn -0.8059 0.1182 0.5802
vn 0.9430 -0.0602 0.3274
vn 0.9760 -0.0267 0.2160
vn -0.9810 -0.0546 0.1860
vn -0.9238 -0.0838 0.3736
vn 0.0001 0.7762 0.6305
vn -0.8811 0.0869 0.4648
vn -0.9988 0.0082 0.0489
vn -0.5953 0.1922 0.7802
vn -0.0791 0.2222 0.9718
vn 0.6671 -0.4537 0.5910
vn -0.0366 -0.4067 0.9128
vn -0.2420 0.6816 0.6906
vn -0.3409 0.5073 0.7915
vn -0.5036 0.2693 0.8209
vn -0.6266 0.1297 0.7685
vn -0.1608 -0.8496 -0.5022
vn -0.9168 -0.2005 0.3455
vn -0.9220 -0.2747 0.2728
vn -0.8491 0.4052 -0.3390
vn 0.9374 0.0244 0.3473
vn 0.9680 -0.0976 0.2311
vn 0.8020 -0.1876 0.5672
vn -0.7694 -0.0054 0.6387
vn -0.7958 0.1115 0.5953
vn 0.4369 0.2430 0.8661
vn -0.0213 0.2886 0.9572
vn -0.8598 -0.2900 -0.4202
vn -0.8582 0.1703 0.4843
vn -0.5649 0.0015 0.8252
vn -0.6381 0.0554 -0.7680
vn -0.9905 -0.0942 0.0998
vn -0.8742 0.3152 -0.3692
vn -0.3656 0.5308 -0.7646
vn 0.9972 0.0035 0.0750
vn 0.2701 -0.2398 0.9325
vn -0.2818 -0.1999 0.9384
vn -0.7992 -0.1731 -0.5757
vn 0.4341 0.5117 -0.7414
vn -0.8588 -0.1576 0.4874
vn 0.9609 -0.1605 0.2255
vn -0.6231 -0.4100 -0.6661
vn 0.6535 -0.0000 0.7570
vn -0.0125 -0.0204 -0.9997
vn -0.5607 0.4121 0.7182
vn 0.0483 0.9885 0.1434
vn -0.6064 0.1901 0.7721
vn 0.2479 -0.6557 -0.7131
vn -0.5910 0.3349 0.7339
vn -0.3232 0.8308 0.4531
vn 0.7736 -0.2828 0.5671
vn -0.2755 -0.6584 0.7004
vn -0.5732 0.4838 0.6613
vn -0.2103 0.7113 0.6707
vn -0.7424 0.1254 0.6581
vn -0.6719 0.2385 0.7012
vn -0.7976 0.0483 0.6013
vn -0.0777 -0.0968 -0.9923
vn -0.5102 -0.4713 0.7194
vn 0.7055 0.3913 -0.5909
vn 0.0839 -0.2679 0.9598
vn -0.5052 0.4810 0.7165
vn -0.9664 -0.1645 0.1976
vn -0.7505 -0.1115 -0.6513
vn 0.0113 0.9841 -0.1775
vn 0.1172 -0.0921 -0.9888
vn -0.0527 -0.0625 -0.9967
vn 0.0388 -0.1533 -0.9874
vn -0.1372 -0.0612 -0.9887
vn 0.0034 -0.0674 -0.9977
vn -0.8415 0.2401 -0.4840
vn -0.4887 0.6388 0.5942
vn -0.5113 0.4021 0.7595
vn -0.3981 0.4740 0.7854
vn -0.3267 0.7374 0.5912
vn -0.7401 0.2872 0.6081
vn -0.2139 0.5223 0.8255
vn 0.6621 0.0509 0.7477
vn -0.9986 0.0379 0.0360
vn -0.9039 0.2905 -0.3139
vn 0.0157 0.9678 0.2512
vn -0.0126 -0.9426 -0.3337
vn 0.7905 0.1460 0.5949
vn 0.9649 -0.0411 0.2593
vn -0.9044 0.0023 0.4268
vn -0.7751 0.0906 0.6253
vn -0.8073 0.1534 0.5698
vn -0.9089 0.0890 0.4074
vn -0.7208 -0.0958 0.6865
vn -0.6596 0.0098 0.7515
vn -0.3231 0.2595 0.9101
vn 0.0528 -0.1117 0.9923
vn -0.1055 -0.2025 0.9736
vn 0.2582 0.9223 -0.2877
vn 0.0164 0.9986 0.0493
vn -0.0667 0.9922 0.1054
vn -0.4265 0.0907 0.9000
vn -0.5260 -0.0020 0.8505
vn -0.4857 0.0027 0.8741
vn 0.9325 -0.1063 -0.3452
vn 0.9813 -0.0858 -0.1723
vn 0.9173 -0.0039 -0.3983
vn 0.8977 0.3066 -0.3165
vn 0.8607 0.1225 -0.4942
vn 0.8477 -0.0171 -0.5303
vn 0.7892 0.0988 -0.6061
vn 0.8753 -0.0948 -0.4742
vn -0.4524 -0.1471 0.8796
vn -0.5711 -0.1820 0.8005
vn -0.5711 -0.2144 0.7924
vn -0.3062 0.0740 0.9491
vn -0.4073 0.1364 0.9031
vn -0.2975 0.0748 0.9518
vn -0.6352 -0.0444 0.7711
vn -0.4411 0.0509 0.8960
vn -0.9955 0.0120 0.0940
vn -0.9770 0.1133 0.1808
vn -0.9346 0.2304 0.2710
vn -0.9198 -0.2507 0.3018
vn -0.9142 -0.3116 0.2592
vn -0.6088 -0.6810 0.4069
vn -0.4753 -0.6230 0.6212
vn -0.6477 -0.6576 0.3847
vn -0.5672 -0.3489 0.7460
vn -0.6930 -0.2395 0.6800
vn -0.2243 -0.1404 0.9643
vn -0.1071 -0.8357 0.5386
vn -0.2994 -0.4366 0.8484
vn -0.3818 -0.7733 0.5062
vn -0.7716 -0.4843 0.4125
vn -0.7185 -0.6856 0.1168
vn -0.7798 0.4165 0.4674
vn -0.7550 0.4786 0.4483
vn -0.7650 0.4007 0.5043
vn -0.8045 0.3456 0.4830
vn -0.6620 0.5407 0.5190
vn -0.6438 0.4752 0.5998
vn -0.6882 0.5411 0.4834
vn 0.1585 0.4075 -0.8994
vn 0.0373 0.4784 -0.8774
vn 0.0364 0.3846 -0.9224
vn -0.7498 -0.4629 0.4728
vn -0.5958 -0.6440 0.4799
vn -0.8548 -0.2473 0.4563
vn -0.7085 -0.4443 0.5482
vn -0.2316 -0.8875 0.3983
vn -0.8715 -0.0330 0.4892
vn -0.8017 -0.2814 0.5273
vn 0.2997 0.4631 -0.8341
vn 0.3570 0.6426 -0.6780
vn 0.2108 0.5427 -0.8131
vn -0.4038 -0.5487 0.7320
vn -0.2218 0.9013 -0.3720
vn -0.2001 0.9420 -0.2694
vn 0.0703 0.1472 0.9866
vn 0.3353 0.1965 0.9214
vn 0.0805 -0.8697 -0.4869
vn 0.1681 -0.9087 -0.3821
vn 0.2033 -0.8557 -0.4759
vn 0.3352 -0.8477 -0.4112
vn 0.3665 -0.7998 -0.4753
vn 0.0965 -0.8440 -0.5276
vn 0.2372 -0.8123 -0.5328
vn -0.0563 -0.9842 0.1679
vn -0.2796 -0.7223 0.6326
vn -0.0527 -0.9889 0.1392
vn 0.0758 -0.9349 -0.3467
vn -0.5289 0.1733 0.8308
vn -0.5489 0.1450 0.8232
vn -0.4949 0.0301 0.8684
vn -0.6370 -0.1585 0.7544
vn -0.5932 0.1457 0.7918
vn -0.5273 -0.1302 0.8396
vn -0.6070 -0.3467 0.7151
vn -0.4002 -0.5668 0.7201
vn -0.5746 -0.0366 0.8176
vn -0.5402 -0.2705 0.7969
vn -0.6858 0.1563 0.7108
vn -0.6349 -0.2169 0.7416
vn -0.5585 -0.3223 0.7643
vn -0.5035 -0.2125 0.8375
vn -0.5123 -0.2302 0.8274
vn -0.1211 0.1517 0.9810
vn -0.3966 0.1619 0.9036
vn -0.3792 0.2136 0.9003
vn -0.5202 0.2154 0.8264
vn -0.3991 0.2272 0.8883
vn -0.3139 -0.3147 0.8958
vn -0.4239 0.1164 0.8982
vn -0.2315 -0.1838 0.9553
vn -0.1619 0.2005 0.9662
vn -0.1243 0.2463 0.9612
vn -0.5475 0.1971 0.8132
vn -0.3995 -0.2160 0.8909
vn -0.5613 0.0554 0.8258
vn -0.4933 -0.2953 0.8182
vn -0.5655 0.2310 0.7917
vn -0.5897 0.1161 0.7992
vn -0.5838 -0.0212 0.8116
vn -0.6363 0.0671 0.7685
vn -0.3492 -0.2931 0.8900
vn -0.2121 -0.1683 0.9626
vn -0.2773 -0.4070 0.8703
vn -0.4431 -0.2769 0.8526
vn -0.4199 -0.2064 0.8838
vn -0.5628 -0.1324 0.8159
vn -0.4106 -0.1730 0.8953
vn -0.4645 -0.1629 0.8705
vn -0.5453 -0.0703 0.8353
vn -0.4906 -0.0588 0.8694
vn -0.5569 -0.2964 0.7759
vn -0.5236 -0.1777 0.8332
vn 0.0458 -0.7461 0.6643
vn -0.2307 -0.5806 0.7808
vn -0.1921 -0.8573 0.4776
vn -0.4066 -0.6438 0.6482
vn -0.4380 -0.4360 0.7862
vn -0.5077 -0.5340 0.6761
vn -0.3207 -0.8039 0.5009
vn -0.3819 -0.7033 0.5996
vn -0.5770 -0.3798 0.7231
vn 0.2554 -0.9396 -0.2280
vn 0.0297 -0.9995 0.0138
vn 0.2787 -0.9338 -0.2245
vn 0.1121 -0.9933 -0.0294
vn 0.3263 -0.9292 -0.1735
vn 0.6380 -0.7188 -0.2761
vn 0.9034 -0.3812 -0.1964
vn 0.4649 -0.8141 -0.3480
vn 0.9992 0.0397 0.0108
vn 0.8996 -0.0700 -0.4310
vn 0.2547 0.9390 -0.2311
vn 0.1534 -0.1336 0.9791
vn -0.0088 -0.9615 0.2745
vn -0.1479 -0.9536 0.2624
vn -0.0371 -0.9931 0.1112
vn -0.1967 -0.9027 0.3828
vn -0.3952 -0.5842 0.7089
vn -0.5057 -0.4834 0.7146
vn -0.3535 -0.7380 0.5748
vn -0.2985 -0.7996 0.5210
vn -0.2222 -0.8977 0.3804
vn 0.4248 -0.7309 -0.5342
vn 0.0216 -0.9993 0.0289
vn 0.5571 -0.6953 -0.4541
vn 0.4377 -0.8072 -0.3961
vn 0.5125 -0.7232 -0.4631
vn 0.7536 -0.4772 -0.4521
vn 0.8379 -0.2840 -0.4661
vn 0.6163 -0.5600 -0.5537
vn 0.6275 -0.5454 -0.5558
vn 0.1768 -0.9792 -0.0997
vn -0.6334 -0.1212 0.7643
vn -0.6237 -0.1317 0.7705
vn -0.3440 -0.4995 0.7951
vn -0.1980 -0.7029 0.6832
vn -0.2302 -0.4890 0.8414
vn -0.1859 0.8647 0.4666
vn -0.3197 0.0574 0.9458
vn -0.3627 -0.0417 0.9310
vn 0.7690 0.4321 -0.4712
vn 0.7540 0.2313 -0.6148
vn -0.3003 0.5638 0.7694
vn -0.5563 -0.1400 0.8191
vn -0.5051 -0.1336 0.8527
vn -0.5726 -0.1831 0.7991
vn -0.5006 -0.0227 0.8654
vn -0.5893 0.0063 0.8079
vn -0.5313 0.1492 0.8339
vn -0.6371 0.1394 0.7581
vn -0.5033 0.5097 0.6978
vn -0.5337 0.3059 0.7884
vn 0.1689 0.9453 -0.2792
vn 0.2935 0.6832 -0.6687
vn 0.4112 0.6289 -0.6598
vn 0.2287 0.9335 -0.2763
vn -0.1639 0.9724 0.1661
vn -0.2204 0.9430 0.2492
vn -0.2084 0.9307 0.3006
vn -0.6289 -0.1975 0.7520
vn -0.4868 -0.3065 0.8180
vn -0.3757 0.8025 0.4636
vn -0.6019 0.3674 0.7090
vn -0.4645 0.6812 0.5659
vn 0.6118 0.5324 -0.5850
vn -0.4377 0.6360 0.6356
vn -0.5537 0.3649 0.7485
vn -0.6347 0.0399 0.7717
vn -0.6144 -0.1643 0.7717
vn -0.5582 -0.2017 0.8048
vn -0.5620 -0.0951 0.8217
vn -0.5169 -0.1428 0.8440
vn -0.5380 -0.1237 0.8338
vn -0.4292 -0.0075 0.9032
vn -0.3814 -0.1565 0.9111
vn -0.4535 -0.3511 0.8192
vn -0.4080 0.3335 0.8499
vn -0.4096 -0.3354 0.8483
vn 0.2885 0.6098 0.7382
vn -0.5431 -0.7681 0.3392
vn -0.5572 -0.5966 0.5775
vn -0.6850 -0.4735 0.5537
vn -0.4990 -0.7895 0.3574
vn -0.6948 -0.6724 -0.2554
vn -0.3940 -0.8706 0.2947
vn -0.4983 -0.8349 0.2337
vn -0.6356 -0.6247 0.4536
vn -0.5687 -0.7112 0.4132
vn -0.4772 -0.8778 -0.0416
vn -0.6298 -0.5927 0.5020
vn -0.7311 -0.4642 0.5001
vn -0.5496 -0.4025 0.7321
vn -0.5110 -0.5631 0.6494
vn -0.5114 -0.6699 0.5383
vn -0.3982 -0.6470 0.6503
vn -0.4532 -0.3432 0.8227
vn -0.4187 -0.5089 0.7522
vn -0.1821 0.3242 0.9283
vn -0.0326 -0.1421 0.9893
vn -0.7746 0.1400 0.6168
vn -0.7844 -0.3074 0.5387
vn -0.6709 -0.0842 0.7367
vn -0.6833 -0.4390 0.5834
vn -0.5299 -0.0604 0.8459
vn -0.5906 0.2594 0.7641
vn -0.7672 0.3969 0.5038
vn -0.5999 0.4690 0.6482
vn 0.9745 -0.0593 0.2164
vn -0.0301 -0.0265 0.9992
vn -0.1634 0.9022 0.3992
vn 0.1120 0.9574 -0.2660
vn 0.3245 0.5172 -0.7920
vn 0.2666 0.4700 -0.8414
vn 0.3280 0.4618 -0.8241
vn 0.0914 0.9643 -0.2486
vn 0.1312 0.7185 -0.6831
vn 0.2169 0.7093 -0.6707
vn -0.0476 0.9022 0.4286
vn 0.3158 0.1467 0.9374
vn -0.1270 0.5823 0.8030
vn -0.3368 0.5978 0.7275
vn -0.1861 0.2710 0.9444
vn 0.6201 -0.1350 0.7728
vn -0.4725 -0.0658 0.8789
vn 0.1567 0.4697 -0.8688
vn 0.2499 0.5272 -0.8122
vn 0.1448 0.5310 -0.8349
vn 0.6101 0.3733 -0.6989
vn 0.6949 0.2184 -0.6852
vn 0.4316 0.4757 -0.7664
vn 0.4321 0.4154 -0.8005
vn -0.2134 0.0570 0.9753
vn -0.1733 -0.1406 0.9748
vn -0.2151 -0.1813 0.9596
vn -0.2144 -0.4469 0.8685
vn -0.1933 -0.4075 0.8925
vn -0.8712 0.2343 0.4314
vn -0.7969 0.3994 0.4532
vn -0.8700 0.2969 0.3937
vn -0.7745 0.4596 0.4347
vn -0.8468 0.3566 0.3948
vn -0.2961 0.9543 -0.0407
vn -0.4220 0.9032 0.0787
vn -0.3145 0.9445 0.0948
vn -0.2748 0.9488 -0.1560
vn -0.3425 0.9143 -0.2164
vn -0.5412 0.8343 -0.1051
vn -0.3932 0.9167 -0.0709
vn -0.5652 0.8233 0.0524
vn -0.3960 0.1243 -0.9098
vn -0.6214 0.0158 -0.7834
vn -0.1530 0.0035 0.9882
vn -0.5473 0.8192 0.1715
vn -0.4216 0.8845 0.1999
vn -0.5495 0.7803 0.2986
vn -0.4434 0.8377 0.3189
vn -0.3405 0.8853 0.3168
vn -0.2533 0.9407 0.2258
vn -0.3184 0.9233 0.2146
vn -0.2477 0.9626 0.1094
vn -0.1739 0.9558 0.2371
vn -0.2241 -0.2349 -0.9458
vn -0.1942 0.4808 -0.8550
vn 0.3082 0.0929 0.9468
vn 0.0454 0.0888 0.9950
vn 0.1085 -0.1549 0.9820
vn -0.7614 -0.2439 -0.6007
vn -0.9873 -0.0123 0.1583
vn -0.9017 -0.2583 -0.3467
vn -0.1783 -0.8576 -0.4824
vn -0.1036 -0.8984 -0.4269
vn -0.9411 -0.2395 0.2387
vn -0.9941 -0.0716 0.0816
vn -0.9691 -0.2304 -0.0879
vn -0.9659 -0.2580 0.0203
vn -0.9610 -0.2445 -0.1294
vn -0.6249 -0.2432 -0.7418
vn -0.3805 -0.5024 0.7764
vn -0.1208 -0.3475 -0.9299
vn -0.1853 -0.4119 -0.8922
vn 0.0530 -0.2211 -0.9738
vn 0.2616 -0.0732 -0.9624
vn 0.6380 0.5868 -0.4986
vn -0.4864 0.4521 -0.7477
vn 0.1296 -0.8609 -0.4919
vn -0.3347 -0.8959 -0.2923
vn -0.3178 -0.8613 -0.3965
vn 0.2461 -0.6631 -0.7069
vn -0.2292 -0.7719 -0.5929
vn -0.1253 -0.9384 -0.3220
vn -0.9914 -0.0108 0.1304
vn -0.3205 -0.8475 -0.4231
vn -0.5683 -0.8061 -0.1651
vn -0.3502 -0.9002 -0.2588
vn -0.7358 -0.6588 -0.1565
vn -0.6170 -0.7479 -0.2448
vn -0.3539 -0.7242 -0.5919
vn 0.1335 -0.5392 -0.8316
vn 0.3543 -0.3318 -0.8743
vn 0.7178 -0.1320 -0.6836
vn -0.2870 -0.3155 -0.9045
vn 0.6607 -0.2796 -0.6966
vn 0.6463 0.3877 -0.6572
vn 0.7816 0.1635 -0.6020
vn 0.8292 0.1823 -0.5284
vn -0.7559 -0.3302 -0.5653
vn -0.7633 -0.2608 -0.5911
vn -0.1863 0.0800 -0.9792
vn -0.1909 -0.0482 -0.9804
vn -0.9394 -0.0446 -0.3398
vn 0.8531 0.2198 -0.4731
vn -0.1117 -0.1428 -0.9834
vn -0.0213 0.0146 -0.9997
vn 0.6457 0.4119 -0.6430
vn -0.0459 0.6399 -0.7671
vn -0.8788 0.3744 -0.2958
vn 0.0976 0.6166 -0.7812
vn 0.8789 0.1993 -0.4334
vn 0.8572 0.1258 -0.4993
vn 0.6954 0.1827 -0.6950
vn 0.8269 0.0661 -0.5585
vn 0.2130 0.5121 -0.8321
vn 0.6183 0.3615 -0.6979
vn -0.9908 -0.0915 0.1002
vn -0.9721 0.0811 -0.2201
vn -0.9927 0.1187 -0.0231
vn -0.9256 0.2554 -0.2795
vn -0.8532 0.1850 -0.4878
vn -0.9031 0.0402 -0.4275
vn -0.9851 -0.1587 0.0657
vn -0.9872 0.0660 -0.1453
vn 0.7187 0.3997 -0.5690
vn 0.7827 0.4851 -0.3898
vn -0.8273 0.4238 0.3687
vn -0.9076 0.2532 0.3351
vn -0.7474 0.5119 0.4236
vn -0.7150 0.5845 0.3836
vn -0.8032 0.5167 0.2963
vn -0.9001 0.3289 0.2859
vn -0.9902 0.0218 0.1380
vn -0.9829 0.1441 0.1142
vn -0.9679 0.1690 0.1861
vn -0.9329 0.3537 0.0675
vn -0.9461 0.3119 -0.0874
vn -0.7968 0.5957 0.1010
vn -0.8975 0.4021 0.1811
vn -0.6846 0.7273 0.0486
vn -0.8248 0.5655 -0.0030
vn -0.6929 0.7177 -0.0690
vn -0.8263 0.5402 -0.1594
vn -0.6688 0.6677 0.3268
vn -0.7515 0.6246 0.2125
vn -0.6240 0.7369 0.2600
vn -0.6585 0.7360 0.1573
vn -0.9523 0.1958 0.2343
vn -0.9236 -0.3828 -0.0200
vn -0.9153 -0.4024 -0.0170
vn -0.9624 -0.0148 0.2713
vn -0.9872 0.0201 0.1581
vn -0.9791 -0.1144 0.1682
vn -0.9544 0.0931 0.2837
vn -0.9781 0.0788 0.1924
vn -0.9533 0.0877 0.2891
vn -0.9668 0.0185 0.2548
vn -0.9484 0.0324 0.3154
vn -0.7300 0.1430 -0.6683
vn -0.7615 0.0408 -0.6468
vn -0.7830 -0.0302 -0.6213
vn -0.2300 0.1320 -0.9642
vn -0.1734 0.9577 -0.2296
vn -0.4751 0.2649 0.8391
vn -0.7104 0.2491 0.6583
vn -0.8202 0.1866 0.5408
vn -0.1684 0.9787 0.1174
vn -0.4811 0.8310 -0.2791
vn -0.2045 0.4709 -0.8581
vn -0.7693 0.2721 0.5780
vn -0.7023 0.4059 0.5849
vn -0.7955 0.3345 0.5052
vn -0.5790 0.4693 -0.6667
vn -0.3960 0.5591 -0.7284
vn -0.6646 0.7113 -0.2287
vn -0.8121 0.4795 -0.3326
vn -0.6485 0.6579 -0.3828
vn -0.7695 0.3902 -0.5056
vn -0.6721 0.2957 -0.6788
vn -0.5160 0.4022 -0.7563
vn 0.9420 -0.2094 0.2623
vn -0.4871 0.5324 0.6924
vn -0.4860 0.4951 0.7202
vn -0.2222 -0.3808 0.8975
vn -0.1333 -0.4632 0.8762
vn -0.6291 -0.0471 -0.7759
vn -0.7800 -0.1309 -0.6120
vn -0.7089 -0.0194 0.7050
vn -0.8010 -0.1503 0.5795
vn -0.7348 -0.2569 0.6278
vn -0.8484 -0.2266 0.4783
vn -0.8975 -0.1170 0.4252
vn -0.6080 0.1225 0.7844
vn -0.6509 -0.1284 0.7483
vn -0.6656 0.1876 0.7224
vn -0.2092 0.7006 -0.6822
vn -0.2007 0.5834 -0.7870
vn -0.7570 0.3204 0.5696
vn -0.7251 0.3639 0.5847
vn -0.7755 0.2247 0.5900
vn -0.6382 0.3045 0.7071
vn -0.6628 0.2143 0.7175
vn -0.8198 0.2700 0.5049
vn -0.8179 0.1900 0.5431
vn -0.8538 0.2600 0.4511
vn -0.8849 0.3141 0.3439
vn -0.8802 0.2473 0.4052
vn -0.8413 -0.1622 0.5157
vn -0.6758 0.0338 0.7363
vn -0.8161 0.1841 0.5477
vn -0.4848 0.2146 0.8479
vn -0.7052 0.1493 0.6931
vn -0.4605 0.2996 0.8356
vn -0.5107 0.0869 0.8554
vn -0.9014 0.3683 0.2279
vn -0.9342 0.2566 0.2479
vn -0.8820 0.4037 0.2434
vn -0.9198 -0.0407 0.3903
vn -0.8941 0.2929 0.3390
vn -0.4918 0.5635 0.6638
vn -0.6488 0.4712 0.5975
vn -0.6169 0.5488 0.5642
vn -0.7832 0.4191 0.4592
vn -0.7696 0.4970 0.4010
vn -0.5935 0.3762 0.7115
vn -0.7000 0.2351 0.6744
vn -0.4249 0.3586 0.8311
vn -0.2644 0.0750 0.9615
vn -0.3413 0.0605 0.9380
vn -0.3167 0.1784 0.9316
vn -0.3553 0.2022 0.9126
vn -0.3604 0.2994 0.8835
vn -0.3400 0.2661 0.9020
vn -0.3298 0.0381 0.9433
vn -0.5747 -0.0381 0.8175
vn -0.4067 0.0540 0.9120
vn -0.4568 -0.0040 0.8896
vn -0.6443 -0.0204 0.7645
vn -0.5428 0.0354 0.8391
vn -0.6709 0.0073 0.7416
vn -0.5729 0.0803 0.8157
vn -0.4042 0.1205 0.9067
vn -0.4269 0.1900 0.8841
vn -0.3126 0.3077 0.8987
vn -0.3412 0.3432 0.8751
vn -0.4596 0.2101 0.8629
vn -0.3797 0.2371 0.8942
vn -0.3328 0.2718 0.9030
vn -0.5324 0.1235 0.8374
vn -0.6496 0.0240 0.7599
vn -0.5873 0.1153 0.8011
vn -0.5316 0.2278 0.8158
vn -0.2325 -0.1083 -0.9665
vn -0.2444 0.3593 0.9006
vn -0.2571 0.2944 0.9205
vn -0.2576 0.2704 0.9277
vn -0.2978 0.2815 0.9122
vn -0.2838 0.3020 0.9101
vn -0.4228 0.2746 0.8636
vn -0.3212 0.2824 0.9039
vn -0.5502 0.2725 0.7893
vn -0.5740 0.2548 0.7782
vn -0.5056 0.3324 0.7962
vn -0.5226 0.3112 0.7937
vn -0.6264 0.2609 0.7345
vn -0.4195 0.3313 0.8451
vn -0.3303 0.3120 0.8908
vn -0.4209 0.3147 0.8507
vn -0.4975 0.3002 0.8139
vn -0.4818 0.3430 0.8064
vn -0.2209 0.3173 0.9222
vn -0.2214 0.3395 0.9142
vn -0.3854 0.4645 0.7973
vn -0.3153 0.4319 0.8450
vn -0.8938 -0.2345 -0.3822
vn -0.9593 -0.1014 -0.2634
vn -0.9193 -0.1721 -0.3539
vn 0.1319 0.5514 0.8238
vn -0.5126 0.5109 0.6901
vn -0.6527 0.4082 0.6383
vn -0.6467 0.4256 0.6329
vn -0.7717 0.3530 0.5290
vn -0.5011 0.4734 0.7245
vn -0.4959 -0.6167 0.6113
vn -0.6704 -0.3465 0.6561
vn -0.5247 -0.4920 0.6948
vn -0.6808 -0.2012 0.7043
vn -0.3541 -0.5562 0.7518
vn -0.3631 -0.6705 0.6470
vn 0.8269 0.5544 -0.0940
vn 0.7989 0.3580 -0.4834
vn -0.7431 0.4449 0.4998
vn -0.5581 0.5540 0.6177
vn -0.6546 0.4867 0.5785
vn -0.8306 0.1037 0.5472
vn -0.7247 0.5202 0.4519
vn -0.8001 0.2663 0.5375
vn -0.7982 0.3178 0.5118
vn -0.8081 0.0229 0.5886
vn -0.7644 -0.1458 0.6281
vn -0.7986 0.1687 0.5777
vn -0.7669 -0.0335 0.6409
vn -0.6344 -0.0578 0.7709
vn -0.2363 0.9715 -0.0191
vn -0.1723 -0.1982 0.9649
vn -0.3315 -0.3883 0.8599
vn -0.3698 0.2485 0.8953
vn -0.3385 0.2418 0.9094
vn -0.2150 0.8217 -0.5278
vn -0.2533 -0.2149 0.9432
vn -0.1774 0.1040 0.9786
vn -0.2732 0.1073 0.9560
vn -0.1978 0.1945 0.9607
vn -0.3034 0.2068 0.9301
vn -0.4297 0.2289 0.8735
vn -0.5346 0.2665 0.8020
vn -0.3933 0.1104 0.9127
vn -0.2828 -0.4532 0.8454
vn -0.3181 -0.5875 0.7441
vn -0.6267 0.2095 0.7506
vn -0.8502 0.1947 0.4891
vn -0.8977 0.1067 0.4275
vn -0.7960 0.2495 0.5515
vn -0.8746 0.1741 0.4524
vn -0.8454 0.0953 0.5255
vn -0.6754 0.2801 0.6822
vn -0.9202 0.0503 0.3883
vn -0.8874 -0.0447 0.4589
vn -0.9330 0.0669 0.3537
vn -0.9337 0.0493 0.3546
vn 0.9804 -0.0578 0.1885
vn -0.9086 0.1055 0.4041
vn 0.6723 -0.0233 0.7399
vn 0.8102 0.1378 0.5698
vn 0.8425 0.0677 0.5344
vn 0.6341 0.4407 0.6354
vn -0.6535 0.6005 0.4608
vn -0.6795 0.5499 0.4857
vn 0.4544 0.1042 -0.8847
vn -0.5790 0.7212 0.3804
vn -0.4827 0.7816 0.3950
vn -0.6169 0.6638 0.4229
vn -0.5200 0.7289 0.4452
vn -0.4016 0.7835 0.4742
vn -0.3762 0.8371 0.3973
vn -0.5545 0.6670 0.4977
vn -0.5776 0.6156 0.5362
vn -0.4205 0.7248 0.5458
vn -0.4329 0.6718 0.6011
vn -0.6967 0.4940 0.5202
vn -0.5873 0.5595 0.5849
vn -0.5896 0.4546 0.6676
vn -0.4331 0.6099 0.6636
vn -0.4267 0.4940 0.7575
vn -0.5614 0.3115 0.7667
vn -0.4041 0.3261 0.8546
vn -0.4933 0.1050 0.8635
vn -0.7922 -0.1243 -0.5975
vn 0.1210 0.6360 -0.7621
vn -0.2515 0.2481 0.9355
vn -0.1160 0.1786 0.9771
vn -0.1175 -0.2830 -0.9519
vn 0.0215 -0.2848 -0.9584
vn 0.3399 -0.0754 0.9374
vn 0.0284 -0.0442 -0.9986
vn 0.5767 0.6964 0.4271
vn 0.4752 0.5766 0.6646
vn -0.0651 -0.9953 0.0718
vn 0.0312 -0.9670 0.2529
vn -0.3798 -0.6751 0.6324
vn -0.5279 -0.7397 0.4173
vn -0.7112 0.5338 0.4575
vn -0.7296 0.4539 0.5114
vn -0.7092 0.0433 0.7037
vn -0.9530 -0.3027 -0.0084
vn -0.9857 -0.1643 0.0375
vn 0.3563 0.2092 0.9106
vn -0.9948 0.0425 -0.0929
vn -0.9349 0.1150 -0.3359
vn 0.7446 0.4764 0.4676
vn 0.4224 -0.0041 0.9064
vn 0.2263 -0.1195 0.9667
vn 0.4664 -0.1267 0.8755
vn 0.0133 -0.9971 0.0743
vn 0.0095 0.1807 -0.9835
vn 0.0339 0.2121 -0.9767
vn 0.0308 0.2432 -0.9695
vn 0.6684 0.2262 0.7085
vn 0.5665 0.0192 0.8238
vn 0.3897 -0.0819 0.9173
vn 0.6601 0.7510 -0.0153
vn 0.6160 -0.0021 0.7877
vn 0.7642 0.1687 0.6226
vn 0.2352 -0.1826 0.9547
vn 0.4220 -0.1074 0.9002
vn 0.1243 -0.2823 0.9512
vn 0.2930 -0.1993 0.9351
vn 0.0768 0.3329 -0.9398
vn 0.1569 0.5116 -0.8448
vn 0.2038 0.5533 0.8077
vn 0.1098 0.1522 0.9822
vn -0.0189 0.4844 0.8747
vn 0.6593 0.4724 0.5849
vn 0.7530 0.5835 0.3041
vn 0.8170 0.3701 0.4422
vn 0.3413 0.6357 0.6924
vn 0.1778 0.6644 0.7260
vn 0.1205 0.7372 0.6648
vn 0.1068 0.6906 0.7153
vn -0.0932 0.5900 0.8020
vn 0.2256 0.6318 -0.7416
vn 0.3316 0.7242 -0.6046
vn 0.3769 0.7817 -0.4969
vn 0.0340 0.4204 -0.9067
vn -0.0252 0.2607 -0.9651
vn 0.0354 0.3537 -0.9347
vn 0.2027 0.6214 -0.7568
vn 0.1872 0.5566 -0.8094
vn 0.3581 -0.2346 0.9037
vn -0.2047 0.4347 0.8770
vn 0.0355 0.3162 -0.9480
vn -0.1288 0.0723 0.9890
vn -0.0343 -0.2341 0.9716
vn -0.0285 0.0399 0.9988
vn 0.2151 0.2306 -0.9490
vn 0.0340 0.2156 -0.9759
vn 0.3858 0.2815 -0.8786
vn 0.1337 0.5022 -0.8543
vn -0.0207 0.3748 -0.9269
vn -0.1928 0.6075 0.7706
vn -0.0153 0.4572 0.8892
vn -0.0066 0.6569 0.7540
vn 0.9021 0.2688 0.3377
vn 0.4589 -0.0980 0.8831
vn 0.6418 0.0062 0.7668
vn 0.1384 0.5245 -0.8401
vn 0.0980 0.4446 -0.8904
vn 0.0367 0.4324 -0.9009
vn 0.1174 0.4851 -0.8666
vn -0.0354 -0.3123 0.9493
vn -0.0352 -0.2961 0.9545
vn 0.3923 0.7878 0.4749
vn 0.2633 0.6690 0.6951
vn 0.9526 0.1227 0.2784
vn 0.9994 -0.0051 -0.0340
vn 0.5106 -0.1222 0.8511
vn 0.8774 -0.0847 0.4722
vn 0.4444 -0.1995 0.8733
vn 0.6678 0.0106 0.7443
vn 0.8820 -0.4064 0.2385
vn 0.8998 -0.4069 0.1577
vn 0.9185 -0.3382 0.2050
vn 0.9241 -0.3526 0.1476
vn 0.7444 -0.4881 0.4557
vn 0.5978 -0.6959 0.3980
vn 0.6944 -0.6423 0.3245
vn -0.0359 -0.8397 0.5419
vn 0.2564 -0.6355 0.7283
vn -0.0378 -0.6381 0.7690
vn 0.6441 -0.2319 0.7290
vn 0.6459 -0.3101 0.6976
vn 0.7233 -0.3516 0.5943
vn 0.1806 -0.9152 0.3604
vn 0.4283 -0.7753 0.4643
vn 0.2208 -0.8283 0.5150
vn 0.4979 -0.8248 0.2679
vn 0.8049 -0.5406 0.2447
vn 0.7933 -0.5488 0.2637
vn 0.7357 -0.6303 0.2478
vn 0.8598 -0.4672 0.2062
vn 0.8330 -0.5097 0.2151
vn 0.9308 -0.3596 0.0662
vn 0.8945 -0.4245 0.1401
vn 0.1915 0.0261 0.9812
vn 0.8640 -0.4653 0.1924
vn 0.6697 -0.7055 0.2320
vn 0.6000 -0.7714 0.2120
vn 0.5597 -0.1688 0.8113
vn 0.7232 -0.1573 0.6725
vn 0.6709 -0.1041 0.7342
vn 0.7418 -0.1637 0.6503
vn 0.6918 -0.0964 0.7156
vn 0.1463 -0.9540 0.2616
vn 0.3434 -0.8816 0.3237
vn 0.2786 -0.9349 0.2199
vn 0.7588 -0.5674 0.3197
vn 0.6440 -0.6853 0.3401
vn 0.8959 -0.4282 0.1184
vn 0.8553 -0.4588 0.2407
vn 0.5527 -0.7908 0.2629
vn 0.9356 -0.3498 0.0470
vn 0.8372 -0.3984 0.3746
vn 0.4387 -0.7558 0.4861
vn -0.0356 -0.3292 0.9436
vn -0.0313 -0.0822 0.9961
vn 0.2137 -0.9609 0.1760
vn 0.3936 -0.9016 0.1797
vn 0.2655 -0.9301 0.2539
vn 0.4840 -0.8532 0.1943
vn 0.7703 -0.5557 0.3128
vn 0.1048 -0.8903 0.4431
vn -0.0301 -0.9704 0.2397
vn -0.0341 -0.9033 0.4276
vn -0.0371 -0.7756 0.6301
vn 0.5075 -0.3290 0.7964
vn 0.5013 -0.5687 0.6521
vn 0.1656 -0.7704 0.6157
vn 0.3410 -0.8619 0.3753
vn 0.6854 -0.2814 0.6716
vn 0.7658 -0.3624 0.5313
vn 0.6577 -0.5077 0.5565
vn 0.6958 -0.2797 0.6616
vn 0.7614 -0.2305 0.6059
vn 0.8068 -0.3417 0.4820
vn 0.7868 -0.2471 0.5656
vn 0.7733 -0.3177 0.5488
vn 0.8011 -0.2654 0.5365
vn 0.7362 -0.1720 0.6545
vn 0.8373 -0.3500 0.4201
vn 0.8574 -0.3599 0.3678
vn 0.8219 -0.2695 0.5018
vn 0.8278 -0.4466 0.3395
vn 0.8583 -0.4374 0.2681
vn 0.5144 -0.0651 0.8551
vn 0.8192 -0.1842 0.5432
vn 0.7513 -0.1912 0.6317
vn 0.1145 -0.9677 0.2245
vn 0.2606 -0.3611 0.8954
vn -0.0307 -0.9640 0.2641
vn 0.5208 0.5761 0.6299
vn 0.7328 0.4097 0.5432
vn 0.8945 -0.3219 0.3101
vn 0.5865 -0.1599 0.7940
vn -0.0333 -0.9230 0.3833
vn 0.8822 -0.2351 0.4079
vn 0.7980 -0.4316 0.4206
vn -0.4214 -0.2160 0.8808
vn -0.5143 -0.0748 0.8544
vn -0.3567 -0.1838 0.9160
vn -0.8828 0.4561 0.1124
vn -0.9060 0.3432 -0.2479
vn -0.7926 0.5930 -0.1417
vn -0.7511 0.3949 -0.5290
vn -0.6183 0.6233 -0.4787
vn -0.4191 0.5554 -0.7182
vn -0.3195 0.2982 -0.8994
vn -0.2277 0.4756 -0.8497
vn -0.7150 0.0097 0.6990
vn -0.8349 0.1769 0.5212
vn -0.6849 0.0378 0.7277
vn -0.8684 0.1084 0.4839
vn -0.9067 0.3118 0.2842
vn -0.5489 0.3670 -0.7510
vn -0.0857 0.4133 -0.9066
vn -0.1475 0.2393 -0.9597
vn -0.2460 -0.1004 0.9641
vn -0.1329 -0.2562 0.9575
vn -0.2994 -0.1700 0.9389
vn -0.4694 0.2344 0.8513
vn -0.3093 0.5560 0.7715
vn -0.2509 0.5726 0.7805
vn -0.3829 0.1688 0.9082
vn -0.2243 0.5636 0.7950
vn -0.4048 0.8110 0.4224
vn -0.4366 0.8984 -0.0479
vn -0.3815 0.8063 0.4519
vn 0.0395 0.4203 -0.9065
vn -0.0592 0.5069 -0.8600
vn -0.0636 0.5294 -0.8460
vn -0.5076 0.8580 -0.0782
vn -0.3181 0.7476 -0.5830
vn -0.4751 0.8680 -0.1448
vn -0.0263 0.4456 -0.8948
vn -0.2160 0.6300 -0.7460
vn -0.0822 0.5174 -0.8518
vn -0.4712 0.7755 0.4201
vn -0.5670 0.7237 0.3934
vn -0.4855 0.5996 0.6363
vn -0.6693 0.5041 0.5458
vn -0.5053 0.4014 0.7639
vn -0.1753 0.5994 -0.7811
vn -0.3709 0.7667 -0.5240
vn -0.4499 0.7664 -0.4585
vn -0.2855 0.6578 -0.6970
vn -0.0430 0.4886 -0.8714
vn -0.0053 0.3351 -0.9422
vn -0.0241 0.4474 -0.8940
vn -0.1365 0.5508 -0.8234
vn -0.3507 0.6523 0.6719
vn -0.7907 0.2057 0.5767
vn -0.4362 0.8880 -0.1452
vn 0.0379 0.2430 -0.9693
vn 0.0944 0.2579 -0.9615
vn 0.0366 0.3537 -0.9346
vn 0.0570 0.1795 -0.9821
vn 0.0331 0.1705 -0.9848
vn -0.6975 0.2588 0.6682
vn -0.4464 -0.0622 0.8927
vn -0.1600 0.1587 0.9743
vn -0.6216 0.7815 -0.0531
vn -0.7410 0.6191 0.2601
vn -0.6608 0.0284 0.7500
vn -0.4789 -0.0860 0.8736
vn -0.1934 -0.2747 0.9419
vn -0.8231 0.4092 0.3937
vn -0.9694 0.2453 -0.0037
vn -0.9605 0.1683 0.2218
vn -0.6125 0.0473 0.7891
vn -0.5651 -0.0965 0.8194
vn -0.1280 0.6293 -0.7666
vn -0.1885 0.6730 0.7152
vn -0.1242 0.7429 0.6577
vn -0.1157 0.6959 0.7088
vn -0.0096 0.4843 0.8749
vn -0.2716 0.6819 0.6792
vn -0.1513 0.6408 -0.7527
vn -0.2606 0.7383 -0.6221
vn -0.1125 0.5637 -0.8183
vn -0.3094 0.7981 -0.5171
vn -0.2450 -0.3177 0.9160
vn -0.0499 -0.1892 0.9807
vn 0.0736 0.0676 0.9950
vn 0.1732 0.4257 0.8882
vn 0.0738 0.5860 0.8069
vn 0.1759 0.5986 0.7815
vn -0.2925 -0.4110 0.8634
vn -0.5039 -0.1771 0.8454
vn -0.6074 -0.2173 0.7641
vn -0.9469 -0.3080 0.0924
vn -0.9440 -0.2938 0.1502
vn -0.9566 -0.2359 0.1708
vn -0.9258 -0.3635 0.1039
vn -0.9128 -0.3637 0.1857
vn -0.8949 -0.4235 0.1407
vn -0.8924 -0.3958 0.2165
vn -0.8675 -0.4694 0.1650
vn -0.8667 -0.4063 0.2895
vn -0.7922 -0.4516 0.4104
vn -0.6525 -0.6661 0.3612
vn -0.7127 -0.4751 0.5161
vn -0.4913 -0.7534 0.4371
vn -0.5653 -0.5433 0.6206
vn -0.2899 -0.8162 0.4999
vn -0.3288 -0.6215 0.7111
vn -0.2883 -0.1073 0.9515
vn -0.5227 -0.1032 0.8463
vn -0.3298 -0.3471 0.8779
vn -0.6392 -0.1309 0.7578
vn -0.5686 -0.3034 0.7646
vn -0.6961 -0.2001 0.6895
vn -0.6999 -0.2782 0.6578
vn -0.7364 -0.2476 0.6296
vn -0.7728 -0.3161 0.5503
vn -0.2448 -0.9051 0.3478
vn -0.4033 -0.8639 0.3017
vn -0.5514 -0.7999 0.2370
vn -0.7420 -0.6082 0.2821
vn -0.6473 -0.7418 0.1751
vn -0.7150 -0.6725 0.1910
vn -0.8130 -0.5180 0.2660
vn -0.7782 -0.5943 0.2031
vn -0.8326 -0.5101 0.2157
vn -0.8427 -0.5014 0.1962
vn -0.8916 -0.4256 0.1547
vn -0.9204 -0.3813 0.0865
vn -0.9491 -0.3149 0.0107
vn -0.9634 -0.2670 0.0226
vn -0.2474 0.0366 0.9682
vn -0.5664 -0.0394 0.8232
vn -0.5330 -0.0744 0.8428
vn -0.6138 -0.1410 0.7768
vn -0.6871 -0.1804 0.7038
vn -0.6703 -0.1043 0.7347
vn -0.7683 -0.1217 0.6284
vn -0.6645 -0.0724 0.7438
vn -0.7173 -0.0709 0.6931
vn -0.7858 -0.1273 0.6052
vn -0.7366 -0.0624 0.6735
vn -0.6169 -0.0507 0.7854
vn -0.2066 -0.9456 0.2512
vn -0.3352 -0.9203 0.2017
vn -0.4458 -0.8816 0.1548
vn -0.5345 -0.8290 0.1643
vn -0.6042 -0.7633 0.2288
vn -0.6949 -0.6533 0.3006
vn -0.8025 -0.5302 0.2738
vn -0.8888 -0.4175 0.1893
vn -0.9207 -0.3849 0.0647
vn -0.9523 -0.3050 -0.0088
vn -0.5021 -0.7334 0.4583
vn -0.4030 -0.8442 0.3534
vn -0.3239 -0.9160 0.2365
vn -0.2692 -0.9494 0.1617
vn -0.1734 -0.9609 0.2160
vn -0.1730 -0.8837 0.4349
vn -0.2381 -0.7607 0.6038
vn -0.3175 -0.6468 0.6934
vn -0.7461 -0.2454 0.6190
vn -0.8122 -0.3249 0.4846
vn -0.8059 -0.1932 0.5596
vn -0.8491 -0.3023 0.4331
vn -0.8185 -0.2798 0.5017
vn -0.6545 -0.2041 0.7280
vn -0.6679 -0.2318 0.7072
vn -0.7514 -0.1822 0.6342
vn -0.7234 -0.1146 0.6809
vn -0.8296 -0.2086 0.5179
vn -0.8763 -0.3093 0.3695
vn -0.8430 -0.2262 0.4880
vn -0.7808 -0.1359 0.6098
vn -0.7120 -0.0557 0.7000
vn -0.8937 -0.3182 0.3162
vn -0.8620 -0.2294 0.4521
vn -0.7955 -0.1544 0.5860
vn -0.8576 -0.1443 0.4936
vn -0.9149 -0.1923 0.3550
vn -0.9255 -0.2785 0.2566
vn -0.8410 -0.3927 0.3721
vn -0.9600 -0.2078 0.1875
vn -0.9179 -0.1252 0.3767
vn -0.9550 -0.1568 0.2517
vn -0.9475 -0.1060 0.3015
vn -0.9647 -0.1639 0.2061
vn -0.9658 -0.1730 0.1932
vn -0.9806 -0.1589 0.1147
vn -0.0287 0.0299 0.9991
vn -0.4749 0.0172 0.8799
vn -0.5879 0.4167 -0.6934
vn -0.7363 0.1995 -0.6466
vn 0.6080 0.5195 0.6004
vn 0.2195 -0.6238 0.7502
vn -0.6819 -0.0987 -0.7248
vn 0.1494 -0.1902 0.9703
vn 0.4780 0.5404 0.6924
vn -0.9114 -0.4086 -0.0489
vn -0.5016 0.2299 0.8340
vn -0.5217 0.0917 0.8482
vn -0.3586 0.1083 0.9272
vn -0.0176 0.8203 0.5716
vn -0.3631 0.1628 0.9174
vn -0.3487 0.3254 0.8789
vn -0.5483 0.2835 0.7868
vn 0.6260 -0.4702 0.6221
vn -0.2368 -0.1011 0.9663
vn -0.2770 -0.2388 0.9307
vn -0.5791 -0.3477 0.7374
vn -0.5338 0.2468 0.8088
vn -0.5125 0.2387 0.8248
vn -0.3505 -0.8775 0.3274
vn -0.0359 -0.8422 0.5380
vn -0.3268 -0.8009 0.5017
vn 0.0147 -0.4716 -0.8817
vn 0.0144 -0.4804 -0.8769
vn -0.3874 -0.3588 0.8492
vn -0.4322 -0.0865 0.8976
vn 0.0199 0.9917 0.1267
vn 0.1994 0.8555 0.4779
vn -0.5991 0.4850 0.6371
vn -0.4095 -0.8074 0.4248
vn -0.0079 -0.8925 -0.4509
vn 0.0378 0.6009 -0.7984
vn 0.0373 0.4891 -0.8714
vn -0.0293 0.0065 0.9996
vn -0.1462 0.0457 0.9882
vn -0.0377 -0.7034 0.7098
vn -0.3360 -0.6616 0.6704
vn -0.0378 -0.5737 0.8182
vn -0.3577 -0.5252 0.7721
vn 0.0263 -0.1242 -0.9919
vn 0.0220 -0.2674 -0.9633
vn 0.0290 -0.0193 -0.9994
vn 0.0323 0.1296 -0.9910
vn 0.0181 -0.3810 -0.9244
vn 0.0700 0.9572 -0.2808
vn 0.0079 0.8929 0.4502
vn -0.0340 -0.2254 0.9737
vn -0.4793 0.4933 0.7259
vn -0.8005 0.3894 0.4556
vn -0.7749 0.3524 0.5246
vn 0.8871 -0.1682 0.4299
vn -0.7058 -0.6329 0.3184
vn 0.4738 0.2152 0.8539
vn -0.0347 -0.8904 0.4539
vn -0.0255 0.1522 0.9880
vn 0.4512 -0.2531 0.8558
vn -0.3511 -0.2915 0.8898
vn -0.2329 -0.3117 0.9212
vn -0.3529 -0.8623 0.3632
vn 0.0762 -0.6889 0.7209
vn 0.2804 0.2680 0.9217
vn -0.7613 0.1794 0.6231
vn -0.7281 0.5106 0.4573
vn -0.4392 0.1065 0.8920
vn -0.1830 -0.0390 0.9823
vn -0.0322 -0.1257 0.9915
vn -0.3138 -0.1628 0.9354
vn 0.0898 0.0403 0.9951
vn 0.0791 0.2413 0.9672
vn 0.2682 -0.1104 0.9570
vn 0.0691 -0.9331 0.3530
vn -0.3288 -0.0961 0.9395
vn -0.1338 -0.9282 0.3471
vn 0.0371 0.7763 0.6292
vn -0.5614 -0.0329 0.8269
vn -0.3868 0.0269 0.9218
vn -0.5492 0.0673 0.8330
vn -0.5966 0.0796 0.7986
vn -0.6101 -0.0301 0.7917
vn -0.2190 -0.0485 0.9745
vn -0.3952 -0.0419 0.9176
vn -0.5617 0.1848 0.8065
vn -0.2030 0.0208 0.9790
vn -0.3645 0.0929 0.9266
vn -0.5171 0.1634 0.8402
vn -0.5064 0.2812 0.8151
vn -0.1850 0.0518 0.9814
vn -0.3298 0.1531 0.9316
vn -0.4664 0.2519 0.8479
vn -0.3989 0.3291 0.8559
vn -0.4324 0.3658 0.8242
vn -0.2835 0.2054 0.9367
vn -0.3422 0.4355 0.8326
vn -0.1328 0.1001 0.9861
vn -0.2271 0.2487 0.9416
vn -0.3167 0.3926 0.8635
vn -0.2224 0.4394 0.8703
vn -0.2397 0.4865 0.8402
vn -0.0980 0.1170 0.9883
vn -0.1626 0.2803 0.9460
vn -0.1206 0.4672 0.8759
vn -0.1285 0.5168 0.8464
vn -0.0626 0.1266 0.9900
vn -0.0930 0.2990 0.9497
vn -0.0126 0.5252 0.8509
vn -0.0210 0.3042 0.9524
vn -0.0149 0.4749 0.8799
vn 0.1029 0.5113 0.8532
vn 0.0108 0.1243 0.9922
vn 0.0509 0.2957 0.9539
vn 0.0908 0.4622 0.8821
vn 0.2126 0.4756 0.8536
vn 0.1201 0.2734 0.9544
vn 0.1917 0.4294 0.8825
vn 0.3128 0.4199 0.8520
vn 0.0779 0.0958 0.9924
vn 0.1826 0.2390 0.9537
vn 0.2834 0.3785 0.8812
vn 0.3629 0.3111 0.8784
vn 0.4000 0.3462 0.8486
vn 0.2371 0.1934 0.9521
vn 0.4704 0.2579 0.8440
vn 0.1294 0.0434 0.9906
vn 0.2815 0.1382 0.9496
vn 0.4273 0.2305 0.8743
vn 0.4739 0.1399 0.8694
vn 0.5215 0.1588 0.8383
vn 0.3135 0.0767 0.9465
vn 0.5019 0.0421 0.8639
vn 0.5518 0.0522 0.8324
vn 0.1556 -0.0225 0.9876
vn 0.3326 0.0101 0.9430
vn 0.5096 -0.0587 0.8584
vn 0.5601 -0.0580 0.8264
vn 0.3382 -0.0595 0.9392
vn 0.5469 -0.1677 0.8202
vn 0.1542 -0.0922 0.9837
vn 0.3298 -0.1280 0.9353
vn 0.4974 -0.1588 0.8528
vn 0.5119 -0.2727 0.8146
vn 0.3076 -0.1935 0.9316
vn 0.4653 -0.2551 0.8476
vn 0.4565 -0.3692 0.8095
vn 0.1245 -0.1585 0.9795
vn 0.2725 -0.2541 0.9280
vn 0.4148 -0.3437 0.8425
vn 0.3467 -0.4214 0.8380
vn 0.3824 -0.4544 0.8045
vn 0.2260 -0.3068 0.9246
vn 0.2920 -0.5242 0.7999
vn 0.0722 -0.2067 0.9757
vn 0.1699 -0.3499 0.9213
vn 0.2643 -0.4848 0.8337
vn 0.1703 -0.5317 0.8296
vn 0.1894 -0.5753 0.7957
vn 0.1054 -0.3815 0.9183
vn 0.0683 -0.5596 0.8259
vn 0.0784 -0.6058 0.7918
vn 0.0025 -0.2329 0.9725
vn 0.0356 -0.4004 0.9156
vn -0.0375 -0.5672 0.8228
vn -0.0379 -0.6143 0.7882
vn -0.0367 -0.4055 0.9133
vn -0.1433 -0.5545 0.8197
vn -0.1534 -0.6003 0.7850
vn -0.0710 -0.2311 0.9703
vn -0.1088 -0.3970 0.9114
vn -0.2631 -0.5645 0.7824
vn -0.1771 -0.3747 0.9101
vn -0.2440 -0.5218 0.8175
vn -0.3632 -0.5086 0.7806
vn -0.1390 -0.2023 0.9694
vn -0.2399 -0.3400 0.9093
vn -0.3358 -0.4705 0.8160
vn -0.4153 -0.4029 0.8156
vn -0.4501 -0.4346 0.7801
vn -0.2945 -0.2943 0.9092
vn -0.5204 -0.3460 0.7807
vn -0.1898 -0.1501 0.9703
vn -0.3385 -0.2397 0.9099
vn -0.4794 -0.3223 0.8163
vn -0.5258 -0.2317 0.8184
vn -0.5713 -0.2471 0.7827
vn -0.3706 -0.1774 0.9117
vn -0.5535 -0.1340 0.8220
vn -0.6016 -0.1403 0.7864
vn -0.2064 -0.1186 0.9713
vn -0.3899 -0.1105 0.9142
vn -0.0307 -0.0542 0.9981
vn -0.2143 -0.0138 0.9767
vn -0.1619 0.0777 0.9837
vn -0.0272 0.1290 0.9913
vn 0.0465 0.1129 0.9925
vn 0.1060 0.0723 0.9917
vn 0.1461 0.0118 0.9892
vn 0.1585 -0.0577 0.9857
vn 0.1426 -0.1272 0.9816
vn 0.1011 -0.1845 0.9776
vn 0.0383 -0.2233 0.9740
vn -0.0337 -0.2355 0.9713
vn -0.1074 -0.2195 0.9697
vn -0.1665 -0.1789 0.9697
vn -0.2161 -0.0843 0.9727
vn -0.7981 0.0507 -0.6003
vn -0.8824 0.2152 -0.4183
vn -0.7799 0.2037 -0.5919
vn -0.9993 0.0238 -0.0295
vn -0.9498 0.2179 -0.2243
vn -0.9714 0.0345 -0.2348
vn -0.9841 0.0121 0.1771
vn -0.9071 0.1717 0.3843
vn -0.9625 0.1955 0.1879
vn -0.8335 -0.0119 0.5523
vn -0.6884 0.1040 0.7178
vn -0.8153 0.1411 0.5616
vn -0.5090 0.0585 -0.8588
vn -0.3296 0.1276 -0.9355
vn -0.3381 0.0588 -0.9393
vn -0.6488 0.1843 -0.7383
vn -0.6644 0.0556 -0.7453
vn -0.9028 0.0437 -0.4277
vn -0.9772 0.2114 -0.0186
vn -0.9275 0.0002 0.3738
vn -0.6053 -0.0303 0.7954
vn -0.7039 -0.0234 0.7099
vn -0.1539 0.0929 -0.9837
vn -0.1585 0.0574 -0.9857
vn -0.4968 0.1586 -0.8533
vn -0.8541 0.3370 0.3962
vn -0.5921 0.0783 0.8021
vn -0.6482 0.2267 0.7269
vn -0.3074 0.1936 -0.9317
vn -0.1426 0.1267 -0.9816
vn -0.4647 0.2547 -0.8480
vn -0.8293 0.3807 -0.4090
vn -0.7320 0.3511 -0.5838
vn -0.8935 0.3950 -0.2138
vn -0.9062 0.3725 0.2001
vn -0.7677 0.2882 0.5724
vn -0.6082 0.3081 -0.7316
vn -0.9199 0.3921 -0.0071
vn -0.7697 0.4903 0.4090
vn -0.5026 0.2783 0.8185
vn -0.5841 0.3399 0.7371
vn -0.1244 0.1579 -0.9796
vn -0.4139 0.3433 -0.8431
vn -0.7448 0.5342 -0.3999
vn -0.6561 0.4872 -0.5764
vn -0.8036 0.5595 -0.2032
vn -0.8163 0.5369 0.2130
vn -0.6917 0.4243 0.5844
vn -0.2726 0.2541 -0.9280
vn -0.5435 0.4224 -0.7254
vn -0.8281 0.5606 0.0050
vn -0.5896 0.5442 0.5968
vn -0.6557 0.6259 0.4223
vn -0.4986 0.4392 0.7474
vn -0.2259 0.3070 -0.9245
vn -0.1004 0.1849 -0.9776
vn -0.4571 0.5227 -0.7196
vn -0.3462 0.4209 -0.8384
vn -0.5537 0.6076 -0.5694
vn -0.6821 0.7054 -0.1929
vn -0.6950 0.6826 0.2259
vn -0.6305 0.6703 -0.3914
vn -0.7041 0.7099 0.0169
vn -0.5154 0.7383 0.4350
vn -0.3397 0.4313 0.8358
vn -0.3940 0.5207 0.7574
vn -0.0722 0.2066 -0.9757
vn -0.3514 0.6052 -0.7143
vn -0.2638 0.4843 -0.8342
vn -0.4284 0.7069 -0.5628
vn -0.5513 0.8339 0.0284
vn -0.5324 0.8265 -0.1832
vn -0.5453 0.8036 0.2385
vn -0.4645 0.6432 0.6087
vn -0.1698 0.3498 -0.9213
vn -0.4903 0.7827 -0.3834
vn -0.3205 0.7166 0.6194
vn -0.3537 0.8218 0.4467
vn -0.2738 0.5811 0.7664
vn -0.1055 0.3815 -0.9183
vn -0.0386 0.2230 -0.9741
vn -0.2303 0.6661 -0.7094
vn -0.1701 0.5311 -0.8301
vn -0.2844 0.7804 -0.5568
vn -0.3592 0.9169 -0.1740
vn -0.3724 0.8938 0.2500
vn -0.3285 0.8664 -0.3760
vn -0.3741 0.9266 0.0388
vn -0.1637 0.7605 0.6284
vn -0.1769 0.8720 0.4563
vn -0.1277 0.5120 0.8495
vn -0.1435 0.6170 0.7738
vn -0.0024 0.2328 -0.9725
vn -0.0989 0.7026 -0.7047
vn -0.0680 0.5591 -0.8263
vn -0.1273 0.8246 -0.5512
vn -0.1695 0.9714 -0.1660
vn -0.1825 0.9483 0.2595
vn -0.0354 0.4004 -0.9156
vn -0.1514 0.9170 -0.3691
vn -0.1804 0.9824 0.0477
vn -0.0003 0.7728 0.6347
vn 0.0074 0.8863 0.4631
vn -0.0129 0.5205 0.8538
vn -0.0080 0.6270 0.7790
vn 0.0342 0.2354 -0.9713
vn 0.0378 0.5667 -0.8230
vn 0.0361 0.8370 -0.5460
vn 0.0221 0.9982 0.0549
vn 0.0281 0.9868 -0.1596
vn 0.0151 0.9636 0.2668
vn 0.0363 0.4056 -0.9133
vn 0.0375 0.7128 -0.7004
vn 0.0328 0.9311 -0.3632
vn 0.1910 0.8633 0.4672
vn 0.1269 0.6106 0.7817
vn 0.0710 0.2310 -0.9704
vn 0.1737 0.6961 -0.6966
vn 0.1431 0.5540 -0.8201
vn 0.2164 0.9081 -0.3585
vn 0.1988 0.8168 -0.5416
vn 0.2250 0.9621 -0.1544
vn 0.2119 0.9390 0.2711
vn 0.1624 0.7527 0.6380
vn 0.1085 0.3968 -0.9114
vn 0.2238 0.9728 0.0598
vn 0.3655 0.8046 0.4680
vn 0.1015 0.5066 0.8562
vn 0.2557 0.5685 0.7820
vn 0.1774 0.3746 -0.9101
vn 0.1062 0.2198 -0.9697
vn 0.2435 0.5213 -0.8179
vn 0.3908 0.8493 -0.3549
vn 0.3534 0.7653 -0.5380
vn 0.4122 0.8985 -0.1513
vn 0.3991 0.8754 0.2726
vn 0.3174 0.7013 0.6383
vn 0.3032 0.6535 -0.6936
vn 0.4149 0.9077 0.0621
vn 0.5234 0.7136 0.4657
vn 0.3103 0.4157 0.8549
vn 0.3729 0.5026 0.7800
vn 0.1386 0.2019 -0.9696
vn 0.3353 0.4702 -0.8164
vn 0.5486 0.7580 -0.3528
vn 0.4940 0.6849 -0.5357
vn 0.5809 0.8000 -0.1503
vn 0.5680 0.7770 0.2714
vn 0.4578 0.6213 0.6359
vn 0.2396 0.3403 -0.9093
vn 0.4213 0.5868 -0.6915
vn 0.5876 0.8067 0.0620
vn 0.5786 0.5165 0.6313
vn 0.6586 0.5948 0.4609
vn 0.4738 0.4162 0.7761
vn 0.2944 0.2945 -0.9092
vn 0.1667 0.1782 -0.9698
vn 0.4148 0.4027 -0.8159
vn 0.6146 0.5797 -0.5350
vn 0.7251 0.6719 -0.1513
vn 0.7121 0.6492 0.2673
vn 0.5230 0.4993 -0.6907
vn 0.6837 0.6389 -0.3527
vn 0.7349 0.6755 0.0594
vn 0.7666 0.4537 0.4543
vn 0.4661 0.2553 0.8471
vn 0.5553 0.3128 0.7706
vn 0.1895 0.1504 -0.9703
vn 0.4788 0.3221 -0.8167
vn 0.7915 0.4976 -0.3547
vn 0.7113 0.4546 -0.5361
vn 0.8520 0.5206 0.0545
vn 0.8397 0.5205 -0.1547
vn 0.8269 0.4979 0.2613
vn 0.6756 0.3916 0.6247
vn 0.3386 0.2391 -0.9100
vn 0.6048 0.3950 -0.6915
vn 0.7454 0.2521 0.6171
vn 0.8443 0.2965 0.4464
vn 0.6144 0.1965 0.7641
vn 0.3706 0.1774 -0.9117
vn 0.2061 0.1183 -0.9713
vn 0.6642 0.2776 -0.6941
vn 0.5255 0.2312 -0.8188
vn 0.7810 0.3149 -0.5393
vn 0.9223 0.3517 -0.1602
vn 0.9096 0.3292 0.2535
vn 0.8690 0.3403 -0.3592
vn 0.9363 0.3479 0.0477
vn 0.7865 0.1030 0.6090
vn 0.8900 0.1289 0.4373
vn 0.5468 0.0513 0.8357
vn 0.6492 0.0722 0.7572
vn 0.2160 0.0839 -0.9728
vn 0.6992 0.1522 -0.6985
vn 0.5532 0.1336 -0.8223
vn 0.8220 0.1657 -0.5448
vn 0.9707 0.1720 -0.1676
vn 0.9580 0.1497 0.2444
vn 0.3898 0.1106 -0.9142
vn 0.9148 0.1724 -0.3653
vn 0.9856 0.1646 0.0393
vn 0.7981 -0.0507 0.6004
vn 0.9028 -0.0437 0.4277
vn 0.5552 -0.0581 0.8297
vn 0.6591 -0.0557 0.7500
vn 0.2188 0.0490 -0.9745
vn 0.5610 0.0331 -0.8272
vn 0.8336 0.0119 -0.5522
vn 0.9993 -0.0238 0.0295
vn 0.9841 -0.0121 -0.1771
vn 0.9715 -0.0345 0.2347
vn 0.3953 0.0417 -0.9176
vn 0.7090 0.0232 -0.7048
vn 0.9275 -0.0001 -0.3737
vn 0.8824 -0.2153 0.4183
vn 0.6435 -0.1835 0.7432
vn 0.3869 -0.0267 -0.9217
vn 0.2142 0.0135 -0.9767
vn 0.6935 -0.1055 -0.7127
vn 0.5486 -0.0670 -0.8334
vn 0.9071 -0.1716 -0.3843
vn 0.8153 -0.1411 -0.5616
vn 0.9625 -0.1955 -0.1879
vn 0.9499 -0.2178 0.2242
vn 0.7797 -0.2037 0.5920
vn 0.9772 -0.2113 0.0186
vn 0.8293 -0.3807 0.4091
vn 0.5419 -0.1668 0.8237
vn 0.6031 -0.3063 0.7365
vn 0.3648 -0.0926 -0.9265
vn 0.2030 -0.0200 -0.9790
vn 0.5167 -0.1629 -0.8405
vn 0.8541 -0.3369 -0.3962
vn 0.7677 -0.2881 -0.5724
vn 0.9062 -0.3725 -0.2001
vn 0.8935 -0.3949 0.2138
vn 0.7320 -0.3510 0.5839
vn 0.6530 -0.2290 -0.7219
vn 0.9199 -0.3921 0.0069
vn 0.7447 -0.5342 0.4000
vn 0.4522 -0.3668 0.8130
vn 0.5391 -0.4196 0.7303
vn 0.1850 -0.0510 -0.9814
vn 0.4661 -0.2514 -0.8483
vn 0.7696 -0.4903 -0.4090
vn 0.6917 -0.4242 -0.5844
vn 0.8164 -0.5368 -0.2130
vn 0.8035 -0.5596 0.2031
vn 0.6560 -0.4872 0.5765
vn 0.3299 -0.1529 -0.9316
vn 0.5885 -0.3432 -0.7321
vn 0.8280 -0.5606 -0.0049
vn 0.6305 -0.6702 0.3915
vn 0.4532 -0.5191 0.7246
vn 0.2832 -0.2058 -0.9367
vn 0.1606 -0.0784 -0.9839
vn 0.5022 -0.4432 -0.7425
vn 0.3984 -0.3291 -0.8562
vn 0.6557 -0.6259 -0.4223
vn 0.5896 -0.5443 -0.5968
vn 0.6950 -0.6826 -0.2259
vn 0.6822 -0.7053 0.1927
vn 0.5537 -0.6076 0.5695
vn 0.7042 -0.7098 -0.0169
vn 0.4902 -0.7827 0.3835
vn 0.2895 -0.5203 0.8034
vn 0.3484 -0.6010 0.7193
vn 0.1324 -0.1001 -0.9861
vn 0.3162 -0.3921 -0.8639
vn 0.5154 -0.7383 -0.4351
vn 0.4645 -0.6432 -0.6088
vn 0.5513 -0.8338 -0.0285
vn 0.5453 -0.8036 -0.2384
vn 0.5324 -0.8264 0.1831
vn 0.4285 -0.7068 0.5629
vn 0.2268 -0.2487 -0.9416
vn 0.3968 -0.5254 -0.7527
vn 0.2844 -0.7804 0.5568
vn 0.3283 -0.8665 0.3761
vn 0.2282 -0.6615 0.7144
vn 0.1626 -0.2802 -0.9461
vn 0.0987 -0.1166 -0.9883
vn 0.2755 -0.5863 -0.7618
vn 0.2223 -0.4387 -0.8707
vn 0.3206 -0.7165 -0.6195
vn 0.3742 -0.9265 -0.0389
vn 0.3724 -0.8938 -0.2499
vn 0.3592 -0.9169 0.1741
vn 0.3537 -0.8217 -0.4468
vn 0.1274 -0.8245 0.5513
vn 0.1515 -0.9169 0.3692
vn 0.0771 -0.6014 0.7952
vn 0.0978 -0.6976 0.7098
vn 0.0629 -0.1262 -0.9900
vn 0.1442 -0.6225 -0.7692
vn 0.1204 -0.4665 -0.8763
vn 0.1636 -0.7605 -0.6284
vn 0.1804 -0.9824 -0.0478
vn 0.1825 -0.9483 -0.2596
vn 0.1695 -0.9714 0.1660
vn 0.0929 -0.2990 -0.9497
vn 0.1768 -0.8720 -0.4564
vn -0.0361 -0.8369 0.5462
vn -0.0329 -0.9312 0.3631
vn -0.0377 -0.6100 0.7915
vn -0.0375 -0.7077 0.7056
vn 0.0207 -0.3041 -0.9524
vn 0.0262 -0.1288 -0.9913
vn 0.0146 -0.4742 -0.8803
vn 0.0004 -0.7728 -0.6346
vn -0.0222 -0.9982 -0.0549
vn -0.0151 -0.9636 -0.2669
vn -0.0281 -0.9868 0.1595
vn 0.0079 -0.6327 -0.7744
vn -0.0073 -0.8862 -0.4632
vn -0.2164 -0.9081 0.3585
vn -0.1726 -0.6912 0.7017
vn -0.0109 -0.1243 -0.9922
vn -0.1282 -0.6160 -0.7773
vn -0.0907 -0.4614 -0.8825
vn -0.1910 -0.8633 -0.4672
vn -0.1624 -0.7527 -0.6380
vn -0.2119 -0.9389 -0.2711
vn -0.2249 -0.9621 0.1544
vn -0.1989 -0.8168 0.5416
vn -0.0511 -0.2957 -0.9539
vn -0.2238 -0.9728 -0.0598
vn -0.3907 -0.8493 0.3550
vn -0.1522 -0.5959 0.7885
vn -0.3012 -0.6489 0.6987
vn -0.1196 -0.2737 -0.9544
vn -0.0455 -0.1132 -0.9925
vn -0.1910 -0.4289 -0.8829
vn -0.3656 -0.8046 -0.4680
vn -0.3174 -0.7013 -0.6383
vn -0.4148 -0.9078 -0.0622
vn -0.3991 -0.8754 -0.2727
vn -0.4121 -0.8985 0.1513
vn -0.3534 -0.7652 0.5381
vn -0.2581 -0.5735 -0.7775
vn -0.5486 -0.7580 0.3529
vn -0.3606 -0.5048 0.7843
vn -0.4183 -0.5828 0.6966
vn -0.0787 -0.0949 -0.9924
vn -0.2830 -0.3779 -0.8816
vn -0.5233 -0.7136 -0.4657
vn -0.4577 -0.6214 -0.6359
vn -0.5877 -0.8067 -0.0620
vn -0.5680 -0.7770 -0.2714
vn -0.5810 -0.7999 0.1502
vn -0.4938 -0.6848 0.5358
vn -0.1827 -0.2390 -0.9537
vn -0.3762 -0.5072 -0.7754
vn -0.6145 -0.5798 0.5350
vn -0.6838 -0.6388 0.3527
vn -0.5192 -0.4961 0.6959
vn -0.2371 -0.1933 -0.9521
vn -0.1068 -0.0712 -0.9917
vn -0.4780 -0.4199 -0.7715
vn -0.3625 -0.3107 -0.8787
vn -0.6586 -0.5948 -0.4609
vn -0.5786 -0.5164 -0.6313
vn -0.7121 -0.6492 -0.2673
vn -0.7251 -0.6719 0.1513
vn -0.7349 -0.6755 -0.0594
vn -0.7915 -0.4977 0.3548
vn -0.4468 -0.4317 0.7836
vn -0.6006 -0.3925 0.6966
vn -0.1289 -0.0443 -0.9907
vn -0.4267 -0.2301 -0.8746
vn -0.7667 -0.4537 -0.4543
vn -0.6755 -0.3916 -0.6248
vn -0.8521 -0.5206 -0.0544
vn -0.8269 -0.4979 -0.2613
vn -0.8398 -0.5203 0.1546
vn -0.7113 -0.4546 0.5361
vn -0.2812 -0.1383 -0.9496
vn -0.5600 -0.3159 -0.7659
vn -0.7810 -0.3149 0.5394
vn -0.8691 -0.3403 0.3591
vn -0.5163 -0.3438 0.7844
vn -0.6594 -0.2761 0.6992
vn -0.3135 -0.0762 -0.9465
vn -0.1457 -0.0120 -0.9893
vn -0.6195 -0.1987 -0.7595
vn -0.4735 -0.1392 -0.8697
vn -0.7455 -0.2521 -0.6170
vn -0.9096 -0.3291 -0.2536
vn -0.9223 -0.3517 0.1601
vn -0.8443 -0.2965 -0.4464
vn -0.9363 -0.3479 -0.0476
vn -0.8220 -0.1657 0.5449
vn -0.9147 -0.1725 0.3654
vn -0.5969 -0.1396 0.7901
vn -0.6942 -0.1516 0.7037
vn -0.1557 0.0226 -0.9875
vn -0.6545 -0.0734 -0.7525
vn -0.5012 -0.0420 -0.8643
vn -0.7865 -0.1029 -0.6089
vn -0.9580 -0.1497 -0.2444
vn -0.9707 -0.1722 0.1675
vn -0.3327 -0.0097 -0.9430
vn -0.8900 -0.1289 -0.4373
vn -0.9856 -0.1647 -0.0393
vn 0.0307 0.0542 -0.9981
vn -0.5669 -0.2453 0.7865
vn -0.2613 -0.5602 0.7860
vn 0.1876 -0.5709 0.7993
vn 0.5072 -0.2707 0.8182
vn 0.5168 0.1568 0.8416
vn 0.2106 0.4711 0.8566
vn -0.2380 0.4818 0.8434
vn -0.5573 0.1826 0.8100
vn -0.5616 -0.0331 0.8268
vn -0.5494 0.0672 0.8329
vn -0.5967 0.0797 0.7985
vn -0.6099 -0.0299 0.7919
vn -0.3953 -0.0419 0.9176
vn -0.2145 -0.0127 0.9766
vn -0.5617 0.1844 0.8065
vn -0.3646 0.0929 0.9265
vn -0.5172 0.1634 0.8401
vn -0.5064 0.2812 0.8152
vn -0.1854 0.0508 0.9813
vn -0.3298 0.1530 0.9316
vn -0.4667 0.2517 0.8479
vn -0.3990 0.3292 0.8558
vn -0.4325 0.3660 0.8240
vn -0.2834 0.2055 0.9367
vn -0.3424 0.4353 0.8326
vn -0.1320 0.1008 0.9861
vn -0.2269 0.2486 0.9417
vn -0.2225 0.4394 0.8703
vn -0.2398 0.4865 0.8402
vn -0.1626 0.2800 0.9461
vn -0.1206 0.4673 0.8759
vn -0.1285 0.5167 0.8465
vn -0.0636 0.1262 0.9900
vn -0.0931 0.2990 0.9497
vn -0.0146 0.4747 0.8800
vn -0.0124 0.5252 0.8509
vn -0.0204 0.3041 0.9524
vn 0.0909 0.4622 0.8821
vn 0.1030 0.5113 0.8532
vn 0.0110 0.1247 0.9921
vn 0.0514 0.2955 0.9539
vn 0.2125 0.4758 0.8535
vn 0.1195 0.2735 0.9544
vn 0.1914 0.4295 0.8826
vn 0.3129 0.4199 0.8519
vn 0.0453 0.1137 0.9925
vn 0.1826 0.2389 0.9537
vn 0.2837 0.3782 0.8812
vn 0.3630 0.3111 0.8783
vn 0.4000 0.3460 0.8487
vn 0.0788 0.0952 0.9923
vn 0.2376 0.1930 0.9520
vn 0.4704 0.2577 0.8440
vn 0.1292 0.0445 0.9906
vn 0.2813 0.1386 0.9495
vn 0.4272 0.2304 0.8743
vn 0.4740 0.1397 0.8694
vn 0.5213 0.1589 0.8385
vn 0.3136 0.0768 0.9465
vn 0.5018 0.0422 0.8640
vn 0.5515 0.0525 0.8325
vn 0.1460 0.0115 0.9892
vn 0.3328 0.0097 0.9429
vn 0.5095 -0.0584 0.8585
vn 0.5601 -0.0578 0.8264
vn 0.1586 -0.0576 0.9857
vn 0.3382 -0.0589 0.9392
vn 0.5468 -0.1675 0.8204
vn 0.3297 -0.1274 0.9355
vn 0.4974 -0.1585 0.8529
vn 0.5118 -0.2729 0.8146
vn 0.1431 -0.1258 0.9817
vn 0.3076 -0.1933 0.9317
vn 0.4565 -0.3693 0.8095
vn 0.1249 -0.1576 0.9796
vn 0.2726 -0.2541 0.9280
vn 0.3468 -0.4214 0.8380
vn 0.3822 -0.4545 0.8046
vn 0.2258 -0.3070 0.9246
vn 0.2920 -0.5242 0.8000
vn 0.0716 -0.2074 0.9756
vn 0.1691 -0.3500 0.9213
vn 0.2641 -0.4852 0.8336
vn 0.1704 -0.5315 0.8297
vn 0.1895 -0.5752 0.7958
vn 0.1055 -0.3816 0.9183
vn 0.0682 -0.5595 0.8260
vn 0.0779 -0.6058 0.7918
vn 0.0034 -0.2328 0.9725
vn 0.0355 -0.4004 0.9156
vn -0.0379 -0.6142 0.7882
vn -0.0368 -0.4056 0.9133
vn -0.0379 -0.5673 0.8226
vn -0.1531 -0.6003 0.7850
vn -0.0710 -0.2315 0.9702
vn -0.1083 -0.3970 0.9114
vn -0.1431 -0.5546 0.8197
vn -0.2634 -0.5645 0.7823
vn -0.1771 -0.3749 0.9100
vn -0.2440 -0.5218 0.8174
vn -0.3632 -0.5085 0.7807
vn -0.1399 -0.2014 0.9695
vn -0.2400 -0.3401 0.9092
vn -0.3357 -0.4708 0.8159
vn -0.4151 -0.4032 0.8155
vn -0.4500 -0.4347 0.7800
vn -0.2945 -0.2942 0.9092
vn -0.5203 -0.3463 0.7806
vn -0.1894 -0.1511 0.9702
vn -0.3386 -0.2392 0.9100
vn -0.4794 -0.3221 0.8164
vn -0.5259 -0.2315 0.8185
vn -0.5712 -0.2468 0.7829
vn -0.3706 -0.1775 0.9117
vn -0.5537 -0.1339 0.8219
vn -0.6013 -0.1402 0.7866
vn -0.2164 -0.0844 0.9727
vn -0.3899 -0.1110 0.9142
vn -0.2188 -0.0488 0.9746
vn -0.2033 0.0201 0.9789
vn -0.1609 0.0785 0.9838
vn -0.0992 0.1166 0.9882
vn -0.0258 0.1290 0.9913
vn 0.1070 0.0715 0.9917
vn 0.1558 -0.0226 0.9875
vn 0.1540 -0.0934 0.9836
vn 0.1000 -0.1854 0.9776
vn 0.0398 -0.2230 0.9740
vn -0.0352 -0.2356 0.9712
vn -0.1063 -0.2200 0.9697
vn -0.1672 -0.1780 0.9697
vn -0.2062 -0.1189 0.9713
vn -0.7981 0.0507 -0.6004
vn -0.8824 0.2153 -0.4183
vn -0.7798 0.2037 -0.5920
vn -0.9993 0.0237 -0.0295
vn -0.9499 0.2178 -0.2242
vn -0.9715 0.0344 -0.2346
vn -0.9842 0.0121 0.1769
vn -0.9626 0.1955 0.1878
vn -0.8335 -0.0119 0.5524
vn -0.8152 0.1411 0.5617
vn -0.3381 0.0592 -0.9393
vn -0.4968 0.1588 -0.8532
vn -0.3296 0.1280 -0.9354
vn -0.6488 0.1842 -0.7383
vn -0.6645 0.0557 -0.7452
vn -0.9029 0.0435 -0.4277
vn -0.9772 0.2113 -0.0187
vn -0.9275 0.0001 0.3738
vn -0.6054 -0.0301 0.7953
vn -0.7038 -0.0234 0.7100
vn -0.1585 0.0581 -0.9856
vn -0.1540 0.0928 -0.9837
vn -0.5920 0.0782 0.8021
vn -0.6482 0.2265 0.7270
vn -0.3074 0.1938 -0.9316
vn -0.1427 0.1267 -0.9816
vn -0.8294 0.3806 -0.4090
vn -0.7321 0.3510 -0.5839
vn -0.9199 0.3920 -0.0070
vn -0.8935 0.3949 -0.2138
vn -0.9062 0.3725 0.2000
vn -0.7677 0.2881 0.5724
vn -0.6082 0.3079 -0.7317
vn -0.7696 0.4903 0.4090
vn -0.5024 0.2784 0.8186
vn -0.5842 0.3399 0.7370
vn -0.1250 0.1575 -0.9796
vn -0.4141 0.3431 -0.8431
vn -0.6560 0.4873 -0.5764
vn -0.8281 0.5605 0.0050
vn -0.8036 0.5594 -0.2033
vn -0.8164 0.5368 0.2130
vn -0.2728 0.2537 -0.9280
vn -0.5437 0.4222 -0.7254
vn -0.6557 0.6259 0.4222
vn -0.4985 0.4392 0.7474
vn -0.2260 0.3066 -0.9246
vn -0.4571 0.5228 -0.7196
vn -0.3464 0.4209 -0.8384
vn -0.5537 0.6077 -0.5694
vn -0.6821 0.7054 -0.1928
vn -0.5896 0.5443 0.5968
vn -0.6306 0.6702 -0.3914
vn -0.5154 0.7383 0.4351
vn -0.3399 0.4311 0.8358
vn -0.3940 0.5209 0.7573
vn -0.0717 0.2072 -0.9757
vn -0.2637 0.4845 -0.8341
vn -0.4901 0.7828 -0.3834
vn -0.4284 0.7068 -0.5629
vn -0.5513 0.8338 0.0284
vn -0.5323 0.8265 -0.1832
vn -0.4643 0.6432 0.6088
vn -0.1692 0.3500 -0.9214
vn -0.3514 0.6053 -0.7142
vn -0.3207 0.7165 0.6195
vn -0.3537 0.8217 0.4468
vn -0.2739 0.5811 0.7663
vn -0.1055 0.3813 -0.9184
vn -0.0387 0.2232 -0.9740
vn -0.2305 0.6662 -0.7093
vn -0.1699 0.5311 -0.8301
vn -0.2843 0.7805 -0.5567
vn -0.3742 0.9265 0.0388
vn -0.3592 0.9168 -0.1743
vn -0.3724 0.8938 0.2499
vn -0.3284 0.8665 -0.3760
vn -0.1636 0.7605 0.6284
vn -0.1768 0.8720 0.4564
vn -0.1277 0.5120 0.8494
vn -0.1434 0.6171 0.7737
vn -0.0032 0.2329 -0.9725
vn -0.0990 0.7026 -0.7047
vn -0.1276 0.8246 -0.5512
vn -0.1695 0.9714 -0.1661
vn -0.1826 0.9483 0.2596
vn -0.0358 0.4003 -0.9157
vn -0.1517 0.9169 -0.3693
vn -0.0004 0.7728 0.6346
vn 0.0073 0.8862 0.4632
vn -0.0127 0.5204 0.8538
vn -0.0082 0.6272 0.7789
vn 0.0368 0.4056 -0.9133
vn 0.0342 0.2353 -0.9713
vn 0.0378 0.5668 -0.8230
vn 0.0359 0.8369 -0.5461
vn 0.0222 0.9982 0.0549
vn 0.0282 0.9868 -0.1595
vn 0.0151 0.9636 0.2669
vn 0.0376 0.7127 -0.7005
vn 0.0327 0.9312 -0.3631
vn 0.1909 0.8633 0.4672
vn 0.1269 0.6105 0.7818
vn 0.1088 0.3969 -0.9114
vn 0.0720 0.2309 -0.9703
vn 0.1736 0.6960 -0.6967
vn 0.1431 0.5539 -0.8202
vn 0.2165 0.9081 -0.3583
vn 0.1988 0.8168 -0.5417
vn 0.2250 0.9620 -0.1543
vn 0.2119 0.9389 0.2711
vn 0.1623 0.7527 0.6380
vn 0.2238 0.9728 0.0596
vn 0.3656 0.8046 0.4680
vn 0.1017 0.5064 0.8563
vn 0.2557 0.5684 0.7820
vn 0.1770 0.3748 -0.9100
vn 0.2437 0.5212 -0.8179
vn 0.3535 0.7653 -0.5379
vn 0.4148 0.9078 0.0621
vn 0.4120 0.8985 -0.1514
vn 0.3173 0.7014 0.6383
vn 0.3033 0.6534 -0.6936
vn 0.5234 0.7136 0.4656
vn 0.3102 0.4158 0.8549
vn 0.3729 0.5025 0.7800
vn 0.1384 0.2022 -0.9695
vn 0.3353 0.4701 -0.8164
vn 0.5877 0.8067 0.0620
vn 0.5809 0.7999 -0.1504
vn 0.4578 0.6213 0.6360
vn 0.2397 0.3403 -0.9093
vn 0.5787 0.5164 0.6313
vn 0.6588 0.5947 0.4609
vn 0.4739 0.4160 0.7761
vn 0.2946 0.2943 -0.9092
vn 0.1669 0.1784 -0.9697
vn 0.4147 0.4028 -0.8160
vn 0.6837 0.6388 -0.3527
vn 0.6146 0.5798 -0.5349
vn 0.7250 0.6719 -0.1513
vn 0.7122 0.6491 0.2673
vn 0.5230 0.4994 -0.6907
vn 0.7667 0.4537 0.4543
vn 0.4662 0.2553 0.8471
vn 0.1897 0.1504 -0.9703
vn 0.4788 0.3220 -0.8167
vn 0.7915 0.4977 -0.3547
vn 0.7112 0.4547 -0.5361
vn 0.8521 0.5206 0.0545
vn 0.8398 0.5204 -0.1547
vn 0.8270 0.4978 0.2614
vn 0.6048 0.3949 -0.6916
vn 0.8443 0.2966 0.4464
vn 0.6143 0.1967 0.7641
vn 0.3707 0.1774 -0.9117
vn 0.2063 0.1182 -0.9713
vn 0.5254 0.2312 -0.8188
vn 0.7811 0.3148 -0.5393
vn 0.9363 0.3480 0.0477
vn 0.9095 0.3292 0.2536
vn 0.8691 0.3402 -0.3590
vn 0.7865 0.1030 0.6089
vn 0.8900 0.1290 0.4373
vn 0.5468 0.0512 0.8357
vn 0.6492 0.0723 0.7571
vn 0.2162 0.0839 -0.9727
vn 0.6992 0.1523 -0.6985
vn 0.5531 0.1338 -0.8223
vn 0.8220 0.1656 -0.5448
vn 0.9856 0.1645 0.0393
vn 0.9707 0.1721 -0.1676
vn 0.9581 0.1497 0.2444
vn 0.3897 0.1106 -0.9143
vn 0.9147 0.1725 -0.3653
vn 0.7981 -0.0508 0.6004
vn 0.9029 -0.0437 0.4277
vn 0.5554 -0.0580 0.8296
vn 0.6590 -0.0559 0.7501
vn 0.3950 0.0418 -0.9177
vn 0.2189 0.0491 -0.9745
vn 0.5608 0.0331 -0.8273
vn 0.8336 0.0120 -0.5522
vn 0.7092 0.0231 -0.7047
vn 0.9275 -0.0000 -0.3738
vn 0.8824 -0.2153 0.4184
vn 0.6435 -0.1836 0.7431
vn 0.2146 0.0141 -0.9766
vn 0.6935 -0.1056 -0.7127
vn 0.5485 -0.0672 -0.8334
vn 0.9071 -0.1716 -0.3842
vn 0.9626 -0.1954 -0.1878
vn 0.9499 -0.2178 0.2243
vn 0.7798 -0.2038 0.5920
vn 0.3868 -0.0266 -0.9218
vn 0.8293 -0.3806 0.4092
vn 0.5420 -0.1666 0.8237
vn 0.6032 -0.3062 0.7364
vn 0.2032 -0.0200 -0.9789
vn 0.8540 -0.3370 -0.3963
vn 0.7676 -0.2882 -0.5725
vn 0.9199 -0.3920 0.0071
vn 0.9062 -0.3725 -0.2000
vn 0.7320 -0.3509 0.5840
vn 0.6529 -0.2291 -0.7219
vn 0.4523 -0.3668 0.8129
vn 0.1848 -0.0516 -0.9814
vn 0.4662 -0.2512 -0.8483
vn 0.6919 -0.4241 -0.5843
vn 0.8280 -0.5607 -0.0050
vn 0.8162 -0.5370 -0.2131
vn 0.8035 -0.5596 0.2032
vn 0.6560 -0.4872 0.5764
vn 0.3298 -0.1529 -0.9316
vn 0.5886 -0.3430 -0.7321
vn 0.6305 -0.6703 0.3914
vn 0.3788 -0.4515 0.8079
vn 0.4532 -0.5192 0.7246
vn 0.2832 -0.2057 -0.9367
vn 0.1607 -0.0785 -0.9839
vn 0.5021 -0.4432 -0.7426
vn 0.3984 -0.3287 -0.8563
vn 0.6556 -0.6260 -0.4222
vn 0.5896 -0.5444 -0.5967
vn 0.6821 -0.7054 0.1927
vn 0.7041 -0.7099 -0.0169
vn 0.4903 -0.7827 0.3835
vn 0.2894 -0.5203 0.8035
vn 0.1324 -0.1003 -0.9861
vn 0.3966 -0.5257 -0.7526
vn 0.3159 -0.3921 -0.8640
vn 0.4644 -0.6433 -0.6087
vn 0.5513 -0.8338 -0.0283
vn 0.5454 -0.8035 -0.2385
vn 0.5325 -0.8264 0.1832
vn 0.4285 -0.7068 0.5628
vn 0.2268 -0.2487 -0.9417
vn 0.5154 -0.7382 -0.4352
vn 0.2845 -0.7804 0.5569
vn 0.3285 -0.8664 0.3761
vn 0.1628 -0.2802 -0.9460
vn 0.0989 -0.1166 -0.9882
vn 0.2757 -0.5863 -0.7617
vn 0.2222 -0.4387 -0.8707
vn 0.3207 -0.7165 -0.6195
vn 0.3723 -0.8938 -0.2500
vn 0.3594 -0.9168 0.1740
vn 0.3538 -0.8217 -0.4469
vn 0.3742 -0.9266 -0.0389
vn 0.1273 -0.8245 0.5513
vn 0.1514 -0.9169 0.3693
vn 0.0770 -0.6014 0.7952
vn 0.0629 -0.1264 -0.9900
vn 0.1443 -0.6224 -0.7693
vn 0.1640 -0.7604 -0.6284
vn 0.1826 -0.9483 -0.2594
vn 0.1695 -0.9715 0.1660
vn 0.0930 -0.2991 -0.9497
vn 0.1770 -0.8720 -0.4563
vn 0.1803 -0.9824 -0.0479
vn -0.0361 -0.8369 0.5461
vn -0.0328 -0.9311 0.3632
vn -0.0379 -0.6097 0.7917
vn -0.0375 -0.7077 0.7055
vn 0.0209 -0.3042 -0.9524
vn 0.0261 -0.1288 -0.9913
vn 0.0147 -0.4742 -0.8803
vn 0.0003 -0.7728 -0.6347
vn -0.0222 -0.9982 -0.0550
vn -0.0151 -0.9636 -0.2668
vn -0.0282 -0.9868 0.1596
vn 0.0077 -0.6324 -0.7746
vn -0.0076 -0.8863 -0.4630
vn -0.2163 -0.9081 0.3585
vn -0.1727 -0.6911 0.7018
vn -0.0109 -0.1244 -0.9922
vn -0.1283 -0.6159 -0.7773
vn -0.0907 -0.4615 -0.8825
vn -0.1625 -0.7527 -0.6380
vn -0.2250 -0.9621 0.1543
vn -0.1987 -0.8167 0.5417
vn -0.0511 -0.2955 -0.9540
vn -0.3908 -0.8493 0.3550
vn -0.1524 -0.5958 0.7885
vn -0.3011 -0.6489 0.6988
vn -0.1199 -0.2735 -0.9544
vn -0.0456 -0.1134 -0.9925
vn -0.1912 -0.4289 -0.8829
vn -0.3655 -0.8046 -0.4680
vn -0.3173 -0.7013 -0.6383
vn -0.3989 -0.8755 -0.2727
vn -0.3534 -0.7652 0.5382
vn -0.2579 -0.5734 -0.7776
vn -0.4148 -0.9078 -0.0621
vn -0.5486 -0.7580 0.3528
vn -0.3604 -0.5048 0.7844
vn -0.4183 -0.5828 0.6967
vn -0.0782 -0.0956 -0.9924
vn -0.2830 -0.3780 -0.8815
vn -0.5235 -0.7134 -0.4658
vn -0.4579 -0.6212 -0.6359
vn -0.4939 -0.6849 0.5357
vn -0.1823 -0.2392 -0.9537
vn -0.3760 -0.5072 -0.7755
vn -0.5878 -0.8066 -0.0618
vn -0.6145 -0.5797 0.5351
vn -0.6837 -0.6389 0.3527
vn -0.5193 -0.4960 0.6959
vn -0.1062 -0.0718 -0.9917
vn -0.3626 -0.3107 -0.8786
vn -0.5787 -0.5166 -0.6311
vn -0.7121 -0.6491 -0.2674
vn -0.7250 -0.6719 0.1513
vn -0.4778 -0.4200 -0.7716
vn -0.7349 -0.6756 -0.0593
vn -0.7112 -0.4546 0.5361
vn -0.7915 -0.4976 0.3549
vn -0.5164 -0.3439 0.7843
vn -0.6005 -0.3926 0.6966
vn -0.1293 -0.0437 -0.9906
vn -0.4267 -0.2301 -0.8747
vn -0.6756 -0.3916 -0.6247
vn -0.8521 -0.5206 -0.0546
vn -0.8270 -0.4978 -0.2612
vn -0.8398 -0.5204 0.1546
vn -0.2815 -0.1381 -0.9496
vn -0.5600 -0.3157 -0.7660
vn -0.7666 -0.4538 -0.4544
vn -0.7809 -0.3150 0.5394
vn -0.3135 -0.0766 -0.9465
vn -0.1459 -0.0120 -0.9892
vn -0.6195 -0.1985 -0.7595
vn -0.4735 -0.1394 -0.8697
vn -0.7454 -0.2520 -0.6171
vn -0.9364 -0.3478 -0.0477
vn -0.9096 -0.3292 -0.2535
vn -0.9224 -0.3516 0.1601
vn -0.8444 -0.2964 -0.4463
vn -0.8220 -0.1656 0.5449
vn -0.9148 -0.1724 0.3654
vn -0.5969 -0.1394 0.7901
vn -0.6942 -0.1515 0.7037
vn -0.1557 0.0228 -0.9875
vn -0.6546 -0.0733 -0.7524
vn -0.5012 -0.0422 -0.8643
vn -0.7866 -0.1029 -0.6089
vn -0.9856 -0.1646 -0.0393
vn -0.9581 -0.1498 -0.2444
vn -0.9707 -0.1722 0.1674
vn -0.3326 -0.0100 -0.9430
vn -0.8901 -0.1288 -0.4373
vn -0.5668 -0.2454 0.7865
vn -0.2612 -0.5604 0.7860
vn 0.1877 -0.5710 0.7992
vn 0.5073 -0.2709 0.8181
vn 0.5166 0.1569 0.8417
vn 0.2105 0.4711 0.8566
vn -0.5574 0.1823 0.8100
vn 0.5629 0.3404 -0.7531
vn 0.0931 0.3722 -0.9235
vn -0.4294 0.3625 0.8272
vn 0.3966 0.3429 0.8515
vn -0.4293 0.3623 0.8273
vn 0.3967 0.3429 0.8515
vn -0.4469 -0.4315 0.7836
usemtl Head_Material
s 1
f 4//1 2//2 1//3
f 8//4 6//5 5//6
f 13//7 15//8 14//9
f 17//10 19//11 18//12
f 32//13 30//14 29//15
f 36//16 34//17 33//18
f 37//19 39//20 38//21
f 21//22 23//23 20//24
f 25//25 27//26 24//27
f 41//28 43//29 42//30
f 48//31 46//32 45//33
f 52//34 50//35 49//36
f 53//37 55//38 54//39
f 60//40 58//41 57//42
f 29//15 62//43 61//44
f 66//45 64//46 63//47
f 67//48 6//5 68//49
f 72//50 70//51 69//52
f 76//53 74//54 73//55
f 77//56 79//57 78//58
f 81//59 83//60 82//61
f 59//62 86//63 85//64
f 88//65 90//66 89//67
f 96//68 94//69 93//70
f 100//71 98//72 97//73
f 101//74 103//75 102//76
f 106//77 34//17 87//78
f 108//79 115//80 107//81
f 117//82 36//16 118//83
f 124//84 126//85 125//86
f 131//87 129//88 128//89
f 132//90 134//91 133//92
f 142//93 140//94 139//95
f 148//96 60//40 147//97
f 144//98 127//99 124//84
f 149//100 151//101 150//102
f 156//103 154//104 153//105
f 159//106 158//107 157//108
f 116//109 164//110 105//111
f 171//112 169//113 168//114
f 174//115 173//116 172//117
f 179//118 181//119 180//120
f 186//121 188//122 187//123
f 194//124 196//125 195//126
f 199//127 139//95 198//128
f 206//129 208//130 207//131
f 213//132 211//133 210//134
f 202//135 214//136 201//137
f 96//68 216//138 54//39
f 92//139 43//29 44//140
f 97//73 246//141 100//71
f 250//142 229//143 228//144
f 252//145 58//41 253//146
f 258//147 256//148 255//149
f 260//150 229//143 259//151
f 110//152 112//153 113//154
f 114//155 263//156 109//157
f 265//158 267//159 266//160
f 56//161 270//162 269//163
f 274//164 249//165 250//142
f 185//166 63//47 64//46
f 280//167 278//168 276//169
f 285//170 283//171 157//108
f 288//172 211//133 212//173
f 141//174 92//139 46//32
f 289//175 175//176 176//177
f 148//96 105//111 106//77
f 312//178 170//179 171//112
f 238//180 42//30 43//29
f 318//181 160//182 317//183
f 310//184 308//185 307//186
f 241//187 325//188 324//189
f 160//182 240//190 317//183
f 47//191 307//186 308//185
f 108//79 315//192 164//110
f 345//193 86//63 119//194
f 348//195 350//196 349//197
f 356//198 358//199 357//200
f 355//201 353//202 352//203
f 363//204 32//13 362//205
f 149//100 150//102 176//177
f 364//206 253//146 365//207
f 366//208 368//209 367//210
f 183//211 371//212 63//47
f 163//213 161//214 160//182
f 209//215 101//74 208//130
f 378//216 165//217 166//218
f 379//219 381//220 380//221
f 383//222 3//223 4//1
f 284//224 386//225 385//226
f 387//227 389//228 388//229
f 391//230 229//143 249//165
f 73//55 397//231 396//232
f 405//233 407//234 406//235
f 203//236 411//237 410//238
f 414//239 413//240 412//241
f 1//3 357//200 4//1
f 277//242 131//87 275//243
f 254//244 57//42 58//41
f 358//199 415//245 351//246
f 417//247 386//225 408//248
f 401//249 192//250 420//251
f 419//252 127//99 143//253
f 421//254 182//255 422//256
f 103//75 302//257 409//258
f 428//259 368//209 174//115
f 380//221 359//260 356//198
f 62//43 266//160 323//261
f 140//94 431//262 430//263
f 357//200 351//246 348//195
f 356//198 379//219 380//221
f 415//245 403//264 434//265
f 437//266 436//267 435//268
f 438//269 440//270 439//271
f 188//122 450//272 449//273
f 452//274 454//275 453//276
f 265//158 181//119 421//254
f 224//277 64//46 225//278
f 237//279 213//132 427//280
f 275//243 128//89 458//281
f 281//282 460//283 459//284
f 50//35 79//57 461//285
f 73//55 282//286 281//282
f 468//287 466//288 465//289
f 390//290 352//203 359//260
f 482//291 484//292 483//293
f 489//294 487//295 486//296
f 493//297 495//298 494//299
f 472//300 470//301 469//302
f 502//303 500//304 499//305
f 220//306 222//307 223//308
f 512//309 143//253 66//45
f 518//310 511//311 80//312
f 513//313 230//314 286//315
f 205//316 31//317 244//318
f 189//319 451//320 188//122
f 163//213 532//321 8//4
f 533//322 225//278 251//323
f 446//324 447//325 412//241
f 335//326 540//327 334//328
f 544//329 546//330 545//331
f 329//332 291//333 292//334
f 199//127 262//335 238//180
f 385//226 416//336 550//337
f 532//321 191//338 247//339
f 363//204 118//83 243//340
f 236//341 237//279 250//142
f 578//342 580//343 579//344
f 573//345 571//346 570//347
f 561//348 562//349 272//350
f 241//187 259//151 240//190
f 590//351 592//352 591//353
f 545//331 595//354 594//355
f 503//356 155//357 504//358
f 606//359 624//360 623//361
f 478//362 480//363 479//364
f 646//365 648//366 647//367
f 590//351 689//368 684//369
f 564//370 651//371 650//372
f 728//373 184//374 727//375
f 714//376 716//377 715//378
f 692//379 575//380 693//381
f 541//382 581//383 578//342
f 346//384 248//385 400//386
f 161//214 230//314 160//182
f 128//89 94//69 95//387
f 698//388 704//389 703//390
f 574//391 576//392 575//380
f 290//393 401//249 328//394
f 630//395 725//396 726//397
f 733//398 735//399 734//400
f 755//401 496//402 493//297
f 759//403 481//404 760//405
f 757//406 762//407 761//408
f 764//409 466//288 467//410
f 768//411 3808//412 3809//413
f 759//403 488//414 489//294
f 492//415 475//416 771//417
f 474//418 769//419 473//420
f 773//421 465//289 772//422
f 771//417 486//296 483//293
f 484//292 775//423 491//424
f 774//425 489//294 486//296
f 495//298 764//409 756//426
f 495//298 761//408 494//299
f 137//427 784//428 136//429
f 325//188 797//430 547//431
f 165//217 51//432 52//34
f 369//433 29//15 370//434
f 730//435 568//436 569//437
f 90//66 301//438 89//67
f 243//340 516//439 242//440
f 800//441 806//442 805//443
f 817//444 808//445 816//446
f 816//446 823//447 822//448
f 306//449 447//325 807//450
f 815//451 809//452 808//445
f 829//453 828//454 825//455
f 726//397 501//456 502//303
f 274//164 424//457 423//458
f 879//459 881//460 880//461
f 884//462 879//459 885//463
f 219//464 217//465 211//133
f 906//466 904//467 897//468
f 455//469 205//316 542//470
f 898//471 830//472 829//453
f 903//473 880//461 881//460
f 906//466 897//468 898//471
f 377//474 519//475 165//217
f 923//476 948//477 946//478
f 946//478 951//479 950//480
f 3519//481 739//482 3517//483
f 900//484 886//485 880//461
f 225//278 65//486 144//98
f 182//255 442//487 422//256
f 809//452 947//488 824//489
f 954//490 962//491 961//492
f 927//493 965//494 966//495
f 885//463 880//461 886//485
f 925//496 966//495 967//497
f 343//498 341//499 340//500
f 965//494 971//501 968//502
f 968//502 970//503 969//504
f 972//505 969//504 973//506
f 963//507 981//508 978//509
f 336//510 338//511 339//512
f 992//513 827//514 828//454
f 810//515 996//516 959//517
f 1007//518 1002//519 1008//520
f 1012//521 827//514 1009//522
f 1011//523 1007//518 1008//520
f 294//524 292//334 291//333
f 907//525 920//526 919//527
f 1017//528 1019//529 1018//530
f 1020//531 1022//532 1021//533
f 1035//534 1020//531 1044//535
f 1061//536 1047//537 1046//538
f 1063//539 1046//538 1062//540
f 1044//535 1021//533 1045//541
f 1102//542 1097//543 1109//544
f 1116//545 1118//546 1117//547
f 1016//548 1014//549 1013//550
f 881//460 904//467 903//473
f 816//446 1127//551 817//444
f 1094//552 949//553 1097//543
f 514//554 167//555 515//556
f 146//557 81//59 82//61
f 1133//558 1130//559 1129//560
f 1102//542 1126//561 822//448
f 822//448 1116//545 816//446
f 1145//562 1148//563 1136//564
f 1076//565 1151//566 1069//567
f 1148//563 1086//568 1087//569
f 1109//544 1114//570 1136//564
f 1154//571 1156//572 1155//573
f 1153//574 967//497 1156//572
f 3464//575 463//576 3714//577
f 1144//578 1152//579 1151//566
f 1156//572 1163//580 1162//581
f 1164//582 1169//583 1165//584
f 1145//562 1176//585 1147//586
f 1114//570 1154//571 1171//587
f 1183//588 1164//582 1177//589
f 1184//590 1177//589 1185//591
f 1069//567 1062//540 1064//592
f 1023//593 1194//594 1022//532
f 1162//581 1170//595 1169//583
f 1195//596 1185//591 1191//597
f 1183//588 1176//585 1155//573
f 1201//598 1152//579 1196//599
f 1061//536 1201//598 1202//600
f 3825//601 843//602 3836//603
f 1203//604 1195//596 1034//605
f 1202//600 1184//590 1195//596
f 1218//606 1203//604 1217//607
f 1060//608 1202//600 1203//604
f 1225//609 1217//607 1219//610
f 671//611 694//612 670//613
f 1219//610 1024//614 1035//534
f 1217//607 1034//605 1024//614
f 1226//615 1015//616 1227//617
f 1243//618 1234//619 1233//620
f 1231//621 1229//622 1228//623
f 847//624 1233//620 843//602
f 843//602 1244//625 878//626
f 1233//620 1245//627 1244//625
f 1923//628 233//629 216//138
f 2100//630 499//305 500//304
f 3914//631 2135//632 3900//633
f 61//44 323//261 505//634
f 210//134 217//465 457//635
f 1299//636 1309//637 1300//638
f 3863//639 1231//621 3862//640
f 1066//641 1321//642 1322//643
f 1322//643 1228//623 1229//622
f 1060//608 1321//642 1047//537
f 1325//644 1323//645 1310//646
f 1244//625 1332//647 1330//648
f 1290//649 1242//650 1288//651
f 1337//652 1339//653 1338//654
f 1330//648 1340//655 1339//653
f 1341//656 1245//627 1294//657
f 1342//658 1332//647 1341//656
f 1343//659 1341//656 1344//660
f 1344//660 1294//657 1293//661
f 3857//662 1345//663 1346//664
f 1347//665 1342//658 1343//659
f 3856//666 1295//667 1345//663
f 1349//668 1348//669 1347//665
f 3861//670 1347//665 3853//671
f 3853//671 1343//659 3857//662
f 906//466 829//453 1353//672
f 905//673 1353//672 1354//674
f 865//675 1355//676 1357//677
f 1355//676 829//453 825//455
f 1357//677 825//455 826//678
f 1356//679 1353//672 1355//676
f 3834//680 1338//654 3833//681
f 866//682 1356//679 865//675
f 1358//683 1354//674 1356//679
f 3828//684 1337//652 3834//680
f 838//685 1012//521 841//686
f 1363//687 1338//654 1339//653
f 1368//688 1339//653 1340//655
f 1348//669 1340//655 1342//658
f 1371//689 3824//690 3829//691
f 524//692 526//693 523//694
f 528//695 530//696 527//697
f 1372//698 1369//699 1371//689
f 535//700 537//701 538//702
f 1367//703 1348//669 1350//704
f 1370//705 1359//706 1369//699
f 1369//699 3833//681 3824//690
f 1373//707 903//473 904//467
f 555//708 557//709 558//710
f 1374//711 910//712 1373//707
f 1373//707 905//673 1375//713
f 1374//711 1375//713 1376//714
f 1375//713 1354//674 1370//705
f 1378//715 908//716 1377//717
f 376//718 651//371 1387//719
f 1388//720 973//506 969//504
f 586//721 588//722 585//723
f 1390//724 1388//720 1391//725
f 1391//725 969//504 970//503
f 597//726 599//727 596//728
f 600//729 602//730 603//731
f 1392//732 970//503 979//733
f 608//734 610//735 607//736
f 612//737 523//694 611//738
f 614//739 616//740 613//741
f 617//742 25//25 24//27
f 620//743 622//744 619//745
f 1397//746 1391//725 1392//732
f 1398//747 1392//732 1399//748
f 1400//749 920//526 1378//715
f 1402//750 1165//584 1169//583
f 636//751 638//752 635//753
f 930//754 1402//750 929//755
f 641//756 643//757 644//758
f 929//755 1169//583 1170//595
f 1404//759 1403//760 1402//750
f 1411//761 1365//762 1406//763
f 1412//764 1415//765 1414//766
f 652//767 654//768 655//769
f 609//770 657//771 658//772
f 659//773 661//774 662//775
f 558//710 586//721 585//723
f 665//776 667//777 664//778
f 1413//779 1406//763 1412//764
f 1418//780 3810//781 3813//782
f 1417//783 1371//689 1416//784
f 1416//784 3829//691 3810//781
f 1419//785 1416//784 1418//780
f 1386//786 1374//711 1420//787
f 677//788 679//789 676//790
f 1385//791 1420//787 1421//792
f 1420//787 1376//714 1422//793
f 685//794 687//795 688//796
f 1421//792 1422//793 1423//797
f 528//695 691//798 658//772
f 1422//793 1372//698 1417//783
f 1018//530 747//799 1425//800
f 699//801 701//802 702//803
f 1424//804 579//344 1017//528
f 3663//805 1767//806 3660//807
f 700//808 711//809 712//810
f 1093//811 3754//812 1571//813
f 717//814 530//696 719//815
f 721//816 723//817 720//818
f 704//389 3543//819 3554//820
f 19//11 1426//821 1430//822
f 1429//823 1427//824 1426//821
f 1658//825 3542//826 3544//827
f 1439//828 1434//829 1438//830
f 1437//831 1435//832 1434//829
f 1426//821 1433//833 1432//834
f 1442//835 1432//834 1440//836
f 742//837 744//838 745//839
f 1432//834 1441//840 1440//836
f 751//841 753//842 750//843
f 1438//830 1403//760 1405//844
f 1446//845 1444//846 1443//847
f 1447//848 1446//845 1443//847
f 3860//849 1443//847 3848//850
f 1415//765 1445//851 1446//845
f 1414//766 1446//845 1448//852
f 2173//853 469//302 470//301
f 777//854 779//855 686//856
f 780//857 782//858 783//859
f 1676//860 1806//861 1675//862
f 3859//863 1349//668 3861//670
f 789//864 791//865 788//866
f 745//839 793//867 742//837
f 652//767 795//868 653//869
f 1455//870 1457//871 1456//872
f 1454//873 1350//704 1452//874
f 610//735 802//875 801//876
f 3831//877 698//388 703//390
f 1352//878 1045//541 1351//879
f 1015//616 1459//880 1460//881
f 811//882 813//883 814//884
f 2118//885 3817//886 2117//887
f 819//888 821//889 818//890
f 1466//891 1194//594 1190//892
f 1467//893 1465//894 1466//891
f 1182//895 1468//896 1467//893
f 832//897 833//898 831//899
f 835//900 837//901 834//902
f 1467//893 1190//892 1182//895
f 1469//903 1444//846 1445//851
f 840//904 712//810 690//905
f 1453//906 1469//903 1454//873
f 599//727 845//907 846//908
f 1226//615 3849//909 3855//910
f 851//911 853//912 850//913
f 855//914 856//915 854//916
f 858//917 860//918 857//919
f 861//920 863//921 864//922
f 1014//549 3855//910 3858//923
f 867//924 868//925 869//926
f 870//927 872//928 873//929
f 874//930 876//931 877//932
f 1310//646 1471//933 1309//637
f 1476//934 1427//824 1475//935
f 1461//936 1475//935 1460//881
f 887//937 889//938 890//939
f 788//866 892//940 891//941
f 894//942 896//943 893//944
f 1460//881 1227//617 1015//616
f 901//945 524//692 612//737
f 1465//894 1477//946 1464//947
f 1865//948 3500//949 1864//950
f 911//951 913//952 914//953
f 916//954 918//955 915//956
f 1850//957 3507//958 1851//959
f 921//960 895//961 894//942
f 1479//962 1436//963 1478//964
f 926//965 667//777 601//966
f 1481//967 563//968 1480//969
f 269//163 84//970 1482//971
f 931//972 933//973 916//954
f 934//974 614//739 869//926
f 936//975 688//796 937//976
f 938//977 662//775 939//978
f 1484//979 122//980 123//981
f 941//982 835//900 834//902
f 320//983 509//984 510//985
f 1849//986 3505//987 1850//957
f 84//970 1484//979 83//60
f 1487//988 1488//989 539//990
f 1757//991 3502//992 3509//993
f 365//207 1491//994 364//206
f 461//285 80//312 511//311
f 117//82 362//205 1496//995
f 1494//996 541//382 1495//997
f 926//965 957//998 958//999
f 1477//946 1433//833 1476//934
f 1709//1000 1585//1001 1700//1002
f 119//194 1496//995 345//193
f 271//1003 504//358 156//103
f 511//311 189//319 186//121
f 345//193 1492//1004 365//207
f 255//149 344//1005 254//244
f 57//42 299//1006 132//90
f 1501//1007 268//1008 1500//1009
f 267//159 1499//1010 145//1011
f 974//1012 976//1013 977//1014
f 1678//1015 1693//1016 1676//860
f 3846//1017 1807//1018 3840//1019
f 557//709 663//1020 558//710
f 983//1021 984//1022 985//1023
f 1443//847 3849//909 3848//850
f 421//254 268//1008 265//158
f 989//1024 991//1025 988//1026
f 1490//1027 418//1028 1504//1029
f 279//1030 309//1031 310//184
f 997//1032 676//790 679//789
f 998//1033 999//1034 875//1035
f 1504//1029 38//21 1505//1036
f 1506//1037 1507//1038 1486//1039
f 360//1040 1508//1041 1506//1037
f 1506//1037 207//131 360//1040
f 939//978 1006//1042 938//977
f 270//162 1483//1043 269//163
f 66//45 546//330 512//309
f 1010//1044 793//867 935//1045
f 367//210 437//266 1509//1046
f 244//318 363//204 243//340
f 1670//1047 3534//1048 1669//1049
f 209//215 1510//1050 226//1051
f 235//1052 1512//1053 1511//1054
f 1511//1054 234//1055 235//1052
f 388//229 426//1056 425//1057
f 427//280 250//142 237//279
f 161//214 521//1058 231//1059
f 100//71 45//33 44//140
f 1025//1060 608//734 1027//1061
f 1029//1062 1031//1063 1028//1064
f 939//978 1033//1065 1032//1066
f 41//28 594//355 99//1067
f 1036//1068 783//859 1037//1069
f 702//803 1038//1070 1039//1071
f 1040//1072 1042//1073 1043//1074
f 362//205 369//433 1493//1075
f 187//123 477//1076 186//121
f 70//51 539//990 198//128
f 1511//1054 1521//1077 234//1055
f 1049//1078 603//731 1048//1079
f 613//741 869//926 614//739
f 860//918 1051//1080 857//919
f 1005//1081 1053//1082 1006//1042
f 753//842 1056//1083 1054//1084
f 1057//1085 1059//1086 1055//1087
f 293//1088 1522//1089 292//334
f 288//172 1521//1077 1522//1089
f 292//334 1523//1090 329//332
f 331//1091 1508//1041 1524//1092
f 306//449 453//276 305//1093
f 100//71 41//28 99//1067
f 462//1094 78//58 79//57
f 330//1095 1524//1092 462//1094
f 635//753 1068//1096 636//751
f 1485//1097 1526//1098 1528//1099
f 206//129 1528//1099 1510//1050
f 1070//1100 1072//1101 831//899
f 942//1102 1073//1103 1074//1104
f 916//954 1075//1105 917//1106
f 440//270 1530//1107 439//271
f 157//108 1514//1108 285//170
f 1529//1109 5//6 1530//1107
f 371//212 546//330 63//47
f 790//1110 663//1020 791//865
f 1077//1111 857//919 1078//1112
f 1403//760 1435//832 1165//584
f 1080//1113 1082//1114 1079//1115
f 531//1116 1529//1109 440//270
f 21//22 1084//1117 1085//1118
f 272//350 1531//1119 561//348
f 137//427 396//232 397//231
f 690//905 802//875 691//798
f 335//326 3567//1120 581//383
f 1090//1121 1029//1062 1091//1122
f 1092//1123 794//1124 1042//1073
f 1533//1125 137//427 138//1126
f 661//774 1095//1127 1096//1128
f 69//52 445//1129 72//50
f 1099//1130 1101//1131 1098//1132
f 38//21 1536//1133 1505//1036
f 1104//1134 1106//1135 1103//1136
f 852//1137 1108//1138 853//912
f 1377//717 909//1139 1386//786
f 291//333 411//237 294//524
f 316//1140 516//439 33//18
f 539//990 1533//1125 534//1141
f 1505//1036 316//1140 313//1142
f 1110//1143 1112//1144 1113//1145
f 1539//1146 460//283 264//1147
f 522//1148 1537//1149 1539//1146
f 834//902 1120//1150 1119//1151
f 1122//1152 1124//1153 1121//1154
f 612//737 1041//1155 901//945
f 935//1045 615//1156 614//739
f 276//169 130//1157 131//87
f 1686//1158 3522//1159 1685//1160
f 193//1161 1541//1162 273//1163
f 231//1059 1540//1164 287//1165
f 556//1166 982//1167 557//709
f 365//207 85//64 345//193
f 190//1168 318//181 1541//1162
f 1810//1169 3574//1170 3528//1171
f 3924//1172 3512//1173 3791//1174
f 1132//1175 985//1023 1131//1176
f 208//130 102//76 132//90
f 1134//1177 662//775 661//774
f 1491//994 80//312 77//56
f 429//1178 1542//1179 147//97
f 1137//1180 915//956 918//955
f 172//117 428//259 174//115
f 1139//1181 1141//1182 1142//1183
f 549//1184 54//39 55//38
f 1517//1185 1518//1186 296//1187
f 976//1013 1146//1188 938//977
f 834//902 984//1022 941//982
f 1543//1189 286//315 115//80
f 1544//1190 239//1191 513//313
f 133//92 1544//1190 1542//1179
f 506//1192 257//1193 258//147
f 420//251 328//394 401//249
f 1158//1194 1160//1195 1157//1196
f 587//1197 1103//1136 588//722
f 1513//1198 1514//1108 151//101
f 607//736 1027//1061 608//734
f 304//1199 1545//1200 303//1201
f 364//206 77//56 506//1192
f 69//52 198//128 139//95
f 1006//1042 976//1013 938//977
f 700//808 1112//1144 701//802
f 3877//1202 3525//1203 3787//1204
f 1166//1205 657//771 656//1206
f 1167//1207 858//917 1077//1111
f 1300//638 3524//1208 1299//636
f 1172//1209 1174//1210 1175//1211
f 218//1212 200//1213 217//465
f 1179//1214 1181//1215 1178//1216
f 372//1217 97//73 98//72
f 89//67 227//1218 88//65
f 1186//1219 1188//1220 1189//1221
f 172//117 1517//1185 1549//1222
f 1482//971 81//59 1498//1223
f 1090//1121 1193//1224 1030//1225
f 394//1226 353//202 1551//1227
f 526//693 1198//1228 1197//1229
f 811//882 858//917 812//1230
f 1199//1231 1026//1232 1025//1060
f 606//359 697//1233 696//1234
f 1204//1235 1206//1236 743//1237
f 1207//1238 523//694 526//693
f 1209//1239 867//924 613//741
f 914//953 685//794 936//975
f 1478//964 1441//840 1477//946
f 1029//1062 1161//1240 1091//1122
f 1211//1241 1213//1242 1214//1243
f 3858//923 1451//1244 3859//863
f 844//1245 1216//1246 845//907
f 423//458 273//1163 274//164
f 1220//1247 1222//1248 1083//1249
f 22//1250 1224//1251 23//23
f 882//1252 897//468 881//460
f 1519//1253 173//116 387//227
f 1189//1221 1232//1254 1178//1216
f 349//197 550//337 416//336
f 1071//1255 1236//1256 1072//1101
f 1237//1257 1239//1258 745//839
f 1221//1259 1189//1221 1240//1260
f 1510//1050 1512//1053 333//1261
f 939//978 1241//1262 1005//1081
f 1556//1263 5//6 67//48
f 1553//1264 394//1226 1551//1227
f 404//1265 67//48 347//1266
f 1247//1267 1249//1268 1246//1269
f 142//93 238//180 92//139
f 1251//1270 635//753 1250//1271
f 850//913 1253//1272 851//911
f 1254//1273 1077//1111 1255//1274
f 57//42 133//92 429//1178
f 443//1275 552//1276 551//1277
f 1187//1278 1175//1211 1188//1220
f 1256//1279 831//899 833//898
f 432//1280 382//1281 383//222
f 741//1282 747//799 746//1283
f 434//265 351//246 415//245
f 349//197 383//222 348//195
f 251//323 1481//967 1480//969
f 395//1284 352//203 353//202
f 1518//1186 1550//1285 1551//1227
f 1558//1286 378//216 340//500
f 109//157 314//1287 315//192
f 285//170 1513//1198 407//234
f 395//1284 393//1288 392//1289
f 202//135 410//238 1558//1286
f 417//247 405//233 432//1280
f 1246//1269 1258//1290 1247//1267
f 3//223 297//1291 2//2
f 1259//1292 1261//1293 1262//1294
f 403//264 347//1266 284//224
f 955//1295 953//1296 952//1297
f 462//1094 51//432 330//1095
f 1096//1128 687//795 1263//1298
f 429//1178 60//40 57//42
f 896//943 1265//1299 932//1300
f 1267//1301 1268//1302 1266//1303
f 423//458 327//1304 420//251
f 37//19 180//120 40//1305
f 20//24 1187//1278 1186//1219
f 1256//1279 1071//1255 1070//1100
f 155//357 156//103 504//358
f 1188//1220 1269//1306 1232//1254
f 1236//1256 1271//1307 1262//1294
f 1272//1308 535//700 621//1309
f 565//1310 463//576 464//1311
f 1273//1312 745//839 1239//1258
f 876//931 1255//1274 1274//1313
f 316//1140 164//110 315//192
f 437//266 503//356 1509//1046
f 194//124 1495//997 197//1314
f 1275//1315 864//922 863//921
f 624//360 631//1316 630//395
f 1277//1317 1137//1180 1278//1318
f 569//437 567//1319 566//1320
f 1481//967 125//86 366//208
f 324//189 547//431 326//1321
f 1279//1322 1107//1323 1280//1324
f 1525//1325 329//332 1523//1090
f 1281//1326 1137//1180 918//955
f 171//112 1553//1264 1552//1327
f 1488//989 396//232 1533//1125
f 1557//1328 1562//1329 1559//1330
f 1282//1331 1206//1236 1205//1332
f 1053//1082 1278//1318 1281//1326
f 778//1333 607//736 1283//1334
f 713//1335 3566//1336 3569//1337
f 251//323 144//98 124//84
f 4//1 348//195 383//222
f 709//1338 707//1339 706//1340
f 728//373 45//33 246//141
f 261//1341 1563//1342 544//329
f 789//864 1287//1343 790//1110
f 74//54 263//156 282//286
f 403//264 385//226 434//265
f 1178//1216 1240//1260 1189//1221
f 1223//1344 1289//1345 1224//1251
f 158//107 150//102 151//101
f 1220//1247 1186//1219 1221//1259
f 296//1187 354//1346 433//1347
f 784//428 1538//1348 1566//1349
f 1181//1215 1291//1350 1222//1248
f 1269//1306 1257//1351 1246//1269
f 1566//1349 438//269 399//1352
f 136//429 1566//1349 1564//1353
f 1563//1342 169//113 1565//1354
f 107//81 109//157 108//79
f 1297//1355 1298//1356 1296//1357
f 1464//947 1476//934 1461//936
f 1520//1358 507//1359 508//1360
f 1301//1361 1303//1362 1304//1363
f 1306//1364 1308//1365 1305//1366
f 175//176 1532//1367 272//350
f 1532//1367 200//1213 201//137
f 1311//1368 1312//1369 1313//1370
f 872//928 1315//1371 1316//1372
f 1317//1373 1318//1374 1319//1375
f 3836//603 878//626 3828//684
f 1305//1366 864//922 1276//1376
f 1040//1072 863//921 1320//1377
f 1564//1353 399//1352 169//113
f 592//352 1575//1378 591//353
f 591//353 1088//1379 689//368
f 1581//1380 1583//1381 1582//1382
f 1196//599 1147//586 1176//585
f 710//1383 583//1384 713//1335
f 285//170 408//248 386//225
f 953//1296 961//492 963//507
f 1594//1385 1589//1386 1593//1387
f 1585//1001 1587//1388 1586//1389
f 1592//1390 1590//1391 1589//1386
f 3885//1392 944//1393 3899//1394
f 1600//1395 1598//1396 1597//1397
f 1604//1398 1602//1399 1601//1400
f 1399//748 979//733 980//1401
f 1589//1386 1596//1402 1595//1403
f 1610//1404 1608//1405 1607//1406
f 298//1407 361//1408 360//1040
f 551//1277 276//169 277//242
f 1627//1409 3814//1410 3819//1411
f 859//1412 818//890 860//918
f 1078//1112 1328//1413 1329//1414
f 1555//1415 1530//1107 1556//1263
f 572//1416 680//1417 681//1418
f 772//422 776//1419 774//425
f 977//1014 918//955 917//1106
f 404//1265 392//1289 393//1288
f 1054//1084 750//843 753//842
f 1644//1420 1643//1421 1642//1422
f 932//1300 1082//1114 933//973
f 1067//1423 1334//1424 1068//1096
f 1540//1164 264//1147 114//155
f 597//726 643//757 1336//1425
f 471//1426 762//407 470//301
f 1642//1422 3831//877 3842//1427
f 1644//1420 3842//1427 3843//1428
f 923//476 950//480 927//493
f 96//68 548//1429 95//387
f 520//1430 522//1148 521//1058
f 445//1129 443//1275 442//487
f 849//1431 848//1432 842//1433
f 480//363 755//401 493//297
f 1646//1434 481//404 1639//1435
f 311//1436 1567//1437 170//179
f 464//1311 3497//1438 3495//1439
f 3497//1438 1361//1440 3495//1439
f 234//1055 236//341 235//1052
f 190//1168 192//250 191//338
f 153//105 152//1441 149//100
f 231//1059 286//315 230//314
f 1552//1327 1551//1227 1550//1285
f 760//405 1648//1442 488//414
f 3832//1443 1649//1444 3830//1445
f 828//454 826//678 825//455
f 52//34 166//218 165//217
f 1663//1446 1661//1447 1660//1448
f 287//1165 115//80 286//315
f 668//1449 670//613 669//1450
f 634//1451 640//1452 639//1453
f 553//1454 559//1455 554//1456
f 118//83 33//18 516//439
f 492//415 491//424 490//1457
f 3552//1458 1651//1459 3553//1460
f 582//1461 584//1462 583//1384
f 384//1463 392//1289 415//245
f 1381//1464 1383//1465 1380//1466
f 1562//1329 435//268 436//267
f 952//1297 951//479 947//488
f 3529//1467 583//1384 584//1462
f 1660//1448 1667//1468 1666//1469
f 1394//1470 1396//1471 1393//1472
f 1660//1448 1664//1473 1663//1446
f 1671//1474 1669//1049 1668//1475
f 1624//1476 1673//1477 1672//1478
f 1407//1479 1409//1480 1410//1481
f 1677//1482 1675//862 1674//1483
f 1613//1484 1677//1482 1625//1485
f 1679//1486 1676//860 1677//1482
f 1626//1487 3811//1488 3814//1410
f 534//1141 198//128 539//990
f 176//177 150//102 159//106
f 803//1489 734//400 800//441
f 400//386 191//338 192//250
f 65//486 143//253 144//98
f 3526//1490 1656//1491 3540//1492
f 402//1493 157//108 283//171
f 629//1494 627//1495 626//1496
f 461//285 49//36 50//35
f 758//1497 495//298 756//426
f 796//1498 786//1499 785//1500
f 406//235 1513//1198 1560//1501
f 342//1502 166//218 167//555
f 1694//1503 1658//825 1695//1504
f 1692//1505 1694//1503 1696//1506
f 3557//1507 1652//1508 3552//1458
f 3921//1509 1703//1510 3923//1511
f 326//1321 302//257 90//66
f 3916//1512 1702//1513 1706//1514
f 3919//1515 1698//1516 1701//1517
f 1699//1518 3927//1519 3918//1520
f 1557//1328 1560//1501 1561//1521
f 1127//551 1117//547 1128//1522
f 400//386 289//175 346//384
f 1706//1514 1707//1523 1708//1524
f 1707//1523 1599//1525 1600//1395
f 1709//1000 1708//1524 1588//1526
f 1714//1527 1711//1528 1713//1529
f 3919//1515 1709//1000 1700//1002
f 1704//1530 1577//1531 1703//1510
f 1716//1532 1713//1529 1715//1533
f 1559//1330 1549//1222 297//1291
f 1722//1534 1720//1535 1719//1536
f 1335//1537 596//728 1489//1538
f 410//238 377//474 378//216
f 973//506 1163//580 972//505
f 168//114 399//1352 398//1539
f 1571//813 1089//1540 1093//811
f 1572//1541 682//1542 1571//813
f 749//1543 647//367 754//1544
f 1730//1545 1723//1546 1729//1547
f 1594//1385 1729//1547 1592//1390
f 1729//1547 1591//1548 1592//1390
f 1731//1549 1730//1545 1583//1381
f 1384//1550 1377//717 1379//1551
f 1732//1552 1712//1553 1714//1527
f 1724//1554 1731//1549 1732//1552
f 1712//1553 1731//1549 1580//1555
f 1722//1534 1732//1552 1733//1556
f 1721//1557 1733//1556 1734//1558
f 1734//1558 1716//1532 1717//1559
f 1735//1560 1736//1561 1697//1562
f 1733//1556 1714//1527 1716//1532
f 1663//1446 1741//1563 1668//1475
f 1742//1564 1740//1565 1743//1566
f 1738//1567 1737//1568 1735//1560
f 1665//1569 1666//1469 1740//1565
f 1665//1569 1744//1570 1664//1473
f 1725//1571 1746//1572 1745//1573
f 1591//1548 1745//1573 1590//1391
f 1590//1391 1747//1574 1596//1402
f 1745//1573 1748//1575 1747//1574
f 1659//1576 3538//1577 3542//826
f 3287//1578 3545//1579 3282//1580
f 1185//591 1182//895 1190//892
f 1664//1473 1749//1581 1741//1563
f 1741//1563 1739//1582 1738//1567
f 1746//1572 1743//1566 1748//1575
f 1726//1583 1742//1564 1746//1572
f 1153//574 924//1584 925//496
f 1115//1585 1153//574 1154//571
f 1654//1586 3575//1587 1655//1588
f 1896//1589 3549//1590 1686//1158
f 1720//1535 1744//1570 1726//1583
f 1721//1557 1749//1581 1720//1535
f 1750//1591 1701//1517 1698//1516
f 1697//1562 1750//1591 1696//1506
f 1151//566 1063//539 1062//540
f 1751//1592 1670//1047 1671//1474
f 1695//1504 1752//1593 1751//1592
f 961//492 986//1594 981//508
f 1770//1595 1768//1596 1767//806
f 1766//1597 1593//1387 1765//1598
f 1731//1549 1579//1599 1580//1555
f 1579//1599 1774//1600 1578//1601
f 3928//1602 1771//1603 3929//1604
f 1764//1605 3928//1602 3917//1606
f 1777//1607 1775//1608 1774//1600
f 3762//1609 1699//1518 1700//1002
f 1004//1610 1128//1522 1003//1611
f 1774//1600 1771//1603 1772//1612
f 987//1613 1399//748 980//1401
f 1578//1601 1772//1612 1764//1605
f 1783//1614 1781//1615 1778//1616
f 1597//1397 1770//1595 1767//806
f 639//1453 3895//1617 3884//1618
f 3928//1602 1769//1619 1770//1595
f 1793//1620 1789//1621 1788//1622
f 3929//1604 1798//1623 1769//1619
f 3508//1624 3773//1625 1806//861
f 1802//1626 3924//1172 3922//1627
f 1788//1622 1794//1628 1793//1620
f 1793//1620 1795//1629 1776//1630
f 3773//1625 1675//862 1806//861
f 1584//1631 1783//1614 1789//1621
f 1771//1603 3920//1632 3929//1604
f 1801//1633 1798//1623 1800//1634
f 1768//1596 1798//1623 1799//1635
f 1775//1608 1797//1636 1771//1603
f 508//1360 515//556 1520//1358
f 1796//1637 1802//1626 1797//1636
f 1800//1634 3920//1632 3922//1627
f 1794//1628 1804//1638 1795//1629
f 3532//1639 1752//1593 3547//1640
f 485//1641 1807//1018 775//423
f 3809//413 1640//1642 768//411
f 3837//1643 1810//1169 1653//1644
f 485//1641 1640//1642 1808//1645
f 1690//1646 3770//1647 3772//1648
f 487//295 1648//1442 1811//1649
f 3839//1650 1816//1651 3822//1652
f 3838//1653 1648//1442 3830//1445
f 3839//1650 1811//1649 3838//1653
f 1812//1654 487//295 1811//1649
f 1641//1655 767//1656 768//411
f 465//289 755//401 776//1419
f 767//1656 3823//1657 3808//412
f 3822//1652 3826//1658 3847//1659
f 1809//1660 1815//1661 767//1656
f 3837//1643 1651//1459 3840//1019
f 675//1662 3541//1663 3496//1664
f 1814//1665 1822//1666 1821//1667
f 1821//1667 3821//1668 3820//1669
f 1824//1670 1649//1444 1825//1671
f 1827//1672 1850//957 1805//1673
f 1668//1475 1662//1674 1663//1446
f 1779//1675 1848//1676 1828//1677
f 1790//1678 1805//1673 1794//1628
f 1833//1679 1853//1680 1852//1681
f 3521//1682 693//381 575//380
f 1614//1683 1616//1684 1617//1685
f 1852//1681 3498//1686 3501//1687
f 1620//1688 1622//1689 1623//1690
f 1855//1691 1574//1692 1861//1693
f 1847//1694 3501//1687 3513//1695
f 1766//1597 1855//1691 1782//1696
f 1629//1697 1631//1698 1628//1699
f 1633//1700 1634//1701 1632//1702
f 1635//1703 1637//1704 1638//1705
f 1848//1676 1852//1681 1847//1694
f 1855//1691 1863//1706 1862//1707
f 1803//1708 1867//1709 1802//1626
f 1862//1707 1831//1710 1832//1711
f 1782//1696 1862//1707 1781//1615
f 3922//1627 1865//948 1800//1634
f 1873//1712 1870//1713 1869//1714
f 1874//1715 799//1716 804//1717
f 2045//1718 3897//1719 2044//1720
f 1219//610 1295//667 1225//609
f 1615//1721 1396//1471 1395//1722
f 3884//1618 1877//1723 1876//1724
f 645//1725 3786//1726 3559//1727
f 1345//663 1035//534 1346//664
f 634//1451 3884//1618 3880//1728
f 15//8 1327//1729 14//9
f 3910//1730 1878//1731 1893//1732
f 1894//1733 605//1734 1893//1732
f 3506//1735 627//1495 693//381
f 3560//1736 645//1725 3559//1727
f 340//500 454//275 1558//1286
f 1897//1737 195//126 1898//1738
f 1889//1739 1877//1723 1890//1740
f 1901//1741 129//88 1900//1742
f 196//125 754//1544 232//1743
f 1705//1744 3921//1509 3916//1512
f 340//500 166//218 343//498
f 1570//1745 563//968 561//348
f 1904//1746 194//124 1897//1737
f 1781//1615 1832//1711 1780//1747
f 1905//1748 55//38 1906//1749
f 1000//1750 995//1751 996//516
f 986//1594 920//526 987//1613
f 1191//597 1190//892 1194//594
f 2094//1752 2075//1753 2093//1754
f 1920//1755 1919//1756 1915//1757
f 453//276 1912//1758 1911//1759
f 1915//1757 1918//1760 1916//1761
f 3882//1762 2106//1763 3901//1764
f 1655//1588 3531//1765 1868//1766
f 1916//1761 1926//1767 1925//1768
f 704//389 3561//1769 703//390
f 278//168 1925//1768 1900//1742
f 3565//1770 1818//1771 1820//1772
f 1097//543 1115//1585 1114//570
f 1927//1773 727//375 1923//628
f 3578//1774 3654//1775 3758//1776
f 1920//1755 307//186 1929//1777
f 1929//1777 48//31 728//373
f 503//356 1497//1778 1509//1046
f 1902//1779 787//1780 796//1498
f 1816//1651 3820//1669 3826//1658
f 1925//1768 1923//628 1924//1781
f 1535//1782 1568//1783 1534//1784
f 254//244 258//147 255//149
f 1509//1046 366//208 367//210
f 119//194 35//1785 36//16
f 219//464 293//1088 294//524
f 141//174 47//191 431//262
f 542//470 244//318 245//1786
f 1940//1787 430//263 431//262
f 1779//1675 1827//1672 1790//1678
f 1701//1517 3915//1788 3919//1515
f 1661//1447 3515//1789 1667//1468
f 270//162 754//1544 647//367
f 197//1314 749//1543 196//125
f 1727//1790 1212//1791 1211//1241
f 53//37 232//1743 754//1544
f 1465//894 1479//962 1478//964
f 1284//1792 3854//1793 1293//661
f 1951//1794 412//241 413//240
f 168//114 1554//1795 1553//1264
f 1486//1039 206//129 207//131
f 506//1192 78//58 361//1408
f 994//1796 1007//518 993//1797
f 951//479 963//507 964//1798
f 1013//550 3861//670 1351//879
f 3826//1658 1820//1772 1818//1771
f 1498//1223 1954//1799 1482//971
f 299//1006 543//1800 132//90
f 1754//1801 1756//1802 1753//1803
f 1681//1804 1683//1805 1682//1806
f 1696//1506 1695//1504 1697//1562
f 13//7 738//1807 737//1808
f 473//420 475//416 474//418
f 482//291 768//411 1640//1642
f 204//1809 30//14 205//316
f 1761//1810 820//1811 819//888
f 611//738 1125//1812 612//737
f 1501//1007 1908//1813 1909//1814
f 1074//1104 711//809 699//801
f 1960//1815 82//61 83//60
f 120//1816 1960//1815 123//981
f 35//1785 87//78 34//17
f 1773//1817 1025//1060 1031//1063
f 1965//1818 1569//1819 1535//1782
f 494//299 471//1426 479//364
f 1966//1820 1969//1821 1968//1822
f 446//324 1971//1823 1967//1824
f 174//115 125//86 126//85
f 1580//1555 1578//1601 1577//1531
f 1785//1825 1787//1826 1784//1827
f 1972//1828 304//1199 305//1093
f 1254//1273 875//1035 999//1034
f 1973//1829 342//1502 514//554
f 321//1830 1973//1829 509//984
f 1910//1831 275//243 1907//1832
f 509//984 514//554 508//1360
f 1486//1039 1527//1833 1485//1097
f 1974//1834 804//1717 1975//1835
f 1977//1836 1974//1834 1978//1837
f 1980//1838 1966//1820 1981//1839
f 379//219 2//2 295//1840
f 1718//1841 1710//1842 1701//1517
f 884//462 992//513 883//1843
f 1680//1844 1678//1015 1679//1486
f 902//1845 525//1846 524//692
f 344//1005 256//148 299//1006
f 135//1847 137//427 136//429
f 236//341 228//144 333//1261
f 448//1848 1967//1824 1966//1820
f 589//1849 604//1850 584//1462
f 910//712 908//716 907//525
f 1981//1839 1968//1822 1987//1851
f 1982//1852 1987//1851 1979//1853
f 1988//1854 1987//1851 1989//1855
f 1990//1856 1989//1855 1991//1857
f 1991//1857 1993//1858 1992//1859
f 322//1860 320//983 319//1861
f 992//513 830//472 883//1843
f 1144//578 1086//568 1143//1862
f 1995//1863 1978//1837 1994//1864
f 1133//558 1118//546 1126//561
f 1997//1865 1994//1864 1996//1866
f 870//927 1335//1537 1489//1538
f 805//443 1982//1852 1998//1867
f 727//375 2000//1868 1999//1869
f 1996//1866 1988//1854 1990//1856
f 1994//1864 1979//1853 1988//1854
f 1829//1870 792//1871 1273//1312
f 1830//1872 941//982 983//1021
f 798//1873 800//441 799//1716
f 729//1874 731//1875 730//435
f 2011//1876 2023//1877 2022//1878
f 1834//1879 846//908 1159//1880
f 402//1493 284//224 347//1266
f 2022//1878 2024//1881 2025//1882
f 1838//1883 989//1024 988//1026
f 810//515 952//1297 809//452
f 1823//1884 1840//1885 644//758
f 1430//822 1432//834 1431//1886
f 1215//1887 1841//1888 1079//1115
f 149//100 176//177 177//1889
f 1316//1372 873//929 872//928
f 2112//1890 1384//1550 2106//1763
f 1842//1891 1844//1892 1845//1893
f 1159//1880 845//907 1160//1195
f 837//901 1846//1894 1120//1150
f 1971//1823 2030//1895 2027//1896
f 517//1897 370//434 189//319
f 858//917 833//898 812//1230
f 1471//933 2027//1896 1888//1898
f 3551//1899 626//1496 627//1495
f 2174//1900 770//1901 490//1457
f 935//1045 1854//1902 1010//1044
f 1613//1484 1611//1903 1618//1904
f 1231//621 1225//609 1295//667
f 1856//1905 891//941 892//940
f 1300//638 748//1906 741//1282
f 1150//1907 1858//1908 1859//1909
f 1643//1421 696//1234 1642//1422
f 1215//1887 1264//1910 1216//1246
f 1320//1377 902//1845 901//945
f 1956//1911 1944//1912 1960//1815
f 2031//1913 669//1450 1474//1914
f 2034//1915 1310//646 1299//636
f 1879//1916 1656//1491 1657//1917
f 40//1305 242//440 39//20
f 1992//1859 2039//1918 1456//872
f 888//1919 957//998 889//938
f 1882//1920 1996//1866 1990//1856
f 1078//1112 1255//1274 1077//1111
f 1871//1921 1192//1922 1090//1121
f 294//524 218//1212 219//464
f 1323//645 2026//1923 1471//933
f 123//981 83//60 1484//979
f 1324//1924 2041//1925 1323//645
f 384//1463 359//260 352//203
f 1324//1924 2038//1926 2036//1927
f 1883//1928 1885//1929 1829//1870
f 287//1165 114//155 107//81
f 1096//1128 1134//1177 661//774
f 915//956 931//972 916//954
f 806//442 1981//1839 1982//1852
f 3533//1930 584//1462 604//1850
f 1425//800 2042//1931 1018//530
f 1018//530 1948//1932 1017//528
f 3562//1933 740//1934 3519//481
f 1948//1932 649//1935 646//365
f 1881//1936 1990//1856 1991//1857
f 1900//1742 130//1157 278//168
f 992//513 994//1796 993//1797
f 923//476 925//496 924//1584
f 3878//1937 2047//1938 3876//1939
f 1643//1421 625//1940 606//359
f 2050//1941 2051//1942 2049//1943
f 2045//1718 1404//759 2047//1938
f 3876//1939 945//1944 3885//1392
f 1139//1181 1079//1115 1841//1888
f 1037//1069 892//940 982//1167
f 2055//1945 2057//1946 2056//1947
f 1198//1228 718//1948 717//814
f 1619//1949 1612//1950 1611//1903
f 2058//1951 1606//1952 2059//1953
f 2059//1953 1607//1406 2058//1951
f 2058//1951 1624//1476 1605//1954
f 71//1955 179//118 37//19
f 405//233 1557//1328 382//1281
f 976//1013 1006//1042 977//1014
f 322//1860 1972//1828 1911//1759
f 2061//1956 2063//1957 2062//1958
f 2066//1959 2067//1960 1825//1671
f 2052//1961 2064//1962 2051//1942
f 1609//1963 2066//1959 1647//1964
f 1515//1965 152//1441 1516//1966
f 1009//522 993//1797 1007//518
f 1644//1420 3815//1967 2118//885
f 279//1030 1916//1761 278//168
f 1285//1968 3862//640 1284//1792
f 1647//1964 1825//1671 1649//1444
f 2056//1947 2067//1960 2065//1969
f 319//1861 1953//1970 1952//1971
f 667//777 1913//1972 1914//1973
f 2070//1974 625//1940 2048//1975
f 2052//1961 2055//1945 2063//1957
f 2038//1926 1655//1588 1458//1976
f 1606//1952 2073//1977 2072//1978
f 1235//1979 1270//1980 1236//1256
f 2072//1978 2075//1753 2074//1981
f 2059//1953 2072//1978 2062//1958
f 2074//1981 2077//1982 2076//1983
f 1601//1400 2078//1984 2073//1977
f 2049//1943 1643//1421 1645//1985
f 1000//1750 1001//1986 994//1796
f 1089//1540 684//369 689//368
f 1931//1987 1306//1364 1930//1988
f 1462//1989 1021//533 1022//532
f 1932//1990 1934//1991 1935//1992
f 875//1035 1846//1894 998//1033
f 1936//1993 1937//1994 1938//1995
f 44//140 46//32 92//139
f 1534//1784 1956//1911 120//1816
f 1541//1162 317//183 391//230
f 2081//1996 2084//1997 2083//1998
f 146//557 1959//1999 300//2000
f 1360//2001 1942//2002 1361//1440
f 985//1023 1032//1066 1033//1065
f 1995//1863 1892//2003 2043//2004
f 2079//2005 2082//2006 2081//1996
f 2095//2007 2076//1983 2077//1982
f 2081//1996 2078//1984 2079//2005
f 2055//1945 2054//2008 2053//2009
f 501//456 2095//2007 500//304
f 2097//2010 2099//2011 2098//2012
f 2098//2012 2094//1752 2083//1998
f 2140//2013 3893//2014 3866//2015
f 2141//2016 3894//2017 3893//2014
f 2051//1942 2048//1975 2049//1943
f 592//352 2101//2018 1576//2019
f 2071//2020 2076//1983 2096//2021
f 2102//2022 2098//2012 2101//2018
f 593//2023 2102//2022 592//352
f 1019//529 746//1283 747//799
f 1950//2024 12//2025 1327//1729
f 725//396 2096//2021 501//456
f 1385//791 2104//2026 1379//1551
f 1379//1551 2106//1763 1384//1550
f 2107//2027 2100//630 2097//2010
f 3908//2028 502//303 3896//2029
f 3896//2029 499//305 3901//1764
f 940//2030 2109//2031 944//1393
f 928//2032 1170//595 973//506
f 3868//2033 684//369 3899//1394
f 1962//2034 1964//2035 1961//2036
f 3878//1937 573//345 3897//1719
f 2039//1918 1968//1822 1969//1821
f 1389//2037 2110//2038 2109//2031
f 1398//747 2113//2039 1397//746
f 3757//2040 3753//2041 3743//2042
f 3911//2043 2107//2027 2103//2044
f 949//553 924//1584 1115//1585
f 260//150 324//189 326//1321
f 1390//724 2113//2039 2110//2038
f 2070//1974 2064//1962 2071//2020
f 3867//2045 2103//2044 593//2023
f 2105//2046 1421//792 2114//2047
f 2114//2047 1423//797 2115//2048
f 3892//2049 2115//2048 3903//2050
f 3908//2028 2114//2047 3892//2049
f 554//1456 1902//1779 553//1454
f 972//505 967//497 966//495
f 1765//1598 1573//2051 1574//1692
f 1984//2052 1986//2053 1983//2054
f 2053//2009 2069//2055 2057//1946
f 3573//2056 724//2057 714//376
f 1625//1485 1674//1483 1673//1477
f 3881//2058 2119//2059 2122//2060
f 3903//2050 2123//2061 3904//2062
f 56//161 1906//1749 55//38
f 626//1496 3879//2063 629//1494
f 2001//2064 2003//2065 2004//2066
f 3912//2067 2127//2068 3907//2069
f 2006//2070 2008//2071 2009//2072
f 2127//2068 1412//764 2128//2073
f 2014//2074 2016//2075 2017//2076
f 2018//2077 2020//2078 2021//2079
f 1495//997 1947//2080 197//1314
f 1379//1551 1386//786 1385//791
f 3814//1410 1680//1844 1618//1904
f 2029//2081 1884//2082 2028//2083
f 3902//2084 2120//2085 3887//2086
f 629//1494 3914//631 3872//2087
f 682//1542 943//2088 1089//1540
f 724//2057 2121//2089 716//377
f 1757//991 3821//1668 3845//2090
f 765//2091 3844//2092 3809//413
f 3851//2093 715//378 3852//2094
f 706//1340 3870//2095 3872//2087
f 981//508 987//1613 980//1401
f 1457//871 1656//1491 1880//2096
f 2017//2076 2032//2097 2033//2098
f 1458//1976 1868//1766 1457//871
f 1776//1630 1792//2099 1793//1620
f 1959//1999 1946//2100 1958//2101
f 3663//805 3725//2102 3661//2103
f 3913//2104 2122//2060 3850//2105
f 1093//811 689//368 1088//1379
f 966//495 968//502 972//505
f 3852//2094 3881//2058 3913//2104
f 2172//2106 2170//2107 2171//2108
f 670//613 2137//2109 669//1450
f 3761//2110 1903//2111 233//629
f 1429//823 28//2112 1449//2113
f 964//1798 978//509 971//501
f 3841//2114 1413//779 2127//2068
f 1473//2115 669//1450 2137//2109
f 3834//680 1359//706 1358//683
f 2138//2116 1870//1713 2137//2109
f 1872//2117 2137//2109 1870//1713
f 715//378 3888//2118 3881//2058
f 1881//1936 1992//1859 1880//2096
f 3843//1428 739//482 740//1934
f 1837//2119 3513//1695 3514//2120
f 253//146 59//62 85//64
f 1808//1645 3840//1019 1807//1018
f 1647//1964 3818//2121 1609//1963
f 3865//2122 671//611 668//1449
f 2112//1890 3883//2123 2111//2124
f 1405//844 2044//1720 1438//830
f 3829//691 1364//2125 1366//2126
f 273//1163 391//230 249//165
f 576//392 3520//2127 3555//2128
f 3875//2129 668//1449 2031//1913
f 1430//822 2140//2013 2139//2130
f 2136//2131 3860//849 28//2112
f 1430//822 18//12 19//11
f 3893//2014 570//347 695//2132
f 1442//835 2046//2133 2141//2016
f 1431//1886 2141//2016 2140//2013
f 3869//2134 3850//2105 2136//2131
f 3808//412 1817//2135 766//2136
f 3866//2015 695//2132 671//611
f 2142//2137 798//1873 2138//2116
f 571//346 2142//2137 694//612
f 3819//1411 1618//1904 1611//1903
f 2143//2138 2025//1882 2142//2137
f 694//612 2138//2116 670//613
f 681//1418 2144//2139 572//1416
f 2144//2139 2022//1878 2143//2138
f 328//394 457//635 290//393
f 1572//1541 2011//1876 2144//2139
f 630//395 3903//2050 624//360
f 2085//2140 2087//2141 2088//2142
f 2090//2143 2092//2144 2089//2145
f 572//1416 2143//2138 571//346
f 1875//2146 2153//2147 2149//2148
f 1873//1712 2149//2148 2154//2149
f 2103//2044 2097//2010 2102//2022
f 2157//2150 2155//2151 2156//2152
f 2128//2073 1414//766 2120//2085
f 3874//2153 589//1849 582//1461
f 3872//2087 628//2154 629//1494
f 2149//2148 2158//2155 2159//2156
f 2159//2156 3905//2157 3890//2158
f 698//388 3902//2084 705//2159
f 3823//1657 3827//2160 1817//2135
f 2158//2155 3874//2153 3905//2157
f 1438//830 2046//2133 1439//828
f 2035//2161 2160//2162 2161//2163
f 2161//2163 3889//2164 3886//2165
f 3871//2166 605//1734 589//1849
f 3873//2167 18//12 3875//2129
f 370//434 61//44 451//320
f 649//1935 413//240 648//366
f 2153//2147 2156//2152 2158//2155
f 1428//2168 1449//2113 1450//2169
f 1490//1027 73//55 1488//989
f 3890//2158 710//1383 633//2170
f 2155//2151 3891//2171 3871//2166
f 1456//872 1880//2096 1992//1859
f 2125//2172 2087//2141 2124//2173
f 2160//2162 3890//2158 3889//2164
f 300//2000 505//634 323//261
f 1064//592 1046//538 1065//2174
f 2043//2004 1891//2175 2155//2151
f 2129//2176 2004//2066 2003//2065
f 2131//2177 2133//2178 2134//2179
f 3848//850 1450//2169 1449//2113
f 1998//1867 804//1717 805//443
f 3879//2063 3864//2180 3914//631
f 474//418 490//1457 770//1901
f 1164//582 1182//895 1177//589
f 707//1339 3909//2181 3870//2095
f 708//2182 2162//2183 707//1339
f 2162//2183 3886//2165 3909//2181
f 548//1429 1905//1748 458//281
f 1145//562 1114//570 1171//587
f 705//2159 1650//2184 704//389
f 2043//2004 1977//1836 1995//1863
f 737//1808 554//1456 559//1455
f 1034//605 1191//597 1023//593
f 458//281 1907//1832 275//243
f 195//126 232//1743 233//629
f 2040//2185 1969//1821 1970//2186
f 2145//2187 2147//2188 2148//2189
f 2054//2008 2049//1943 1645//1985
f 3832//1443 1639//1435 3818//2121
f 9//2190 11//2191 10//2192
f 252//145 506//1192 258//147
f 472//300 479//364 471//1426
f 1865//948 3791//1174 3503//2193
f 900//484 910//712 907//525
f 1941//2194 2151//2195 1942//2002
f 1921//2196 1927//1773 1919//1756
f 2163//2197 1898//1738 2116//2198
f 271//1003 153//105 178//2199
f 1904//1746 12//2025 9//2190
f 282//286 264//1147 460//283
f 1872//2117 2154//2149 2035//2161
f 1326//2200 1897//1737 2163//2197
f 628//2154 693//381 627//1495
f 1724//1554 1719//1536 1723//1546
f 1549//1222 436//267 172//117
f 1582//1382 1730//1545 1729//1547
f 1921//2196 1929//1777 1928//2201
f 3563//2202 10//2192 11//2191
f 2152//2203 1950//2024 1949//2204
f 475//416 774//425 771//417
f 769//419 2171//2108 473//420
f 2171//2108 476//2205 473//420
f 476//2205 772//422 475//416
f 1791//2206 464//1311 1760//2207
f 2166//2208 2168//2209 2169//2210
f 595//354 372//1217 98//72
f 483//293 1641//1655 482//291
f 762//407 2173//853 470//301
f 771//417 484//292 492//415
f 486//296 1809//1660 483//293
f 297//1291 1517//1185 296//1187
f 763//2211 2174//1900 762//407
f 776//1419 759//403 489//294
f 184//374 2176//2212 2000//1868
f 412//241 303//1201 414//239
f 2005//2213 185//166 224//277
f 3811//1488 1682//1806 3846//1017
f 2164//2214 756//426 764//409
f 1472//2215 2161//2163 2162//2183
f 950//480 964//1798 965//494
f 2177//2216 2179//2217 2180//2218
f 227//1218 1510//1050 333//1261
f 764//409 467//410 2164//2214
f 2182//2219 2184//2220 2181//2221
f 2186//2222 2018//2077 2185//2223
f 1985//2224 2181//2221 1986//2053
f 214//136 729//1874 1531//1119
f 1545//1200 1546//2225 1569//1819
f 865//675 842//1433 866//682
f 849//1431 1357//677 1362//2226
f 452//274 1558//1286 454//275
f 559//1455 3188//2227 737//1808
f 16//2228 737//1808 3188//2227
f 560//2229 498//2230 374//2231
f 3193//2232 3195//2233 3194//2234
f 3200//2235 3198//2236 3199//2237
f 3211//2238 3213//2239 3212//2240
f 3215//2241 3217//2242 3216//2243
f 2187//2244 2002//2245 2001//2064
f 2169//2210 2189//2246 2190//2247
f 2192//2248 2085//2140 2191//2249
f 2193//2250 2195//2251 2196//2252
f 2198//2253 2200//2254 2197//2255
f 1998//1867 1979//1853 1975//1835
f 3664//2256 3668//2257 3671//2258
f 2116//2198 1903//2111 1902//1779
f 1859//1909 2009//2072 1150//1907
f 3904//2062 2126//2259 3906//2260
f 1135//2261 1087//569 1130//559
f 2201//2262 2015//2263 2014//2074
f 1149//2264 110//152 1858//1908
f 3221//2265 3218//2266 3215//2241
f 2203//2267 2205//2268 2206//2269
f 579//344 1895//2270 1019//529
f 1755//2271 2208//2272 1756//1802
f 3891//2171 1893//1732 605//1734
f 1211//1241 2150//2273 1727//1790
f 868//925 2210//2274 2209//2275
f 944//1393 930//754 940//2030
f 2130//2276 2202//2277 2201//2262
f 233//629 1898//1738 195//126
f 665//776 750//843 666//2278
f 1167//1207 999//1034 618//2279
f 2211//2280 2213//2281 2214//2282
f 2215//2283 2217//2284 2218//2285
f 3867//2045 590//351 3868//2033
f 2220//2286 220//306 2219//2287
f 823//447 948//477 1094//552
f 3225//2288 3227//2289 3226//2290
f 266//160 455//469 265//158
f 3882//1762 2107//2027 3883//2123
f 2221//2291 3519//481 3517//483
f 2223//2292 2225//2293 2226//2294
f 2207//2295 2124//2173 2208//2272
f 673//2296 3869//2134 3864//2180
f 817//444 996//516 815//451
f 2227//2297 2146//2298 2145//2187
f 1947//2080 646//365 749//1543
f 3900//633 17//10 3873//2167
f 2229//2299 1638//1705 1381//1464
f 1679//1486 1618//1904 1680//1844
f 1637//1704 2232//2300 2230//2301
f 2233//2302 1617//1685 1616//1684
f 2231//2303 2236//2304 2237//2305
f 1381//1464 2238//2306 1382//2307
f 3586//2308 2242//2309 3587//2310
f 1630//2311 2233//2302 1631//1698
f 1681//1804 472//300 469//302
f 1408//2312 2243//2313 2244//2314
f 3236//2315 3238//2316 3237//2317
f 3232//2318 3240//2319 3235//2320
f 1637//1704 2238//2306 1638//1705
f 3237//2317 3233//2321 3234//2322
f 1409//1480 1634//1701 2245//2323
f 1380//1466 2247//2324 2246//2325
f 1628//1699 2245//2323 1621//2326
f 2249//2327 1622//1689 1633//1700
f 1632//1702 1408//2312 2244//2314
f 2248//2328 1631//1698 2250//2329
f 2235//2330 1637//1704 1636//2331
f 3245//2332 3199//2237 3198//2236
f 631//1316 2071//2020 725//396
f 515//556 52//34 49//36
f 782//858 2251//2333 1251//1270
f 2253//2334 2255//2335 2252//2336
f 397//231 459//284 784//428
f 1456//872 2040//2185 1455//870
f 2040//2185 2036//1927 1455//870
f 1401//2337 2111//2124 1398//747
f 2041//1925 1970//2186 2026//1923
f 1535//1782 414//239 1965//1818
f 1586//1389 2080//2338 2079//2005
f 2256//2339 1132//1175 1886//2340
f 1700//1002 3918//1520 3919//1515
f 3815//1967 1686//1158 3817//886
f 1263//1298 1886//2340 1096//1128
f 598//2341 844//1245 599//727
f 2257//2342 2259//2343 2260//2344
f 2258//2345 2262//2346 2259//2343
f 2259//2343 2263//2347 2216//2348
f 2260//2344 2216//2348 2215//2283
f 1967//1824 1970//2186 1969//1821
f 2212//2349 1963//2350 2213//2281
f 922//2351 2218//2285 2217//2284
f 1312//1369 1101//1131 2264//2352
f 1307//2353 1286//2354 789//864
f 1548//2355 1546//2225 1972//1828
f 2266//2356 2268//2357 2265//2358
f 2265//2358 2270//2359 2269//2360
f 2272//2361 2269//2360 2271//2362
f 2273//2363 2265//2358 2272//2361
f 2275//2364 2277//2365 2274//2366
f 2278//2367 2277//2365 2279//2368
f 2284//2369 3617//2370 3639//2371
f 2287//2372 2286//2373 2281//2374
f 2288//2375 2283//2376 2287//2372
f 2290//2377 3639//2371 3620//2378
f 2291//2379 2293//2380 2294//2381
f 2295//2382 2294//2381 2279//2368
f 2296//2383 2291//2379 2295//2382
f 2297//2384 2292//2385 2291//2379
f 2294//2381 2299//2386 2300//2387
f 2279//2368 2300//2387 2278//2367
f 2298//2388 2302//2389 2292//2385
f 2292//2385 2303//2390 2293//2380
f 2293//2380 2304//2391 2299//2386
f 2304//2391 2306//2392 2299//2386
f 2306//2392 2300//2387 2299//2386
f 2308//2393 2310//2394 2307//2395
f 2302//2389 2310//2394 2303//2390
f 2301//2396 2307//2395 2302//2389
f 2312//2397 2307//2395 2311//2398
f 2313//2399 2315//2400 2316//2401
f 2318//2402 2320//2403 2317//2404
f 3748//2405 2322//2406 2323//2407
f 2324//2408 2273//2363 2326//2409
f 2313//2399 2326//2409 2327//2410
f 2328//2411 2313//2399 2316//2401
f 2329//2412 2324//2408 2328//2411
f 2331//2413 2333//2414 2330//2415
f 2330//2415 2267//2416 2266//2356
f 2325//2417 2266//2356 2273//2363
f 2329//2412 2330//2415 2325//2417
f 2333//2414 2335//2418 2267//2416
f 2336//2419 2333//2414 2332//2420
f 2338//2421 2332//2420 2337//2422
f 2331//2413 2337//2422 2332//2420
f 2329//2412 2339//2423 2331//2413
f 2328//2411 2340//2424 2329//2412
f 2316//2401 2341//2425 2328//2411
f 2342//2426 2315//2400 2343//2427
f 2344//2428 2346//2429 2347//2430
f 2341//2425 2347//2430 2340//2424
f 2342//2426 2344//2428 2341//2425
f 2348//2431 2345//2432 2344//2428
f 2350//2433 2352//2434 2353//2435
f 2339//2423 2353//2435 2337//2422
f 2340//2424 2350//2433 2339//2423
f 2347//2430 2351//2436 2350//2433
f 2337//2422 2354//2437 2338//2421
f 2353//2435 2355//2438 2354//2437
f 2356//2439 2276//2440 2357//2441
f 2356//2439 2358//2442 2359//2443
f 2356//2439 2296//2383 2295//2382
f 2279//2368 2356//2439 2295//2382
f 2360//2444 2270//2359 2268//2357
f 2267//2416 2360//2444 2268//2357
f 2362//2445 2364//2446 2365//2447
f 2362//2445 2361//2448 2358//2442
f 2366//2449 2358//2442 2357//2441
f 2366//2449 2363//2450 2362//2445
f 2357//2441 2368//2451 2366//2449
f 2366//2449 2369//2452 2367//2453
f 2276//2440 2370//2454 2368//2451
f 2368//2451 2282//2455 2369//2452
f 2372//2456 2374//2457 2371//2458
f 2375//2459 2377//2460 2007//2461
f 2378//2462 2380//2463 2381//2464
f 2382//2465 2381//2464 2383//2466
f 2384//2467 2378//2462 2382//2465
f 2385//2468 2379//2469 2378//2462
f 2388//2470 2390//2471 2387//2472
f 2387//2472 2392//2473 2391//2474
f 2393//2475 2387//2472 2391//2474
f 2394//2476 2388//2470 2387//2472
f 2186//2222 2402//2477 2400//2478
f 2403//2479 2327//2410 2326//2409
f 2272//2361 2326//2409 2273//2363
f 2271//2362 2403//2479 2272//2361
f 2405//2480 2404//2481 2403//2479
f 2404//2481 2408//2482 2327//2410
f 2409//2483 2411//2484 2412//2485
f 2409//2483 2271//2362 2269//2360
f 2413//2486 2269//2360 2270//2359
f 2413//2486 2410//2487 2409//2483
f 2417//2488 2416//2489 2418//2490
f 2417//2488 2406//2491 2405//2480
f 2412//2485 2405//2480 2271//2362
f 2411//2484 2417//2488 2412//2485
f 2406//2491 2407//2492 2404//2481
f 3569//1337 632//2493 713//1335
f 2420//2494 2397//2495 2421//2496
f 2420//2494 2423//2497 2422//2498
f 2424//2499 2422//2498 2419//2500
f 2424//2499 2398//2501 2420//2494
f 2425//2502 2392//2473 2426//2503
f 2421//2496 2426//2503 2423//2497
f 2397//2495 2425//2502 2421//2496
f 2396//2504 2391//2474 2425//2502
f 2427//2505 2315//2400 2314//2506
f 2427//2505 2408//2482 2428//2507
f 2430//2508 2428//2507 2429//2509
f 2343//2427 2427//2505 2430//2508
f 2432//2510 2430//2508 2431//2511
f 2431//2511 2429//2509 2433//2512
f 2435//2513 2433//2512 2434//2514
f 2436//2515 2431//2511 2435//2513
f 2428//2507 2407//2492 2437//2516
f 2422//2498 2407//2492 2419//2500
f 2438//2517 2422//2498 2423//2497
f 2429//2509 2437//2516 2438//2517
f 2440//2518 2433//2512 2439//2519
f 2441//2520 2433//2512 2429//2509
f 2442//2521 2439//2519 2441//2520
f 2443//2522 2440//2518 2439//2519
f 2445//2523 2444//2524 2443//2522
f 2447//2525 2443//2522 2442//2521
f 2383//2466 2445//2523 2447//2525
f 2381//2464 2446//2526 2445//2523
f 2448//2527 2423//2497 2426//2503
f 2449//2528 2426//2503 2392//2473
f 2441//2520 2449//2528 2442//2521
f 2441//2520 2438//2517 2448//2527
f 2449//2528 2390//2471 2450//2529
f 2450//2529 2389//2530 2451//2531
f 2447//2525 2451//2531 2383//2466
f 2442//2521 2450//2529 2447//2525
f 2451//2531 2453//2532 2452//2533
f 2452//2533 2455//2534 2454//2535
f 2382//2465 2454//2535 2384//2467
f 2383//2466 2452//2533 2382//2465
f 2456//2536 2373//2537 2372//2456
f 2459//2538 2461//2539 2458//2540
f 2463//2541 2465//2542 2462//2543
f 2462//2543 2285//2544 2284//2369
f 2466//2545 2284//2369 2290//2377
f 2467//2546 2462//2543 2466//2545
f 2461//2539 3703//2547 3701//2548
f 2468//2549 2470//2550 2471//2551
f 2472//2552 2471//2551 2473//2553
f 2474//2554 3701//2548 3688//2555
f 2475//2556 2477//2557 2478//2558
f 2458//2540 2453//2532 2479//2559
f 2479//2559 2389//2530 2388//2470
f 2395//2560 2479//2559 2388//2470
f 2480//2561 2458//2540 2479//2559
f 2481//2562 2483//2563 2478//2558
f 2484//2564 2485//2565 221//2566
f 2471//2551 2464//2567 2463//2541
f 2473//2553 2463//2541 2467//2546
f 2487//2568 2466//2545 2486//2569
f 2486//2569 2290//2377 2488//2570
f 2490//2571 2488//2570 2489//2572
f 2491//2573 2486//2569 2490//2571
f 2492//2574 2467//2546 2487//2568
f 2493//2575 2487//2568 2491//2573
f 2494//2576 2492//2574 2493//2575
f 2495//2577 2473//2553 2492//2574
f 3690//2578 2474//2554 3688//2555
f 3691//2579 2496//2580 3690//2578
f 2498//2581 2493//2575 2499//2582
f 2500//2583 2499//2582 2501//2584
f 3700//2585 2498//2581 2500//2583
f 3687//2586 2494//2576 2498//2581
f 2306//2392 2278//2367 2300//2387
f 2305//2587 2504//2588 2306//2392
f 2504//2588 2507//2589 2506//2590
f 2506//2590 2288//2375 2508//2591
f 2274//2366 2508//2591 2275//2364
f 2278//2367 2506//2590 2274//2366
f 3633//2592 2489//2572 2488//2570
f 3620//2378 2488//2570 2290//2377
f 2507//2589 2289//2593 2288//2375
f 2505//2594 2509//2595 2507//2589
f 2508//2591 2287//2372 2511//2596
f 2511//2596 2281//2374 2280//2597
f 2370//2454 2280//2597 2282//2455
f 2275//2364 2511//2596 2370//2454
f 2512//2598 2489//2572 2513//2599
f 2514//2600 2513//2599 2515//2601
f 2517//2602 2514//2600 2516//2603
f 2517//2602 2490//2571 2512//2598
f 2499//2582 2491//2573 2517//2602
f 2499//2582 2516//2603 2501//2584
f 2510//2604 2519//2605 2518//2606
f 2518//2606 2521//2607 2520//2608
f 3616//2609 2520//2608 3621//2610
f 3632//2611 2518//2606 3616//2609
f 2522//2612 2303//2390 2310//2394
f 2523//2613 2310//2394 2309//2614
f 2305//2587 2522//2612 2524//2615
f 2524//2615 2523//2613 2525//2616
f 2519//2605 2525//2616 2521//2607
f 2505//2594 2524//2615 2519//2605
f 2308//2393 2527//2617 2526//2618
f 2526//2618 2529//2619 2528//2620
f 2531//2621 2528//2620 2530//2622
f 2309//2614 2526//2618 2531//2621
f 1214//1243 2151//2195 1211//1241
f 2419//2500 2418//2490 2424//2499
f 2533//2623 2349//2624 2317//2404
f 2534//2625 2317//2404 2320//2403
f 2535//2626 2533//2623 2534//2625
f 2536//2627 2345//2432 2533//2623
f 2537//2628 2346//2429 2536//2627
f 2538//2629 2536//2627 2535//2626
f 2539//2630 2537//2628 2538//2629
f 2540//2631 2351//2436 2537//2628
f 2312//2397 2541//2632 2527//2617
f 2527//2617 2542//2633 2529//2619
f 2543//2634 2434//2514 2544//2635
f 2545//2636 2544//2635 2546//2637
f 2319//2638 2543//2634 2545//2636
f 2318//2402 2435//2513 2543//2634
f 2514//2600 2548//2639 2547//2640
f 2547//2640 2550//2641 2549//2642
f 2552//2643 2549//2642 2551//2644
f 2552//2643 2514//2600 2547//2640
f 2520//2608 2554//2645 2553//2646
f 2553//2646 2556//2647 2555//2648
f 3590//2649 2555//2648 3593//2650
f 3621//2610 2553//2646 3590//2649
f 2523//2613 2531//2621 2557//2651
f 2557//2651 2530//2622 2558//2652
f 2525//2616 2557//2651 2559//2653
f 2559//2653 2558//2652 2560//2654
f 2554//2645 2560//2654 2556//2647
f 2521//2607 2559//2653 2554//2645
f 2561//2655 2007//2461 2006//2070
f 2376//2656 2225//2293 2377//2460
f 2564//2657 2566//2658 2563//2659
f 2563//2659 338//511 2567//2660
f 2569//2661 2567//2660 2568//2662
f 2570//2663 2563//2659 2569//2661
f 2572//2664 2574//2665 2571//2666
f 2571//2666 2576//2667 2575//2668
f 2544//2635 2575//2668 2546//2637
f 2544//2635 2572//2664 2571//2666
f 2578//2669 2569//2661 2577//2670
f 2579//2671 2569//2661 2568//2662
f 2574//2665 2579//2671 2576//2667
f 2573//2672 2577//2670 2574//2665
f 2581//2673 2583//2674 2580//2675
f 2584//2676 2583//2674 2585//2677
f 3697//2678 2580//2675 2584//2676
f 3676//2679 2580//2675 3675//2680
f 2582//2681 2552//2643 2583//2674
f 2583//2674 2551//2644 2585//2677
f 2500//2583 2589//2682 2588//2683
f 2590//2684 2589//2682 2591//2685
f 3693//2686 2588//2683 2590//2684
f 3695//2687 2500//2583 2588//2683
f 2501//2584 2591//2685 2589//2682
f 2592//2688 2594//2689 2595//2690
f 2386//2691 2503//2692 2502//2693
f 2596//2694 2386//2691 2374//2457
f 2596//2694 2373//2537 2597//2695
f 2599//2696 2597//2695 2598//2697
f 2599//2696 2379//2469 2596//2694
f 2600//2698 2380//2463 2599//2696
f 2600//2698 2598//2697 2601//2699
f 2603//2700 2601//2699 2602//2701
f 2603//2700 2446//2526 2600//2698
f 2604//2702 2602//2701 2605//2703
f 2440//2518 2605//2703 2434//2514
f 2444//2524 2604//2702 2440//2518
f 2606//2704 2581//2673 2607//2705
f 2606//2704 2590//2684 2591//2685
f 2591//2685 2582//2681 2606//2704
f 3676//2679 2456//2536 3689//2706
f 3689//2706 2372//2456 3693//2686
f 2478//2558 2608//2707 2481//2562
f 2609//2708 2611//2709 2199//2710
f 2564//2657 2613//2711 2612//2712
f 2612//2712 2598//2697 2597//2695
f 2457//2713 2597//2695 2373//2537
f 2565//2714 2612//2712 2457//2713
f 2614//2715 2570//2663 2578//2669
f 2615//2716 2578//2669 2573//2672
f 2602//2701 2614//2715 2615//2716
f 2601//2699 2613//2711 2614//2715
f 2572//2664 2605//2703 2616//2717
f 2616//2717 2602//2701 2615//2716
f 2573//2672 2616//2717 2615//2716
f 1459//880 1045//541 1021//533
f 1265//1299 1079//1115 1082//1114
f 1612//1950 1609//1963 1611//1903
f 2067//1960 2069//2055 2068//2718
f 1135//2261 1136//564 1148//563
f 1938//1995 2618//2719 2617//2720
f 95//387 458//281 128//89
f 2058//1951 1608//1405 1612//1950
f 1454//873 1445//851 1367//703
f 655//769 1048//1079 2619//2721
f 722//2722 2621//2723 723//817
f 1131//1176 1033//1065 1134//1177
f 562//349 366//208 1497//1778
f 1723//1546 1725//1571 1591//1548
f 1786//2724 1122//1152 1787//1826
f 267//159 323//261 266//160
f 1325//644 1654//1586 2038//1926
f 1468//896 1435//832 1479//962
f 658//772 529//2725 528//695
f 8//4 247//339 7//2726
f 382//1281 1559//1330 3//223
f 788//866 1307//2353 789//864
f 940//2030 929//755 928//2032
f 911//951 2623//2727 912//2728
f 2621//2723 655//769 654//768
f 2624//2729 2625//2730 2626//2731
f 998//1033 27//26 26//2732
f 635//753 2626//2731 2625//2730
f 2627//2733 644//758 1840//1885
f 2628//2734 1840//1885 2629//2735
f 1200//2736 2627//2733 2628//2734
f 1199//1231 641//756 2627//2733
f 1520//1358 49//36 477//1076
f 1452//874 1349//668 1451//1244
f 2630//2737 1859//1909 1858//1908
f 644//758 1335//1537 1823//1884
f 1197//1229 717//814 2632//2738
f 2632//2738 719//815 1166//1205
f 2628//2734 1166//1205 1200//2736
f 2629//2735 2632//2738 2628//2734
f 1762//2739 1050//2740 821//889
f 1823//1884 873//929 1839//2741
f 2634//2742 794//1124 652//767
f 1028//1064 1027//1061 1161//1240
f 1042//1073 2635//2743 1043//1074
f 93//70 1901//1741 1924//1781
f 2036//1927 1458//1976 1455//870
f 1527//1833 1525//1325 1526//1098
f 877//932 1274//1313 1277//1317
f 134//91 797//430 1544//1190
f 1328//1413 931//972 1329//1414
f 607//736 1091//1122 1161//1240
f 1043//1074 2637//2744 2636//2745
f 2636//2745 2639//2746 2638//2747
f 1275//1315 2638//2747 1276//1376
f 1275//1315 1043//1074 2636//2745
f 1272//1308 2626//2731 2640//2748
f 2640//2748 638//752 637//2749
f 1110//1143 2640//2748 637//2749
f 536//2750 2640//2748 2641//2751
f 1472//2215 1474//1914 1473//2115
f 2042//1931 1951//1794 649//1935
f 1058//2752 1105//2753 1059//1086
f 2642//2754 2643//2755 2644//2756
f 1192//1922 2644//2756 1193//1224
f 912//2728 2642//2754 1192//1922
f 3898//2757 3526//1490 3786//1726
f 1049//1078 2620//2758 2621//2723
f 616//740 1885//1929 613//741
f 1331//2759 666//2278 750//843
f 990//2760 1198//1228 525//1846
f 1911//1759 321//1830 322//1860
f 1298//1356 1205//1332 2645//2761
f 76//53 1504//1029 75//2762
f 1502//2763 421//254 422//256
f 610//735 658//772 691//798
f 1146//1188 659//773 938//977
f 2646//2764 914//953 936//975
f 1280//1324 1238//2765 1279//1322
f 975//2766 2647//2767 2648//2768
f 2647//2767 975//2766 974//1012
f 1453//906 1452//874 1451//1244
f 1514//1108 158//107 151//101
f 835//900 1843//2769 1842//1891
f 1271//1307 1173//2770 1289//1345
f 2649//2771 813//883 2650//2772
f 1893//1732 1826//2773 1894//1733
f 1050//2740 1937//1994 1051//1080
f 2651//2774 814//884 813//883
f 1006//1042 1281//1326 977//1014
f 2653//2775 2654//2776 2655//2777
f 1001//1986 1003//1611 1002//519
f 585//723 679//789 558//710
f 2624//2729 621//1309 620//743
f 555//708 2028//2083 556//1166
f 1207//1238 1197//1229 2629//2735
f 1626//1487 478//362 472//300
f 426//1056 419//252 1567//1437
f 1030//1225 1773//1817 1031//1063
f 3898//2757 634//1451 3880//1728
f 534//1141 138//1126 262//335
f 1125//1812 1042//1073 1041//1155
f 333//1261 88//65 227//1218
f 569//437 561//348 730//435
f 1489//1538 871//2778 870//927
f 1857//2779 620//743 891//941
f 1673//1477 3770//1647 3763//2780
f 622//744 864//922 1308//1365
f 2647//2767 974//1012 2657//2781
f 619//745 891//941 620//743
f 261//1341 545//331 262//335
f 393//1288 1556//1263 404//1265
f 2658//2782 2647//2767 2657//2781
f 1075//1105 2657//2781 917//1106
f 1081//2783 2658//2782 1075//1105
f 1080//1113 2659//2784 2658//2782
f 2644//2756 1141//1182 2660//2785
f 2660//2785 1140//2786 1336//1425
f 642//2787 1336//1425 643//757
f 1193//1224 2660//2785 642//2787
f 679//789 555//708 558//710
f 1503//2788 1500//1009 1502//2763
f 1318//1374 1101//1131 1100//2789
f 2661//2790 1139//1181 1142//1183
f 2661//2790 2663//2791 2662//2792
f 2662//2792 2659//2784 2661//2790
f 2662//2792 2622//2793 2664//2794
f 2664//2794 911//951 2646//2764
f 2648//2768 2646//2764 1146//1188
f 2648//2768 2662//2792 2664//2794
f 2083//1998 2093//1754 2081//1996
f 1442//835 1437//831 1439//828
f 519//475 330//1095 51//432
f 1885//1929 1209//1239 613//741
f 799//1716 805//443 804//1717
f 1946//2100 1952//1971 1953//1970
f 1302//2795 1253//1272 1252//2796
f 566//1320 224//277 533//322
f 1389//2037 928//2032 1388//720
f 683//2797 681//1418 680//1417
f 836//2798 1842//1891 2665//2799
f 2665//2799 1845//1893 1303//1362
f 2666//2800 1303//1362 1302//2795
f 24//27 2665//2799 2666//2800
f 831//899 2650//2772 832//897
f 1845//1893 1304//1363 1303//1362
f 2010//2801 2012//2802 2011//1876
f 1051//1080 2667//2803 2668//2804
f 1522//1089 1511//1054 1523//1090
f 531//1116 441//2805 522//1148
f 782//858 1251//1270 1250//1271
f 1250//1271 2625//2730 2669//2806
f 2669//2806 1857//2779 1856//1905
f 783//859 1856//1905 1037//1069
f 782//858 2669//2806 783//859
f 720//818 2671//2807 721//816
f 1055//1087 1930//1988 1056//1083
f 1333//2808 1251//1270 2251//2333
f 619//745 1308//1365 1307//2353
f 652//767 2619//2721 2634//2742
f 521//1058 1539//1146 1540//1164
f 1838//1883 537//701 2672//2809
f 2672//2809 536//2750 2641//2751
f 1113//1145 2641//2751 1110//1143
f 1113//1145 1838//1883 2672//2809
f 1016//548 1351//879 1045//541
f 3897//1719 570//347 3894//2017
f 226//1051 104//2810 101//74
f 3564//2811 3827//2160 1818//1771
f 1036//1068 1884//2082 1883//1928
f 2674//2812 1304//1363 2673//2813
f 2673//2813 1844//1892 2675//2814
f 1334//1424 2675//2814 1039//1071
f 1333//2808 2673//2813 1334//1424
f 2676//2815 1039//1071 2675//2814
f 1843//2769 2675//2814 1844//1892
f 942//1102 2676//2815 1843//2769
f 1074//1104 702//803 2676//2815
f 811//882 859//1412 858//917
f 752//2816 1055//1087 753//842
f 1200//2736 656//1206 1026//1232
f 1120//1150 874//930 2677//2817
f 2677//2817 877//932 1052//2818
f 1241//1262 1052//2818 1005//1081
f 1119//1151 2677//2817 1241//1262
f 1560//1501 151//101 1515//1965
f 1208//2819 611//738 523//694
f 215//2820 736//2821 214//136
f 1460//881 1462//1989 1461//936
f 1208//2819 1839//2741 873//929
f 854//916 1282//1331 1297//1355
f 72//50 182//255 179//118
f 544//329 1565//1354 512//309
f 217//465 456//2822 457//635
f 2047//1938 930//754 945//1944
f 1204//1235 1937//1994 2633//2823
f 913//952 686//856 685//794
f 840//904 1113//1145 1112//1144
f 1531//1119 730//435 561//348
f 2678//2824 1283//1334 801//876
f 601//966 1914//1973 602//730
f 1537//1149 459//284 460//283
f 1819//2825 3509//993 3527//2826
f 991//1025 862//2827 538//702
f 2679//2828 1073//1103 1830//1872
f 2680//2829 983//1021 2256//2339
f 779//855 2256//2339 1263//1298
f 778//1333 2680//2829 779//855
f 2678//2824 1830//1872 2680//2829
f 180//120 245//1786 40//1305
f 1886//2340 1131//1176 1134//1177
f 1138//2830 1274//1313 1255//1274
f 1841//1888 1140//2786 1139//1181
f 75//2762 314//1287 74//54
f 193//1161 420//251 192//250
f 2681//2831 1099//1130 1098//1132
f 170//179 1565//1354 169//113
f 349//197 417//247 432//1280
f 1121//1154 2684//2832 2683//2833
f 547//431 409//258 302//257
f 123//981 121//2834 120//1816
f 2643//2755 1142//1183 1141//1182
f 1542//1179 513//313 1543//1189
f 899//2835 907//525 919//527
f 1210//2836 676//790 867//924
f 791//865 982//1167 892//940
f 24//27 837//901 836//2798
f 893//944 932//1300 931//972
f 1860//2837 863//921 862//2827
f 535//700 862//2827 861//920
f 832//897 813//883 812//1230
f 2650//2772 813//883 832//897
f 1569//1819 1547//2838 1568//1783
f 181//119 542//470 180//120
f 660//2839 937//976 688//796
f 2013//2840 568//436 2012//2802
f 887//937 2631//2841 2630//2737
f 1524//1092 361//1408 78//58
f 520//1430 162//2842 1529//1109
f 2653//2775 854//916 2685//2843
f 1238//2765 2655//2777 2686//2844
f 718//1948 527//697 530//696
f 1492//1004 518//310 1491//994
f 792//1871 615//1156 793//867
f 599//727 1835//2845 596//728
f 290//393 456//2822 175//176
f 312//178 1552//1327 425//1057
f 1248//2846 1179//1214 1249//1268
f 153//105 177//1889 178//2199
f 1240//1260 1222//1248 1221//1259
f 1257//1351 1235//1979 1071//1255
f 1291//1350 1083//1249 1222//1248
f 1052//2818 1277//1317 1053//1082
f 743//1237 2618//2719 1204//1235
f 444//2847 430//263 443//1275
f 23//23 1172//1209 1187//1278
f 2687//2848 1180//2849 1179//1214
f 102//76 409//258 134//91
f 1283//1334 610//735 801//876
f 373//2850 650//372 651//371
f 1180//2849 1084//1117 1291//1350
f 855//914 2655//2777 1237//1257
f 1173//2770 1917//2851 1174//1210
f 2689//2852 853//912 2688//2853
f 2688//2853 1108//1138 1279//1322
f 2686//2844 1279//1322 1238//2765
f 2687//2848 2688//2853 2686//2844
f 2691//2854 1252//2796 2690//2855
f 2690//2855 850//913 2689//2852
f 1248//2846 2689//2852 2687//2848
f 1248//2846 2691//2854 2690//2855
f 2692//2856 24//27 2666//2800
f 2691//2854 2666//2800 1302//2795
f 1247//1267 2692//2856 2691//2854
f 1258//1290 617//742 2692//2856
f 394//1226 1555//1415 393//1288
f 2693//2857 1259//1292 1223//1344
f 1072//1101 1262//1294 1261//1293
f 1257//1351 1168//2858 1258//1290
f 398//1539 1555//1415 1554//1795
f 871//2778 1314//2859 872//928
f 1178//1216 1249//1268 1179//1214
f 1224//1251 1173//2770 1172//1209
f 1010//1044 2618//2719 742//837
f 1175//1211 1292//2860 1269//1306
f 2654//2776 2686//2844 2655//2777
f 2694//2861 1216//1246 1264//1910
f 71//1955 1487//988 70//51
f 701//802 1111//2862 1038//1070
f 1072//1101 2649//2771 2650//2772
f 1085//1118 22//1250 21//22
f 895//961 1264//1910 896//943
f 1601//1400 1605//1954 1604//1398
f 1259//1292 1271//1307 1289//1345
f 21//22 1220//1247 1083//1249
f 988//1026 538//702 537//701
f 598//2341 1336//1425 1140//2786
f 820//1811 1762//2739 821//889
f 1050//2740 818//890 821//889
f 1298//1356 1761//1810 2652//2863
f 1168//2858 618//2279 617//742
f 858//917 1256//1279 833//898
f 39//20 516//439 1536//1133
f 2652//2863 819//888 814//884
f 313//1142 315//192 314//1287
f 2026//1923 1971//1823 2027//1896
f 2656//2864 596//728 1835//2845
f 814//884 818//890 811//882
f 2696//2865 813//883 2649//2771
f 1260//2866 2649//2771 1261//1293
f 2693//2857 2696//2865 1260//2866
f 2697//2867 2651//2774 2696//2865
f 381//220 390//290 380//221
f 3818//2121 1611//1903 1609//1963
f 1475//935 1428//2168 1227//617
f 1292//2860 1917//2851 1235//1979
f 1551//1227 354//1346 1518//1186
f 1526//1098 1523//1090 1511//1054
f 1593//1387 1595//1403 1573//2051
f 1232//1254 1246//1269 1249//1268
f 2695//2868 1223//1344 22//1250
f 2698//2869 1296//1357 2697//2867
f 2698//2869 2693//2857 2695//2868
f 2685//2843 2695//2868 1085//1118
f 2685//2843 1297//1355 2698//2869
f 562//349 271//1003 272//350
f 2652//2863 1296//1357 1298//1356
f 1365//762 1364//2125 1363//687
f 1958//2101 1953//1970 1957//2870
f 585//723 2210//2274 997//1032
f 1561//1521 1515//1965 435//268
f 975//2766 1146//1188 976//1013
f 347//1266 68//49 346//384
f 1038//1070 636//751 1068//1096
f 2700//2871 780//857 2699//2872
f 2699//2872 1036//1068 1883//1928
f 2701//2873 1883//1928 1829//1870
f 851//911 2699//2872 2701//2873
f 2674//2812 2251//2333 2702//2874
f 2702//2874 781//2875 2700//2871
f 1253//1272 2700//2871 851//911
f 1301//1361 2702//2874 1253//1272
f 1519//1253 388//229 1550//1285
f 1273//1312 1280//1324 2703//2876
f 2703//2876 1107//1323 852//1137
f 2701//2873 852//1137 851//911
f 1829//1870 2703//2876 2701//2873
f 91//2877 326//1321 90//66
f 1784//1827 2656//2864 1785//1825
f 2683//2833 2705//2878 2704//2879
f 604//1850 3499//2880 3533//1930
f 1669//1049 3548//2881 1662//1674
f 2062//1958 2060//2882 2059//1953
f 621//1309 861//920 622//744
f 2023//1877 732//2883 2024//1881
f 686//856 1263//1298 687//795
f 857//919 2668//2804 1328//1413
f 883//1843 882//1252 879//459
f 637//2749 1111//2862 1110//1143
f 2668//2804 893//944 1328//1413
f 2667//2803 894//942 2668//2804
f 1039//1071 1068//1096 1334//1424
f 313//1142 1504//1029 1505//1036
f 1911//1759 305//1093 453//276
f 1936//1993 1964//2035 2212//2349
f 2707//2884 2401//2885 2183//2886
f 2708//2887 2183//2886 2182//2219
f 738//1807 2116//2198 554//1456
f 2349//2624 2432//2510 2436//2515
f 2711//2888 2020//2078 2019//2889
f 2400//2478 2019//2889 2186//2222
f 2714//2890 2716//2891 2713//2892
f 2717//2893 2719//2894 2720//2895
f 2721//2896 2723//2897 2724//2898
f 2726//2899 2728//2900 2725//2901
f 2725//2901 2730//2902 2729//2903
f 2731//2904 2729//2903 2709//2905
f 2732//2906 2725//2901 2731//2904
f 2734//2907 2736//2908 2733//2909
f 2738//2910 2740//2911 2737//2912
f 2737//2912 2741//2913 2742//2914
f 2744//2915 2746//2916 2743//2917
f 2745//2918 2748//2919 2747//2920
f 2749//2921 2747//2920 2751//2922
f 2753//2923 2751//2922 2752//2924
f 2250//2329 2246//2325 2248//2328
f 2754//2925 1614//1683 2755//2926
f 3598//2927 2755//2926 3609//2928
f 3608//2929 2747//2920 3609//2928
f 1617//1685 2755//2926 1614//1683
f 2242//2309 1620//1688 2757//2930
f 2191//2249 2760//2931 2759//2932
f 2761//2933 2760//2931 2762//2934
f 3648//2935 2761//2933 3649//2936
f 3623//2937 2759//2932 3648//2935
f 3209//2938 3223//2939 3224//2940
f 1395//1722 2236//2304 2235//2330
f 1395//1722 1636//2331 1615//1721
f 1616//1684 2229//2299 2233//2302
f 1617//1685 2763//2941 2756//2942
f 2756//2942 3628//2943 3608//2929
f 2765//2944 2234//2945 1630//2311
f 2766//2946 3628//2943 3622//2947
f 3202//2948 3246//2949 3247//2950
f 1516//1966 435//268 1515//1965
f 2768//2951 3552//1458 3553//1460
f 1495//997 578//342 1424//804
f 2135//632 28//2112 17//10
f 3526//1490 2773//2952 2774//2953
f 1690//1646 3926//2954 3925//2955
f 2778//2956 2780//2957 2777//2958
f 2777//2958 2781//2959 2782//2960
f 2784//2961 2777//2958 2783//2962
f 3555//2128 575//380 576//392
f 1494//996 9//2190 540//327
f 3529//1467 2015//2263 3566//1336
f 451//320 505//634 450//272
f 2786//2963 2788//2964 2785//2965
f 2779//2966 2785//2965 2780//2957
f 2789//2967 2741//2913 2740//2911
f 2790//2968 2752//2924 2789//2967
f 2792//2969 2794//2970 2791//2971
f 2793//2972 2796//2973 2794//2970
f 2796//2973 2750//2974 2749//2921
f 2794//2970 2749//2921 2753//2923
f 2798//2975 1396//1471 2754//2925
f 3591//2976 2754//2925 3598//2927
f 2798//2975 2800//2977 1393//1472
f 3591//2976 2799//2978 2798//2975
f 2797//2979 2795//2980 2801//2981
f 2791//2971 2753//2923 2790//2968
f 216//138 232//1743 54//39
f 3804//2982 2807//2983 3803//2984
f 3805//2985 2804//2986 3803//2984
f 2769//2987 3557//1507 3552//1458
f 183//211 184//374 97//73
f 2811//2988 2775//2989 2776//2990
f 2804//2986 2776//2990 2805//2991
f 2809//2992 2811//2988 2804//2986
f 2812//2993 2813//2994 2814//2995
f 3805//2985 2816//2996 3795//2997
f 3796//2998 2815//2999 3795//2997
f 3798//3000 2820//3001 2821//3002
f 3793//3003 2819//3004 3798//3000
f 2824//3005 2735//3006 2819//3004
f 2823//3007 2824//3005 2819//3004
f 2825//3008 2826//3009 2724//2898
f 3793//3003 2827//3010 3792//3011
f 3796//2998 2826//3009 3792//3011
f 2713//2892 2829//3012 2828//3013
f 2828//3013 2831//3014 2830//3015
f 2822//3016 2828//3013 2830//3015
f 2821//3002 2713//2892 2828//3013
f 2832//3017 2822//3016 2830//3015
f 2833//3018 2830//3015 2831//3014
f 2834//3019 2832//3017 2833//3018
f 2835//3020 2827//3010 2832//3017
f 2837//3021 2839//3022 2836//3023
f 2836//3023 2841//3024 2840//3025
f 2842//3026 2840//3025 2727//3027
f 2843//3028 2836//3023 2842//3026
f 2840//3025 2845//3029 2844//3030
f 2718//3031 2845//3029 2719//2894
f 2730//2902 2844//3030 2718//3031
f 2727//3027 2844//3030 2728//2900
f 2846//3032 2719//2894 2845//3029
f 2846//3032 2841//3024 2847//3033
f 2829//3012 2847//3033 2831//3014
f 2829//3012 2716//2891 2846//3032
f 2847//3033 2839//3022 2848//3034
f 2848//3034 2838//3035 2849//3036
f 2833//3018 2849//3036 2834//3019
f 2831//3014 2848//3034 2833//3018
f 2850//3037 2851//3038 2852//3039
f 2853//3040 2852//3039 2854//3041
f 2783//2962 2782//2960 2855//3042
f 2785//2965 2853//3040 2856//3043
f 2780//2957 2856//3043 2781//2959
f 2857//3044 2855//3042 2782//2960
f 2859//3045 2782//2960 2781//2959
f 2861//3046 2842//3026 2860//3047
f 2860//3047 2727//3027 2726//2899
f 2862//3048 2726//2899 2732//2906
f 2863//3049 2860//3047 2862//3048
f 2861//3046 2858//3050 2857//3044
f 2843//3028 2857//3044 2859//3045
f 2856//3043 2854//3041 2864//3051
f 2781//2959 2864//3051 2859//3045
f 2837//3021 2859//3045 2864//3051
f 2838//3035 2864//3051 2854//3041
f 2852//3039 2834//3019 2849//3036
f 2854//3041 2849//3036 2838//3035
f 2865//3052 2818//3053 2835//3020
f 2851//3038 2835//3020 2834//3019
f 2813//2994 2815//2999 2865//3052
f 2814//2995 2865//3052 2851//3038
f 2866//3054 2814//2995 2850//3037
f 2788//2964 2850//3037 2853//3040
f 2866//3054 2787//3055 2867//3056
f 2812//2993 2867//3056 2775//2989
f 1892//2003 1890//1740 1891//2175
f 2720//2895 2846//3032 2870//3057
f 298//1407 256//148 257//1193
f 2872//3058 2713//2892 2820//3001
f 3794//3059 2735//3006 2734//2907
f 2729//2903 2874//3060 2873//3061
f 2846//3032 2715//3062 2870//3057
f 2876//3063 2878//3064 2875//3065
f 2733//2909 2878//3064 2734//2907
f 3806//3066 2879//3067 2880//3068
f 3806//3066 2872//3058 3794//3059
f 2882//3069 2884//3070 2881//3071
f 2881//3071 2715//3062 2714//2890
f 2880//3068 2714//2890 2872//3058
f 2879//3067 2881//3071 2880//3068
f 2885//3072 2887//3073 2888//3074
f 2888//3074 2890//3075 2885//3072
f 2885//3072 2892//3076 2891//3077
f 2893//3078 2885//3072 2891//3077
f 1942//2002 2532//3079 2894//3080
f 2895//3081 2720//2895 2870//3057
f 2884//3070 2870//3057 2715//3062
f 2883//3082 2895//3081 2884//3070
f 2896//3083 2892//3076 2895//3081
f 2889//3084 2717//2893 2890//3075
f 2890//3075 2720//2895 2892//3076
f 2897//3085 2891//3077 2896//3083
f 2898//3086 2896//3083 2883//3082
f 2899//3087 2883//3082 2882//3069
f 2900//3088 2882//3069 2879//3067
f 3797//3089 2879//3067 3807//3090
f 2876//3063 2901//3091 2877//3092
f 2901//3091 2904//3093 2903//3094
f 1785//1825 1835//2845 1834//1879
f 2905//3095 2899//3087 2900//3088
f 2907//3096 2897//3085 2898//3086
f 3797//3089 2903//3094 3799//3097
f 632//2493 577//3098 633//2170
f 3532//1639 2867//3056 2787//3055
f 434//265 550//337 350//196
f 2768//2951 3640//3099 3643//3100
f 2910//3101 1623//1690 2249//2327
f 2241//3102 2758//3103 2242//2309
f 3640//3099 2913//3104 3652//3105
f 1623//1690 2757//2930 1620//1688
f 3587//2310 2757//2930 3652//3105
f 2229//2299 1380//1466 2250//2329
f 2765//2944 1629//1697 2914//3106
f 2915//3107 1629//1697 2912//3108
f 3642//3109 2914//3106 2915//3107
f 3641//3110 2765//2944 2914//3106
f 2919//3111 3642//3109 3613//3112
f 2918//3113 2912//3108 2241//3102
f 3614//3114 2241//3102 3586//2308
f 3618//3115 3613//3112 3670//3116
f 3541//1663 2180//2218 3496//1664
f 3521//1682 2188//3117 3506//1735
f 3705//3118 714//376 3851//2093
f 2925//3119 2917//3120 2924//3121
f 2924//3121 2916//3122 2919//3111
f 3610//3123 2919//3111 3618//3115
f 3611//3124 2924//3121 3610//3123
f 2926//3125 2766//2946 2925//3119
f 3658//3126 2925//3119 3611//3124
f 1715//1533 1705//1744 1710//1842
f 785//1500 498//2230 796//1498
f 1387//719 565//1310 1791//2206
f 374//2231 1899//3127 560//2229
f 3573//2056 2206//2269 3556//3128
f 2929//3129 2886//3130 2893//3078
f 2932//3131 2934//3132 2931//3133
f 1905//1748 1908//1813 1907//1832
f 2930//3134 2936//3135 2937//3136
f 2938//3137 2930//3134 2929//3129
f 1493//1075 517//1897 518//310
f 1603//3138 1586//1389 1602//1399
f 2939//3139 2929//3129 2908//3140
f 2940//3141 2908//3140 2907//3096
f 3665//3142 1600//1395 3661//2103
f 2886//3130 2937//3136 2887//3073
f 2906//3143 2898//3086 2899//3087
f 2908//3140 2893//3078 2897//3085
f 2942//3144 2933//3145 2941//3146
f 2941//3146 2937//3136 2936//3135
f 3501//1687 2936//3135 3513//1695
f 3498//1686 2941//3146 3501//1687
f 2943//3147 2710//3148 2873//3061
f 2943//3147 2874//3060 2889//3084
f 2945//3149 2889//3084 2888//3074
f 2946//3150 2943//3147 2945//3149
f 2932//3131 2888//3074 2887//3073
f 2931//3133 2945//3149 2932//3131
f 727//375 1929//1777 728//373
f 2903//3094 2947//3151 2948//3152
f 545//331 42//30 262//335
f 1480//969 533//322 251//323
f 2907//3096 2949//3153 2940//3141
f 2906//3143 2950//3154 2949//3153
f 1558//1286 215//2820 202//135
f 3799//3097 2948//3152 3801//3155
f 2054//2008 1644//1420 2118//885
f 3705//3118 2203//2267 3573//2056
f 1828//1677 1849//986 1827//1672
f 2953//3156 2955//3157 2952//3158
f 2952//3158 2957//3159 2956//3160
f 2956//3160 2258//2345 2952//3158
f 2953//3156 2258//2345 2257//2342
f 2454//2535 2474//2554 2496//2580
f 3747//3161 2959//3162 3766//3163
f 3747//3161 2131//2177 3737//3164
f 2961//3165 2963//3166 2958//3167
f 2958//3167 2964//3168 2959//3162
f 222//307 2485//2565 2965//3169
f 2477//2557 2966//3170 2608//2707
f 2631//2841 2006//2070 1859//1909
f 2384//2467 2496//2580 2497//3171
f 2967//3172 2959//3162 2964//3168
f 2968//3173 2970//3174 2969//3175
f 3759//3176 2971//3177 3784//3178
f 3784//3178 2960//3179 3766//3163
f 2972//3180 2033//2098 2032//2097
f 2007//2461 2973//3181 2008//2071
f 3560//1736 2134//2179 2133//2178
f 1836//3182 1832//1711 1831//1710
f 3506//1735 2090//2143 3551//1899
f 955//1295 959//517 956//3183
f 672//3184 674//3185 673//2296
f 633//2170 713//1335 632//2493
f 2024//1881 733//398 803//1489
f 2025//1882 803//1489 798//1873
f 425//1057 1550//1285 388//229
f 2975//3186 888//1919 887//937
f 1319//1375 1157//1196 2694//2861
f 1212//1791 2977//3187 1213//1242
f 889//938 2228//3188 2227//2297
f 1978//1837 1975//1835 1979//1853
f 1138//2830 1329//1414 915//956
f 751//841 2979//3189 2978//3190
f 1619//1949 1625//1485 1624//1476
f 2252//2336 1728//3191 1727//1790
f 1157//1196 845//907 1216//1246
f 2706//3192 1938//1995 2617//2720
f 2980//3193 2254//3194 2981//3195
f 2982//3196 887//937 2630//2737
f 802//875 711//809 2679//2828
f 678//3197 2029//2081 2028//2083
f 527//697 690//905 528//695
f 1839//2741 2629//2735 1840//1885
f 2983//3198 602//730 1914//1973
f 2983//3198 1913//1972 1331//2759
f 2985//3199 1331//2759 1054//1084
f 2986//3200 2983//3198 2985//3199
f 2987//3201 2635//2743 2634//2742
f 2985//3199 2639//2746 2986//3200
f 2990//3202 1318//1374 2989//3203
f 2991//3204 2993//3205 2994//3206
f 2995//3207 2994//3206 2996//3208
f 1106//1135 2991//3204 2995//3207
f 1058//2752 2992//3209 2991//3204
f 1415//765 1365//762 1367//703
f 1317//1373 2217//2284 2997//3210
f 1932//1990 2255//2335 2980//3193
f 926//965 2999//3211 664//778
f 3001//3212 2992//3209 3000//3213
f 3000//3213 1057//1085 2978//3190
f 2999//3211 2978//3190 2979//3189
f 2998//3214 3000//3213 2999//3211
f 3002//3215 2209//2275 3003//3216
f 3002//3215 2996//3208 2994//3206
f 2993//3205 3002//3215 2994//3206
f 3001//3212 2998//3214 3002//3215
f 1103//1136 2995//3207 3004//3217
f 3004//3217 2996//3208 3003//3216
f 2209//2275 3004//3217 3003//3216
f 588//722 3004//3217 2210//2274
f 295//1840 433//1347 381//220
f 2638//2747 2988//3218 3005//3219
f 3005//3219 1056//1083 1930//1988
f 1305//1366 1930//1988 1306//1364
f 1276//1376 3005//3219 1305//1366
f 1987//1851 1993//1858 1989//1855
f 2633//2823 1761//1810 2645//2761
f 1423//797 1417//783 1419//785
f 3561//1769 739//482 703//390
f 2671//2807 2704//2879 2705//2878
f 1473//2115 2035//2161 1472//2215
f 922//2351 2694//2861 895//961
f 1401//2337 1378//715 1384//1550
f 556//1166 1884//2082 1037//1069
f 842//1433 3825//601 3836//603
f 1854//1902 2617//2720 1010//1044
f 933//973 1081//2783 1075//1105
f 1440//836 1436//963 1437//831
f 529//2725 719//815 530//696
f 1031//1063 1027//1061 1028//1064
f 777//854 912//2728 1871//1921
f 2645//2761 1204//1235 2633//2823
f 441//2805 1538//1348 1537//1149
f 790//1110 587//1197 586//721
f 2065//1969 1610//1404 1607//1406
f 1860//2837 990//2760 902//1845
f 60//40 87//78 59//62
f 1424//804 1948//1932 1947//2080
f 332//3220 1507//1038 331//1091
f 261//1341 138//1126 135//1847
f 187//123 449//273 507//1359
f 1719//1536 1726//1583 1725//1571
f 1931//1987 1059//1086 3006//3221
f 3006//3221 1105//2753 1104//1134
f 1287//1343 1104//1134 587//1197
f 1286//2354 3006//3221 1287//1343
f 3007//3222 3009//3223 3010//3224
f 3009//3223 653//869 795//868
f 618//2279 26//2732 25//25
f 2029//2081 1210//2836 1209//1239
f 957//998 600//729 2228//3188
f 1049//1078 2228//3188 600//729
f 2631//2841 3011//3225 2561//2655
f 890//939 2227//2297 3011//3225
f 3011//3225 2145//2187 3012//3226
f 2561//2655 3012//3226 2375//2459
f 1026//1232 609//770 608//734
f 2706//3192 1961//2036 1964//2035
f 3013//3227 2485//2565 3014//3228
f 2148//2189 1267//1301 3015//3229
f 3015//3229 1266//1303 1311//1368
f 2997//3210 1101//1131 1317//1373
f 642//2787 1773//1817 1193//1224
f 186//121 461//285 511//311
f 1041//1155 1320//1377 901//945
f 1121//1154 3017//3230 1122//1152
f 2984//3231 2987//3201 3018//3232
f 3018//3232 2634//2742 2619//2721
f 1048//1079 3018//3232 2619//2721
f 603//731 2984//3231 3018//3232
f 2679//2828 801//876 802//875
f 2062//1958 2074//1981 2061//1956
f 2061//1956 2076//1983 2064//1962
f 414//239 1545//1200 1965//1818
f 3016//3233 2683//2833 3019//3234
f 3019//3234 2704//2879 2670//3235
f 3020//3236 2670//3235 720//818
f 3007//3222 3019//3234 3020//3236
f 1871//1921 1091//1122 777//854
f 3021//3237 1122//1152 3017//3230
f 3022//3238 3017//3230 3010//3224
f 1314//2859 3022//3238 1315//1371
f 1784//1827 3021//3237 1314//2859
f 1316//1372 1763//3239 611//738
f 3023//3240 3010//3224 3009//3223
f 3023//3240 795//868 1092//1123
f 1763//3239 1092//1123 1125//1812
f 1315//1371 3023//3240 1763//3239
f 3016//3233 3010//3224 3017//3230
f 752//2816 2978//3190 1057//1085
f 2986//3200 2637//2744 2987//3201
f 3024//3241 653//869 3008//3242
f 3020//3236 3008//3242 3007//3222
f 720//818 3024//3241 3020//3236
f 723//817 654//768 3024//3241
f 2681//2831 1268//1302 3025//3243
f 2671//2807 1268//1302 721//816
f 2705//2878 3025//3243 2671//2807
f 1313//1370 3027//3244 1311//1368
f 3026//3245 3029//3246 3027//3244
f 3027//3244 3030//3247 3031//3248
f 1311//1368 3031//3248 3015//3229
f 2012//2802 731//1875 2023//1877
f 917//1106 974//1012 977//1014
f 743//1237 856//915 744//838
f 1888//1898 2030//1895 1425//800
f 2682//3249 2684//2832 3032//3250
f 3032//3250 1124//1153 2989//3203
f 1100//2789 2989//3203 1318//1374
f 1099//1130 3032//3250 1100//2789
f 1123//3251 2989//3203 1124//1153
f 3033//3252 1159//1880 1158//1194
f 2990//3202 1158//1194 1319//1375
f 1123//3251 3033//3252 2990//3202
f 1786//2724 1834//1879 3033//3252
f 1054//1084 2988//3218 2985//3199
f 2979//3189 664//778 2999//3211
f 2623//2727 2663//2791 2643//2755
f 1095//1127 688//796 687//795
f 3034//3253 2261//3254 2956//3160
f 3036//3255 2956//3160 2957//3159
f 3037//3256 3034//3253 3036//3255
f 3038//3257 3035//3258 3034//3253
f 3040//3259 3026//3245 1313//1370
f 2263//2347 3041//3260 3040//3259
f 3042//3261 3043//3262 3041//3260
f 3041//3260 3028//3263 3026//3245
f 3044//3264 3043//3262 3039//3265
f 3046//3266 3045//3267 3044//3264
f 3047//3268 3049//3269 3045//3267
f 3043//3262 3049//3269 3028//3263
f 3038//3257 3051//3270 3050//3271
f 3050//3271 3053//3272 3052//3273
f 3052//3273 3044//3264 3050//3271
f 3039//3265 3050//3271 3044//3264
f 3054//3274 3039//3265 3042//3261
f 3042//3261 2262//2346 3054//3274
f 2261//3254 3054//3274 2262//2346
f 2216//2348 2997//3210 2217//2284
f 2212//2349 2667//2803 1936//1993
f 3056//3275 2209//2275 3055//3276
f 934//974 1961//2036 1854//1902
f 2013//2840 3757//2040 567//1319
f 3058//3277 3060//3278 3061//3279
f 3059//3280 3063//3281 3060//3278
f 3060//3278 2213//2281 1963//2350
f 3061//3279 1963//2350 1962//2034
f 3063//3281 2214//2282 2213//2281
f 3062//3282 3064//3283 3063//3281
f 3065//3284 2260//2344 3064//3283
f 3064//3283 2215//2283 2214//2282
f 3066//3285 3031//3248 3030//3247
f 2608//2707 3067//3286 3066//3285
f 2966//3170 3068//3287 3067//3286
f 3031//3248 3068//3287 3015//3229
f 2455//2534 2461//2539 2474//2554
f 2476//3288 2226//2294 2477//2557
f 3551//1899 2089//2145 3525//1203
f 3526//1490 3769//3289 3786//1726
f 433//1347 355//201 381//220
f 2115//2048 1419//785 2123//2061
f 3509//993 2922//3290 3527//2826
f 3769//3289 2131//2177 2134//2179
f 3069//3291 2167//3292 2166//2208
f 2971//3177 2928//3293 2960//3179
f 2961//3165 2773//2952 2962//3294
f 3070//3295 2478//2558 2483//2563
f 2610//3296 3071//3297 2954//3298
f 2502//2693 2374//2457 2386//2691
f 3072//3299 2595//2690 3073//3300
f 2964//3168 3052//3273 2967//3172
f 3048//3301 3074//3302 3049//3269
f 2593//3303 3075//3304 3074//3302
f 3075//3304 3029//3246 3074//3302
f 3074//3302 3028//3263 3049//3269
f 3072//3299 3075//3304 2592//2688
f 3076//3305 2482//3306 2481//2562
f 2481//2562 3066//3285 3076//3305
f 3076//3305 3030//3247 3075//3304
f 2967//3172 3053//3272 2970//3174
f 2482//3306 3073//3300 2483//2563
f 479//364 493//297 494//299
f 706//1340 3873//2167 709//1338
f 3561//1769 2221//2291 3517//483
f 2013//2840 3754//812 3755//3307
f 3533//1930 2016//2075 3529//1467
f 3562//1933 2222//3308 2974//3309
f 1171//587 1155//573 1176//585
f 2586//3310 2565//2714 2587//3311
f 2982//3196 113//154 2484//2564
f 2562//3312 3077//3313 3068//3287
f 2376//2656 3012//3226 3077//3313
f 3012//3226 2148//2189 3077//3313
f 3077//3313 3015//3229 3068//3287
f 2963//3166 3046//3266 2964//3168
f 3051//3270 2970//3174 3053//3272
f 1683//1805 491//424 775//423
f 3850//2105 1447//848 3860//849
f 1986//2053 3734//3314 3768//3315
f 3079//3316 2546//2637 2575//2668
f 3081//3317 2575//2668 2576//2667
f 1983//2054 3768//3315 3765//3318
f 3082//3319 2319//2638 2545//2636
f 3080//3320 2545//2636 2546//2637
f 3734//3314 3082//3319 3080//3320
f 3732//3321 2323//2407 3082//3319
f 1309//637 1888//1898 748//1906
f 3073//3300 2772//3322 2771//3323
f 2760//2931 3084//3324 2762//2934
f 2760//2931 2088//2142 3083//3325
f 3085//3326 3086//3327 3087//3328
f 3089//3329 3090//3330 3088//3331
f 3089//3329 3084//3324 3085//3326
f 3092//3332 3090//3330 3091//3333
f 3093//3334 2744//2915 2743//2917
f 2751//2922 2748//2919 3093//3334
f 3093//3334 2752//2924 2751//2922
f 2742//2914 3093//3334 3094//3335
f 3094//3335 2743//2917 3095//3336
f 3096//3337 3098//3338 3087//3328
f 3099//3339 3087//3328 3086//3327
f 3097//3340 3095//3336 3098//3338
f 3100//3341 2746//2916 3101//3342
f 3101//3342 3102//3343 3100//3341
f 2764//3344 2927//3345 3101//3342
f 2745//2918 3101//3342 2746//2916
f 3102//3343 3091//3333 3100//3341
f 3100//3341 3095//3336 2743//2917
f 2869//3346 3592//3347 3634//3348
f 3102//3343 3104//3349 3092//3332
f 3658//3126 2869//3346 3634//3348
f 2927//3345 3103//3350 3102//3343
f 3098//3338 3091//3333 3090//3330
f 3087//3328 3090//3330 3085//3326
f 2088//2142 3105//3351 3083//3325
f 3083//3325 3086//3327 3084//3324
f 2483//2563 2771//3323 3070//3295
f 2401//2885 2185//2223 2321//3352
f 3099//3339 3105//3351 3106//3353
f 2125//2172 3106//3353 3105//3351
f 3108//3354 2742//2914 3107//3355
f 3107//3355 3094//3335 3097//3340
f 3110//3356 3107//3355 3109//3357
f 3109//3357 3097//3340 3096//3337
f 3111//3358 3096//3337 3099//3339
f 3112//3359 3109//3357 3111//3358
f 3113//3360 2737//2912 3108//3354
f 3115//3361 2722//3362 3114//3363
f 3117//3364 3114//3363 3116//3365
f 3119//3366 3116//3365 3118//3367
f 3118//3367 3120//3368 3121//3369
f 3116//3365 3113//3360 3120//3368
f 3122//3370 3111//3358 3123//3371
f 3122//3370 1755//2271 1754//1801
f 3124//3372 3126//3373 3127//3374
f 3125//3375 3121//3369 3126//3373
f 3128//3376 3118//3367 3125//3375
f 3129//3377 3125//3375 3124//3372
f 2020//2078 3128//3376 3129//3377
f 3853//671 1346//664 1352//878
f 1065//2174 1047//537 1066//641
f 1814//1665 3830//1445 1649//1444
f 2021//2079 3129//3377 3130//3378
f 3111//3358 3106//3353 3123//3371
f 3123//3371 2207//2295 1755//2271
f 2377//2460 2224//3379 2973//3181
f 3014//3228 113//154 112//153
f 1756//1802 3782//3380 3767//3381
f 3131//3382 2530//2622 2528//2620
f 3133//3383 2528//2620 2529//2619
f 1753//1803 3767//3381 3775//3384
f 3134//3385 3127//3374 3135//3386
f 2327//2410 2314//2506 2313//2399
f 2436//2515 2317//2404 2349//2624
f 2018//2077 3711//3387 3712//3388
f 2534//2625 3137//3389 2535//2626
f 2320//2403 3136//3390 2534//2625
f 2185//2223 3712//3388 3771//3391
f 3138//3392 2542//2633 2539//2630
f 3134//3385 3744//3393 3745//3394
f 3785//3395 3134//3385 3745//3394
f 3140//3396 2539//2630 2538//2629
f 2535//2626 3140//3396 2538//2629
f 3711//3387 3130//3378 3785//3395
f 2558//2652 3132//3397 3141//3398
f 3782//3380 3141//3398 3132//3397
f 2560//2654 3141//3398 3142//3399
f 3760//3400 3142//3399 3141//3398
f 958//999 2976//3401 2981//3195
f 1933//3402 2980//3193 3143//3403
f 2399//3404 2418//2490 2416//2489
f 2348//2431 2343//2427 2432//2510
f 2322//2406 2319//2638 2323//2407
f 2718//3031 2874//3060 2730//2902
f 2709//2905 2873//3061 2710//3148
f 2894//3080 1361//1440 1942//2002
f 346//384 176//177 347//1266
f 1876//1724 1882//1920 1881//1936
f 2802//3405 3607//3406 3592//3347
f 3104//3349 3088//3331 3092//3332
f 2974//3309 3649//2936 3603//3407
f 3089//3329 2761//2933 2762//2934
f 3088//3331 3145//3408 3089//3329
f 2803//3409 3603//3407 3607//3406
f 3870//2095 692//379 628//2154
f 2123//2061 1418//780 2126//2259
f 1365//762 1368//688 1367//703
f 1581//1380 1782//1696 1783//1614
f 3569//1337 2129//2176 3520//2127
f 3555//2128 2002//2245 3521//1682
f 3146//3410 2551//2644 3147//3411
f 3751//3412 3147//3411 3750//3413
f 3742//3414 3146//3410 3751//3412
f 3149//3415 2585//2677 3146//3410
f 3196//3416 3197//3417 3195//2233
f 3604//3418 2191//2249 3623//2937
f 3142//3399 2556//2647 2560//2654
f 3777//3419 3150//3420 3142//3399
f 3646//3421 2550//2641 3593//2650
f 3150//3420 2555//2648 2556//2647
f 3778//3422 3151//3423 3150//3420
f 3788//3424 3152//3425 3646//3421
f 3153//3426 2551//2644 2549//2642
f 3152//3425 2549//2642 2550//2641
f 3781//3427 3153//3426 3152//3425
f 3776//3428 3147//3411 3153//3426
f 3148//3429 2206//2269 2205//2268
f 2183//2886 2321//3352 2184//2220
f 2132//3430 2928//3293 2133//2178
f 3684//3431 2204//3432 2203//2267
f 3719//3433 2197//2255 3721//3434
f 2594//2689 2773//2952 2951//3435
f 2595//2690 2951//3435 2772//3322
f 1870//1713 799//1716 1869//1714
f 3713//3436 2178//3437 3706//3438
f 3706//3438 3736//3439 3790//3440
f 336//510 3774//3441 3722//3442
f 339//512 3154//3443 336//510
f 3789//3444 3149//3415 3742//3414
f 3683//3445 2584//2676 3149//3415
f 2963//3166 3048//3301 3047//3268
f 3722//3442 337//3446 336//510
f 339//512 2566//2658 2586//3310
f 3156//3447 2168//2209 2167//3292
f 2610//3296 2167//3292 2611//2709
f 2954//3298 3156//3447 2610//3296
f 3157//3448 2953//3156 2257//2342
f 3707//3449 2169//2210 3709//3450
f 2567//2660 3159//3451 2568//2662
f 337//3446 2567//2660 338//511
f 3730//3452 2166//2208 3707//3449
f 3764//3453 1983//2054 3765//3318
f 2579//2671 3081//3317 2576//2667
f 2568//2662 3160//3454 2579//2671
f 3709//3450 2190//2247 3764//3453
f 3065//3284 3162//3455 3161//3456
f 3161//3456 1984//2052 2189//2246
f 3157//3448 2189//2246 2168//2209
f 2257//2342 3161//3456 3157//3448
f 734//400 1922//3457 806//442
f 3059//3280 2708//2887 3163//3458
f 3163//3458 2182//2219 1985//2224
f 3162//3455 1985//2224 1984//2052
f 3062//3282 3163//3458 3162//3455
f 3203//3459 3205//3460 3204//3461
f 2122//2060 1448//852 1447//848
f 3817//886 1685//1160 3812//3462
f 139//95 444//2847 69//52
f 1570//1745 566//1320 533//322
f 2957//3159 3165//3463 3036//3255
f 2955//3157 3164//3464 2957//3159
f 1912//1758 341//499 1973//1829
f 3130//3378 3124//3372 3134//3385
f 1548//2355 319//1861 1547//2838
f 1949//2204 1327//1729 1887//3465
f 2969//3175 3078//3466 3167//3467
f 3167//3467 3169//3468 3168//3469
f 3724//3470 2017//2076 3720//3471
f 3720//3471 2033//2098 3759//3176
f 3168//3469 3165//3463 3170//3472
f 3170//3472 3164//3464 3171//3473
f 3779//3474 3171//3473 3756//3475
f 3724//3470 3170//3472 3779//3474
f 3171//3473 3166//3476 3172//3477
f 3172//3477 3071//3297 3173//3478
f 3752//3479 3173//3478 3749//3480
f 3756//3475 3172//3477 3752//3479
f 3169//3468 3036//3255 3165//3463
f 2593//3303 2962//3294 2594//2689
f 3173//3478 2609//2708 3174//3481
f 3174//3481 2199//2710 2198//2253
f 3783//3482 2198//2253 3719//3433
f 3749//3480 3174//3481 3783//3482
f 2190//2247 1984//2052 1983//2054
f 2196//2252 2767//3483 3148//3429
f 2119//2059 1414//766 1448//852
f 1464//947 1466//891 1465//894
f 2199//2710 3069//3291 2200//2254
f 2457//2713 2587//3311 2565//2714
f 2226//2294 2562//3312 2966//3170
f 481//404 1627//1409 1639//1435
f 333//1261 235//1052 236//341
f 3078//3466 3037//3256 3169//3468
f 3040//3259 2997//3210 2263//2347
f 2219//2287 1933//3402 2220//2286
f 2385//2468 2497//3171 2503//2692
f 221//2566 3175//3484 2484//2564
f 2220//2286 3143//3403 3175//3484
f 3175//3484 2976//3401 2975//3186
f 2484//2564 2975//3186 2982//3196
f 2954//3298 3166//3476 2955//3157
f 2630//2737 110//152 2982//3196
f 1547//2838 1952//1971 1955//3485
f 2091//3486 2188//3117 2187//2244
f 3733//3487 2178//3437 2177//2216
f 1918//1760 1927//1773 1926//1767
f 3563//2202 111//3488 3511//3489
f 955//1295 960//3490 954//490
f 2037//3491 112//153 3563//2202
f 3143//3403 2981//3195 2976//3401
f 2218//2285 2214//2282 2215//2283
f 672//3184 3787//1204 3541//1663
f 2152//2203 3014//3228 2037//3491
f 1147//586 1143//1862 1145//562
f 2248//2328 1409//1480 2245//2323
f 1615//1721 1635//1703 1616//1684
f 1410//1481 2246//2325 2247//2324
f 3241//3492 3242//3493 3240//2319
f 3177//3494 1383//1465 1382//2307
f 2238//2306 3176//3495 1382//2307
f 3176//3495 2230//2301 3178//3496
f 1410//1481 3179//3497 1407//1479
f 3179//3497 2243//2313 1407//1479
f 1633//1700 2800//2977 2249//2327
f 1621//2326 2758//3103 2912//3108
f 1622//1689 2245//2323 1634//1701
f 2236//2304 3181//3498 3182//3499
f 2237//2305 3182//3499 3183//3500
f 2250//2329 2233//2302 2229//2299
f 2912//3108 1628//1699 1621//2326
f 135//1847 1564//1353 1563//1342
f 1567//1437 512//309 1565//1354
f 1085//1118 2653//2775 2685//2843
f 3184//3501 868//925 3056//3275
f 869//926 3057//3502 934//974
f 1266//1303 1098//1132 1312//1369
f 1267//1301 722//2722 721//816
f 937//976 2646//2764 936//975
f 2146//2298 722//2722 2147//2188
f 2211//2280 921//960 2667//2803
f 1957//2870 507//1359 449//273
f 1313//1370 2264//2352 3040//3259
f 1496//995 1493//1075 1492//1004
f 2681//2831 2705//2878 2682//3249
f 2887//3073 2933//3145 2932//3131
f 1687//3503 1659//1576 1694//1503
f 145//1011 1498//1223 81//59
f 1317//1373 1319//1375 2694//2861
f 37//19 418//1028 71//1955
f 1935//1992 3185//3504 2977//3187
f 104//2810 301//438 103//75
f 2101//2018 2083//1998 2084//1997
f 543//1800 360//1040 207//131
f 1934//1991 3186//3505 3185//3504
f 234//1055 212//173 237//279
f 3845//2090 1822//1666 1824//1670
f 1976//3506 1874//1715 1974//1834
f 223//308 2219//2287 220//306
f 3655//3507 3605//3508 3612//3509
f 468//287 773//421 2165//3510
f 1935//1992 1728//3191 1932//1990
f 3240//2319 3226//2290 3235//2320
f 3261//3511 3250//3512 3260//3513
f 3215//2241 3244//3514 3264//3515
f 3265//3516 3215//2241 3264//3515
f 3267//3517 3198//2236 3196//3416
f 3205//3460 3269//3518 3255//3519
f 3214//3520 3265//3516 3270//3521
f 3271//3522 3214//3520 3192//3523
f 3251//3524 3239//3525 3236//2315
f 3222//3526 3266//3527 3272//3528
f 3232//2318 3234//2322 3233//2321
f 3216//2243 3243//3529 3244//3514
f 3196//3416 3268//3530 3267//3517
f 3244//3514 3254//3531 3255//3519
f 3238//2316 3247//2950 3246//2949
f 3264//3515 3255//3519 3269//3518
f 3253//3532 3216//2243 3217//2242
f 3211//2238 3221//2265 3265//3516
f 3257//3533 3218//2266 3256//3534
f 3258//3535 3272//3528 3259//3536
f 3274//3537 3280//3538 3273//3539
f 3228//3540 3262//3541 3263//3542
f 3275//3543 3281//3544 3280//3538
f 3226//2290 3273//3539 3280//3538
f 3236//2315 3260//3513 3251//3524
f 3281//3544 3236//2315 3237//2317
f 3287//1578 3192//3523 3189//3545
f 3235//2320 3280//3538 3234//2322
f 3234//2322 3281//3544 3237//2317
f 3288//3546 3259//3536 3272//3528
f 3260//3513 3276//3547 3251//3524
f 3289//3548 3278//3549 3284//3550
f 3210//3551 3224//2940 3283//3552
f 3199//2237 3201//3553 3200//2235
f 3228//3540 3230//3554 3229//3555
f 3290//3556 3285//3557 3286//3558
f 3282//1580 3271//3522 3287//1578
f 3260//3513 3262//3541 3261//3511
f 3243//3529 3268//3530 3254//3531
f 3267//3517 3241//3492 3232//2318
f 3194//2234 3208//3559 3193//2232
f 3191//3560 3269//3518 3206//3561
f 3270//3521 3192//3523 3214//3520
f 3275//3543 3230//3554 3231//3562
f 3264//3515 3270//3521 3265//3516
f 3252//3563 3276//3547 3291//3564
f 3248//3565 3291//3564 3223//2939
f 3213//2239 3279//3566 3277//3567
f 3272//3528 3289//3548 3288//3546
f 3277//3567 3212//2240 3213//2239
f 3228//3540 3281//3544 3231//3562
f 3220//3568 3253//3532 3219//3569
f 3219//3569 3217//2242 3257//3533
f 3256//3534 3222//3526 3258//3535
f 3247//2950 3252//3563 3248//3565
f 3245//2332 3232//2318 3233//2321
f 3266//3527 3212//2240 3289//3548
f 3208//3559 3255//3519 3254//3531
f 3288//3546 3284//3550 3285//3557
f 3204//3461 3208//3559 3207//3570
f 560//2229 3187//3571 559//1455
f 3209//2938 3201//3553 3202//2948
f 3189//3545 3191//3560 3190//3572
f 448//1848 807//450 447//325
f 647//367 122//980 270//162
f 1833//1679 1780//1747 1832//1711
f 510//985 508//1360 507//1359
f 3210//3551 1887//3465 3201//3553
f 1887//3465 3200//2235 3201//3553
f 15//8 3197//3417 3200//2235
f 16//2228 3195//2233 3197//3417
f 3195//2233 3187//3571 3194//2234
f 3194//2234 1899//3127 3207//3570
f 3207//3570 375//3573 3204//3461
f 387//227 126//85 127//99
f 3189//3545 1760//2207 3287//1578
f 3577//3574 757//406 758//1497
f 763//2211 2172//2106 2175//3575
f 3583//3576 3580//3577 3581//3578
f 3581//3578 3579//3579 3578//1774
f 3594//3580 3596//3581 3595//3582
f 3400//3583 3602//3584 3401//3585
f 3626//3586 3625//3587 3627//3588
f 3631//3589 3599//3590 3601//3591
f 3636//3592 3595//3582 3596//3581
f 3647//3593 3588//3594 3645//3595
f 3650//3596 3584//3597 3647//3593
f 3653//3598 3580//3577 3651//3599
f 3653//3598 3654//1775 3579//3579
f 1801//1633 3656//3600 3655//3507
f 3651//3599 3582//3601 3650//3596
f 3644//3602 3595//3582 3637//3603
f 1767//806 3659//3604 3660//807
f 1597//1397 3661//2103 1600//1395
f 1708//1524 3665//3142 3664//2256
f 3671//2258 3667//3605 3666//3606
f 3666//3606 3673//3607 3672//3608
f 1588//1526 3664//2256 1587//1388
f 2080//2338 3666//3606 2082//2006
f 2082//2006 3672//3608 2084//1997
f 3674//3609 3635//3610 3631//3589
f 3677//3611 3636//3592 3635//3610
f 3682//3612 3645//3595 3681//3613
f 3692//3614 3650//3596 3686//3615
f 3681//3613 3644//3602 3680//3616
f 786//1499 3692//3614 785//1500
f 3694//3617 3651//3599 3692//3614
f 785//1500 3686//3615 497//3618
f 497//3618 3682//3612 650//372
f 650//372 3681//3613 564//370
f 3696//3619 3681//3613 3680//3616
f 3405//3620 3605//3508 3402//3621
f 3702//3622 3678//3623 3677//3611
f 3699//3624 3679//3625 3678//3623
f 3645//3595 3638//3626 3644//3602
f 1799//1635 3659//3604 1768//1596
f 3708//3627 3458//3628 3460//3629
f 3462//3630 3708//3627 3460//3629
f 3714//577 564//370 3696//3619
f 3615//3631 3602//3584 3600//3632
f 3710//3633 3696//3619 3698//3634
f 3635//3610 3596//3581 3599//3590
f 3629//3635 3627//3588 3630//3636
f 3597//3637 3599//3590 3596//3581
f 3630//3636 3715//3638 3629//3635
f 3627//3588 3597//3637 3594//3580
f 3717//3639 3723//3640 3718//3641
f 3715//3638 3660//807 3629//3635
f 3716//3642 3725//2102 3715//3638
f 3668//2257 3661//2103 3725//2102
f 3668//2257 3717//3639 3667//3605
f 3667//3605 3718//3641 3673//3607
f 3727//3643 3673//3607 3718//3641
f 3728//3644 3672//3608 3673//3607
f 3726//3645 3718//3641 3723//3640
f 1576//2019 2084//1997 3672//3608
f 3727//3643 3731//3646 3729//3647
f 3203//3459 1387//719 3190//3572
f 3190//3572 1791//2206 3189//3545
f 3283//3552 1949//2204 3210//3551
f 317//183 259//151 391//230
f 2000//1868 3653//3598 3694//3617
f 3601//3591 3600//3632 3602//3584
f 3589//3648 3584//3597 3585//3649
f 3577//3574 756//426 2170//2107
f 3585//3649 3582//3601 3583//3576
f 3678//3623 3637//3603 3636//3592
f 3204//3461 376//718 3203//3459
f 1801//1633 3657//3650 1799//1635
f 3729//3647 3728//3644 3727//3643
f 1575//1378 3738//3651 1088//1379
f 3735//3652 1576//2019 3728//3644
f 1776//1630 1796//1637 1775//1608
f 1293//661 1290//649 1284//1792
f 1326//2200 1327//1729 12//2025
f 1294//657 1234//619 1290//649
f 878//626 1330//648 1337//652
f 497//3618 374//2231 498//2230
f 122//980 413//240 121//2834
f 3699//3624 3704//3653 3708//3627
f 3606//3654 3401//3585 3602//3584
f 3708//3627 3698//3634 3699//3624
f 3464//575 3710//3633 3462//3630
f 3704//3653 3443//3655 3458//3628
f 439//271 399//1352 438//269
f 1512//1053 1526//1098 1511//1054
f 1668//1475 1738//1567 1671//1474
f 839//3656 1362//2226 838//685
f 1362//2226 826//678 1012//521
f 3843//1428 1896//1589 3815//1967
f 2053//2009 2118//885 2117//887
f 3888//2118 2120//2085 2119//2059
f 696//1234 3816//3657 3831//877
f 1826//2773 639//1453 640//1452
f 3740//3658 3729//3647 3731//3646
f 956//3183 886//485 960//3490
f 1980//1838 1922//3457 807//450
f 33//18 105//111 164//110
f 1343//659 3856//666 3857//662
f 3907//2069 2128//2073 3902//2084
f 1766//1597 1582//1382 1594//1385
f 14//9 2163//2197 738//1807
f 595//354 99//1067 594//355
f 3233//2321 3246//2949 3245//2332
f 1346//664 1044//535 1352//878
f 748//1906 1425//800 747//799
f 3193//2232 3254//3531 3268//3530
f 3190//3572 3206//3561 3203//3459
f 3612//3509 3606//3654 3615//3631
f 3624//3659 3615//3631 3625//3587
f 3631//3589 3443//3655 3674//3609
f 3679//3625 3644//3602 3637//3603
f 3686//3615 3647//3593 3682//3612
f 3702//3622 3674//3609 3704//3653
f 3625//3587 3600//3632 3597//3637
f 3601//3591 3415//3660 3631//3589
f 3739//3661 3735//3652 3729//3647
f 3630//3636 3594//3580 3741//3662
f 3741//3662 3716//3642 3630//3636
f 1284//1792 1288//651 1285//1968
f 3698//3634 3680//3616 3679//3625
f 1778//1616 1780//1747 1779//1675
f 1792//2099 1584//1631 1789//1621
f 695//2132 571//346 694//612
f 3638//3626 3594//3580 3595//3582
f 3741//3662 3588//3594 3589//3648
f 3247//2950 3209//2938 3202//2948
f 3292//3663 3294//3664 3295//3665
f 3296//3666 3298//3667 3299//3668
f 3299//3668 3300//3669 3301//3670
f 3302//3671 3304//3672 3305//3673
f 3306//3674 3308//3675 3309//3676
f 3307//3677 3311//3678 3308//3675
f 3303//3679 3301//3670 3300//3669
f 3312//3680 3304//3672 3313//3681
f 3314//3682 3316//3683 3317//3684
f 3318//3685 3320//3686 3321//3687
f 3324//3688 3321//3687 3325//3689
f 3326//3690 3328//3691 3323//3692
f 3329//3693 3331//3694 3332//3695
f 3333//3696 3335//3697 3336//3698
f 3337//3699 3339//3700 3340//3701
f 3333//3696 3341//3702 3342//3703
f 3342//3703 3343//3704 3344//3705
f 3319//3706 3344//3705 3343//3704
f 3338//3707 3334//3708 3339//3700
f 3346//3709 3302//3671 3347//3710
f 3305//3673 3347//3710 3302//3671
f 3312//3680 3223//2939 3349//3711
f 3350//3712 3340//3701 3351//3713
f 3312//3680 3348//3714 3305//3673
f 3352//3715 3341//3702 3326//3690
f 3311//3678 3354//3716 3308//3675
f 3341//3702 3327//3717 3326//3690
f 3359//3718 3361//3719 3362//3720
f 3360//3721 3250//3512 3249//3722
f 3318//3685 3345//3723 3319//3706
f 3364//3724 3318//3685 3324//3688
f 3314//3682 3324//3688 3365//3725
f 3366//3726 3301//3670 3346//3709
f 3299//3668 3367//3727 3296//3666
f 3308//3675 3368//3728 3309//3676
f 3369//3729 3295//3665 3294//3664
f 3317//3684 3364//3724 3314//3682
f 3370//3730 3317//3684 3316//3683
f 3325//3689 3365//3725 3324//3688
f 3352//3715 3319//3706 3343//3704
f 3296//3666 3353//3731 3311//3678
f 3297//3732 3311//3678 3310//3733
f 3363//3734 3354//3716 3345//3723
f 3345//3723 3353//3731 3344//3705
f 3344//3705 3367//3727 3342//3703
f 3366//3726 3342//3703 3367//3727
f 3347//3710 3334//3708 3346//3709
f 3339//3700 3348//3714 3340//3701
f 3348//3714 3351//3713 3340//3701
f 3363//3734 3369//3729 3368//3728
f 3294//3664 3368//3728 3369//3729
f 3293//3735 3309//3676 3294//3664
f 3331//3694 3374//3736 3332//3695
f 3346//3709 3333//3696 3366//3726
f 3323//3692 3352//3715 3326//3690
f 3356//3737 3321//3687 3320//3686
f 3355//3738 3325//3689 3321//3687
f 3357//3739 3371//3740 3325//3689
f 3322//3741 3320//3686 3352//3715
f 3361//3719 3329//3693 3362//3720
f 3373//3742 3375//3743 3374//3736
f 3374//3736 3376//3744 3332//3695
f 3329//3693 3376//3744 3362//3720
f 3327//3717 3372//3745 3328//3691
f 3336//3698 3375//3743 3327//3717
f 3335//3697 3376//3744 3375//3743
f 3376//3744 3337//3699 3362//3720
f 3337//3699 3359//3718 3362//3720
f 3359//3718 3276//3547 3250//3512
f 3377//3746 3295//3665 3370//3730
f 3277//3567 3315//3747 3278//3549
f 3371//3740 3379//3748 3365//3725
f 3378//3749 3358//3750 3380//3751
f 3365//3725 3315//3747 3314//3682
f 3316//3683 3279//3566 3370//3730
f 3282//1580 3370//3730 3279//3566
f 3313//3681 3224//2940 3312//3680
f 3378//3749 3284//3550 3379//3748
f 3380//3751 3285//3557 3378//3749
f 3379//3748 3278//3549 3315//3747
f 3276//3547 3351//3713 3291//3564
f 3291//3564 3349//3711 3223//2939
f 3313//3681 2965//3169 3013//3227
f 2965//3169 3303//3679 222//307
f 222//307 3300//3669 223//308
f 223//308 3298//3667 3186//3505
f 3298//3667 3185//3504 3186//3505
f 3297//3732 2977//3187 3185//3504
f 3310//3733 1213//1242 2977//3187
f 3307//3677 1214//1243 1213//1242
f 2532//3079 3306//3674 3293//3735
f 2894//3080 3293//3735 3292//3663
f 2871//3752 3292//3663 3377//3746
f 3253//3532 3240//2319 3242//3493
f 3283//3552 3013//3227 2152//2203
f 1997//1865 1889//1739 1892//2003
f 1237//1257 744//838 855//914
f 1535//1782 120//1816 121//2834
f 1531//1119 201//137 214//136
f 1119//1151 1032//1066 984//1022
f 946//478 824//489 947//488
f 163//213 5//6 162//2842
f 3589//3648 3723//3640 3741//3662
f 1155//573 1162//581 1164//582
f 427//280 327//1304 424//457
f 553//1454 796//1498 498//2230
f 3381//3753 2231//2303 2237//2305
f 3381//3753 2230//2301 2232//2300
f 2237//2305 3180//3754 3381//3753
f 3383//3755 3385//3756 3382//3757
f 3384//3758 3387//3759 3385//3756
f 3386//3760 3389//3761 3387//3759
f 3388//3762 3391//3763 3389//3761
f 3392//3764 3394//3765 3395//3766
f 3395//3766 3396//3767 3397//3768
f 3398//3769 3397//3768 3396//3767
f 3400//3583 3399//3770 3398//3769
f 3403//3771 3405//3620 3402//3621
f 3406//3772 3404//3773 3403//3771
f 3408//3774 3407//3775 3406//3772
f 3410//3776 3409//3777 3408//3774
f 3412//3778 3411//3779 3410//3776
f 3415//3660 3398//3769 3414//3780
f 3414//3780 3396//3767 3416//3781
f 3416//3781 3394//3765 3417//3782
f 3417//3782 3393//3783 3418//3784
f 3393//3783 3420//3785 3418//3784
f 3419//3786 3421//3787 3420//3785
f 3390//3788 3422//3789 3421//3787
f 3388//3762 3423//3790 3422//3789
f 3386//3760 3424//3791 3423//3790
f 3384//3758 3425//3792 3424//3791
f 3425//3792 3426//3793 3184//3501
f 2904//3093 3428//3794 2947//3151
f 3429//3795 2904//3093 2902//3796
f 3430//3797 2902//3796 2876//3063
f 2875//3065 3430//3797 2876//3063
f 3432//3798 2733//2909 2736//2908
f 2825//3008 3435//3799 2824//3005
f 3437//3800 3439//3801 3436//3802
f 3441//3803 3436//3802 3440//3804
f 2724//2898 3434//3805 2825//3008
f 3436//3802 3115//3361 3117//3364
f 3440//3804 3117//3364 3119//3366
f 3443//3655 3414//3780 3442//3806
f 3442//3806 3416//3781 3444//3807
f 3444//3807 3417//3782 3445//3808
f 3445//3808 3418//3784 3446//3809
f 3446//3809 3420//3785 3447//3810
f 3420//3785 3448//3811 3447//3810
f 3421//3787 3449//3812 3448//3811
f 3422//3789 3450//3813 3449//3812
f 3423//3790 3451//3814 3450//3813
f 3424//3791 3452//3815 3451//3814
f 3425//3792 3056//3275 3452//3815
f 3451//3814 2253//2334 2252//2336
f 3450//3813 2252//2336 1727//1790
f 3449//3812 1727//1790 2150//2273
f 3448//3811 2150//2273 1941//2194
f 3453//3816 3448//3811 1941//2194
f 3454//3817 3447//3810 3453//3816
f 3455//3818 3446//3809 3454//3817
f 3456//3819 3445//3808 3455//3818
f 3442//3806 3456//3819 3457//3820
f 3443//3655 3457//3820 3458//3628
f 3459//3821 3458//3628 3457//3820
f 3457//3820 3455//3818 3459//3821
f 3459//3821 3454//3817 3461//3822
f 3462//3630 3459//3821 3461//3822
f 3461//3822 3453//3816 3463//3823
f 3464//575 3461//3822 3463//3823
f 3463//3823 1941//2194 1360//2001
f 3404//3773 3401//3585 3405//3620
f 3407//3775 3399//3770 3404//3773
f 3409//3777 3397//3768 3407//3775
f 3411//3779 3395//3766 3409//3777
f 3465//3824 3413//3825 3412//3778
f 3467//3826 3469//3827 3466//3828
f 3465//3824 3431//3829 3433//3830
f 3470//3831 3466//3828 3465//3824
f 3438//3832 3432//3798 3435//3799
f 3467//3826 3438//3832 3437//3800
f 3468//3833 3437//3800 3441//3803
f 3471//3834 3468//3833 3472//3835
f 3472//3835 3441//3803 3473//3836
f 3473//3836 3440//3804 2712//3837
f 2712//3837 3119//3366 3128//3376
f 3475//3838 3472//3835 3474//3839
f 3474//3839 3473//3836 3476//3840
f 3476//3840 2712//3837 2711//2888
f 3477//3841 2711//2888 2400//2478
f 3478//3842 3476//3840 3477//3841
f 3479//3843 3474//3839 3478//3842
f 3392//3764 3413//3825 3480//3844
f 3466//3828 3480//3844 3413//3825
f 3419//3786 3392//3764 3480//3844
f 3390//3788 3480//3844 3391//3763
f 3469//3827 3391//3763 3480//3844
f 3389//3761 3471//3834 3475//3838
f 3387//3759 3475//3838 3479//3843
f 3385//3756 3479//3843 3481//3845
f 3482//3846 2400//2478 2402//2477
f 3483//3847 3477//3841 3482//3846
f 3481//3845 3478//3842 3483//3847
f 3484//3848 2402//2477 2707//2884
f 3058//3277 2707//2884 2708//2887
f 3061//3279 3484//3848 3058//3277
f 3485//3849 3482//3846 3484//3848
f 3382//3757 3481//3845 3486//3850
f 3486//3850 3483//3847 3485//3849
f 3426//3793 3382//3757 3487//3851
f 3487//3851 3486//3850 1962//2034
f 3486//3850 3061//3279 1962//2034
f 1961//2036 3487//3851 1962//2034
f 3057//3502 3426//3793 3487//3851
f 3428//3794 3402//3621 3488//3852
f 3427//3853 3403//3771 3428//3794
f 3429//3795 3406//3772 3427//3853
f 3430//3797 3408//3774 3429//3795
f 3431//3829 3410//3776 3430//3797
f 3470//3831 3433//3830 3432//3798
f 3434//3805 3438//3832 3435//3799
f 2723//2897 3439//3801 3434//3805
f 2875//3065 3433//3830 3431//3829
f 2736//2908 3435//3799 3432//3798
f 2947//3151 3488//3852 3500//949
f 3464//575 1360//2001 3497//1438
f 1900//1742 1924//1781 1901//1741
f 1736//1561 1718//1841 1750//1591
f 1955//3485 1943//3854 1956//1911
f 1671//1474 1735//1560 1751//1592
f 1696//1506 1698//1516 1692//1505
f 1800//1634 1864//950 1801//1633
f 2063//1957 2056//1947 2060//2882
f 1737//1568 1717//1559 1736//1561
f 1751//1592 1697//1562 1695//1504
f 943//2088 3899//1394 684//369
f 3656//3600 3402//3621 3605//3508
f 1577//1531 1764//1605 1703//1510
f 3917//1606 1599//1525 3923//1511
f 1945//3855 82//61 1944//1912
f 68//49 7//2726 248//385
f 147//97 1543//1189 148//96
f 1109//544 1133//558 1102//542
f 1503//2788 1907//1832 1908//1813
f 1499//1010 1909//1814 1498//1223
f 452//274 735//399 215//2820
f 1824//1670 3835//3856 3845//2090
f 1825//1671 2068//2718 1824//1670
f 1463//3857 1022//532 1194//594
f 841//686 1009//522 1011//523
f 1568//1783 1955//3485 1534//1784
f 1926//1767 1927//1773 1923//628
f 1910//1831 1502//2763 1939//3858
f 1939//3858 422//256 442//487
f 309//1031 1940//1787 308//185
f 1804//1638 1866//3859 1803//1708
f 269//163 1954//1799 56//161
f 2065//1969 2060//2882 2056//1947
f 3812//3462 1758//3860 3835//3856
f 280//167 552//1276 1940//1787
f 1875//2146 1869//1714 1874//1715
f 1739//1582 1734//1558 1737//1568
f 1778//1616 1790//1678 1788//1622
f 310//184 1915//1757 279//1030
f 1909//1814 1906//1749 1954//1799
f 1789//1621 1778//1616 1788//1622
f 978//509 980//1401 979//733
f 1584//1631 1731//1549 1583//1381
f 425//1057 311//1436 312//178
f 148//96 115//80 116//109
f 2044//1720 3894//2017 2046//2133
f 277//242 1939//3858 551//1277
f 1943//3854 1945//3855 1944//1912
f 1461//936 1463//3857 1464//947
f 2253//2334 3056//3275 3055//3276
f 2981//3195 3489//3861 958//999
f 2209//2275 3489//3861 3055//3276
f 2254//3194 3055//3276 3489//3861
f 2998//3214 958//999 3489//3861
f 2826//3009 2721//2896 2724//2898
f 3490//3862 2721//2896 2817//3863
f 2816//2996 3490//3862 2817//3863
f 2334//3864 2296//2383 2335//2418
f 2298//2388 2334//3864 2336//2419
f 2301//2396 2336//2419 2338//2421
f 2311//2398 2338//2421 2354//2437
f 2312//2397 2354//2437 2355//2438
f 2359//2443 2361//2448 2360//2444
f 2335//2418 2359//2443 2360//2444
f 2414//3865 2365//2447 2364//2446
f 2413//2486 2361//2448 2365//2447
f 2355//2438 2540//2631 2541//2632
f 2541//2632 2539//2630 2542//2633
f 2722//3362 2739//3866 2738//2910
f 3114//3363 2738//2910 3113//3360
f 3110//3356 3121//3369 3120//3368
f 3108//3354 3120//3368 3113//3360
f 3122//3370 3127//3374 3126//3373
f 3112//3359 3126//3373 3121//3369
f 3127//3374 1753//1803 3135//3386
f 3139//3867 2529//2619 2542//2633
f 3744//3393 3133//3383 3139//3867
f 3490//3862 2740//2911 2739//3866
f 3491//3868 2789//2967 3490//3862
f 228//144 91//2877 88//65
f 245//1786 243//340 242//440
f 248//385 247//339 191//338
f 2//2 296//1187 295//1840
f 145//1011 300//2000 267//159
f 327//1304 210//134 328//394
f 329//332 331//1091 330//1095
f 250//142 228//144 236//341
f 239//1191 240//190 230//314
f 373//2850 375//3573 374//2231
f 178//2199 176//177 175//176
f 1218//606 1228//623 1321//642
f 3862//640 1295//667 3854//1793
f 808//445 824//489 823//447
f 3858//923 1013//550 1014//549
f 3813//782 1411//761 1413//779
f 2154//2149 2159//2156 2160//2162
f 3845//2090 1758//3860 1757//991
f 306//449 1922//3457 452//274
f 2157//2150 1976//3506 1977//1836
f 708//2182 2031//1913 1474//1914
f 1450//2169 1227//617 1428//2168
f 1672//1478 1605//1954 1624//1476
f 1813//3869 1821//1667 1816//1651
f 1717//1559 1715//1533 1718//1841
f 176//177 402//1493 347//1266
f 1710//1842 3916//1512 3915//1788
f 1712//1553 1577//1531 1711//1528
f 1705//1744 1711//1528 1704//1530
f 971//501 979//733 970//503
f 822//448 1094//552 1102//542
f 2909//3870 2793//2972 2792//2969
f 2810//3871 2795//2980 2793//2972
f 2799//2978 2249//2327 2800//2977
f 3662//3872 2910//3101 2799//2978
f 2769//2987 2801//2981 2795//2980
f 3177//3494 3178//3496 3179//3497
f 3178//3496 3180//3754 3179//3497
f 3181//3498 1393//1472 2800//2977
f 3181//3498 1632//1702 3182//3499
f 3182//3499 2244//2314 3183//3500
f 3183//3500 2243//2313 3180//3754
f 3492//3873 2790//2968 3491//3868
f 2808//3874 3491//3868 2816//2996
f 2239//3875 3572//3876 2240//3877
f 1149//2264 3571//3878 3570//3879
f 1150//1907 3567//1120 3571//3878
f 2202//2277 3566//1336 2015//2263
f 2921//3880 3565//1770 2923//3881
f 3568//3882 2133//2178 2928//3293
f 1777//1607 1759//3883 1792//2099
f 1201//598 1183//588 1184//590
f 3561//1769 2195//2251 2194//3884
f 3553//1460 2770//3885 2768//2951
f 3927//1519 1687//3503 1692//1505
f 1516//1966 154//104 503//356
f 3549//1590 2974//3309 2803//3409
f 3550//3886 2779//2966 2778//2956
f 2771//3323 3575//1587 3546//3887
f 3070//3295 3546//3887 3558//3888
f 3547//1640 2775//2989 2867//3056
f 1376//714 1370//705 1372//698
f 2767//3483 3556//3128 2206//2269
f 2195//2251 3543//819 2767//3483
f 2775//2989 3542//826 2776//2990
f 3377//3746 3545//1579 2871//3752
f 3804//2982 3539//3889 2806//3890
f 2776//2990 3538//1577 2805//2991
f 2240//3877 3535//3891 2920//3892
f 2920//3892 3669//3893 3619//3894
f 3548//2881 2786//2963 2779//2966
f 1805//1673 1851//959 1804//1638
f 3534//1048 2787//3055 2786//2963
f 2951//3435 3540//1492 3531//1765
f 2772//3322 3531//1765 3575//1587
f 2973//3181 3530//3895 3536//3896
f 2224//3379 3537//3897 3530//3895
f 1957//2870 320//983 510//985
f 306//449 304//1199 303//1201
f 2770//3885 3528//1171 2913//3104
f 2913//3104 3574//1170 2239//3875
f 2923//3881 3527//2826 2922//3290
f 308//185 431//262 47//191
f 207//131 132//90 543//1800
f 1879//1916 1881//1936 1880//2096
f 3733//3487 3525//1203 2089//2145
f 2475//2556 3558//3888 3524//1208
f 2476//3288 3524//1208 3523//3898
f 2223//2292 3523//3898 3537//3897
f 3522//1159 2803//3409 2802//3405
f 2037//3491 11//2191 1950//2024
f 1959//1999 450//272 505//634
f 2003//2065 3520//2127 2129//2176
f 9//2190 334//328 540//327
f 2009//2072 3518//3899 3567//1120
f 2008//2071 3536//3896 3518//3899
f 3877//1202 673//2296 3879//2063
f 3515//1789 2778//2956 2784//2961
f 2935//3900 3513//1695 2936//3135
f 111//3488 3570//3879 3511//3489
f 3510//3901 2935//3900 2938//3137
f 683//2797 3885//1392 943//2088
f 3508//1624 2810//3871 2909//3870
f 736//2821 732//2883 729//1874
f 1795//1629 1803//1708 1796//1637
f 3505//987 2938//3137 2939//3139
f 3507//958 2939//3139 2940//3141
f 2950//3154 3504//3902 2949//3153
f 2940//3141 3504//3902 3507//958
f 3801//3155 3512//1173 2950//3154
f 2868//3903 3502//992 2869//3346
f 2869//3346 3522//1159 2802//3405
f 1024//614 1023//593 1020//531
f 3500//949 2948//3152 2947//3151
f 551//1277 442//487 443//1275
f 2972//3180 3568//3882 2928//3293
f 2032//2097 3499//2880 2972//3180
f 216//138 1924//1781 1923//628
f 203//236 201//137 200//1213
f 1828//1677 1847//1694 1837//2119
f 1958//2101 449//273 450//272
f 272//350 178//2199 175//176
f 2871//3752 3495//1439 1361//1440
f 3619//3894 3564//2811 2921//3880
f 2801//2981 3643//3100 3662//3872
f 2005//2213 3654//1775 2176//2212
f 960//3490 899//2835 962//491
f 3657//3650 3612//3509 3624//3659
f 3780//3904 3646//3421 3151//3423
f 3151//3423 3593//2650 2555//2648
f 2193//2250 3623//2937 2194//3884
f 3607//3406 3145//3408 3144//3905
f 3603//3407 2761//2933 3145//3408
f 3592//3347 3144//3905 3104//3349
f 2926//3125 3634//3348 3103//3350
f 3634//3348 3104//3349 3103//3350
f 3755//3307 3746//3906 3753//2041
f 566//1320 3758//1776 2005//2213
f 3488//3852 1864//950 3500//949
f 1602//1399 2079//2005 2078//1984
f 2868//3903 3611//3124 2922//3290
f 2922//3290 3610//3123 2923//3881
f 2923//3881 3618//3115 2921//3880
f 3670//3116 2918//3113 3614//3114
f 3619//3894 3614//3114 2920//3892
f 2921//3880 3670//3116 3619//3894
f 2920//3892 3586//2308 2240//3877
f 3613//3112 2915//3107 2918//3113
f 2917//3120 3622//2947 3641//3110
f 2916//3122 3641//3110 3642//3109
f 2239//3875 3652//3105 2913//3104
f 2911//3907 3652//3105 2757//2930
f 3643//3100 2911//3907 2910//3101
f 2797//2979 3662//3872 3591//2976
f 2797//2979 3598//2927 2750//2974
f 3622//2947 2763//2941 2765//2944
f 3608//2929 2764//3344 2745//2918
f 2194//3884 3648//2935 2221//2291
f 2221//2291 3649//2936 2222//3308
f 2756//2942 3609//2928 2755//2926
f 2750//2974 3609//2928 2747//2920
f 3669//3893 1817//2135 3827//2160
f 3763//2780 1691//3908 1699//1518
f 2515//2601 3590//2649 2548//2639
f 2548//2639 3593//2650 2550//2641
f 2513//2599 3632//2611 3616//2609
f 2513//2599 3621//2610 2515//2601
f 2509//2595 3620//2378 2289//2593
f 2510//2604 3633//2592 2509//2595
f 2289//2593 3639//2371 2283//2376
f 2283//2376 3617//2370 2286//2373
f 2240//3877 3587//2310 2239//3875
f 3659//3604 3624//3659 3626//3586
f 716//377 3887//2086 3888//2118
f 727//375 3761//2110 1923//628
f 2165//3510 2170//2107 2164//2214
f 3660//807 3626//3586 3629//3635
f 3743//2042 3578//1774 3757//2040
f 2175//3575 769//419 770//1901
f 2100//630 2095//2007 2099//2011
f 3758//1776 3757//2040 3578//1774
f 640//1452 3568//3882 1826//2773
f 1653//1644 3553//1460 1651//1459
f 1895//2270 3530//3895 746//1283
f 746//1283 3537//3897 741//1282
f 1653//1644 3528//1171 3576//3909
f 3762//1609 1604//1398 1672//1478
f 2093//1754 2073//1977 2078//1984
f 959//517 995//1751 884//462
f 962//491 919//527 986//1594
f 1400//749 1398//747 1399//748
f 1000//1750 1127//551 1004//1610
f 956//3183 884//462 885//463
f 1662//1674 3550//3886 1661//1447
f 2034//1915 3546//3887 1654//1586
f 3926//2954 3539//3889 3802//3910
f 3535//3891 766//2136 1817//2135
f 3572//3876 765//2091 766//2136
f 334//328 3571//3878 335//326
f 1868//1766 3540//1492 1656//1491
f 1684//3911 1652//1508 1678//1015
f 1682//1806 775//423 1807//1018
f 1585//1001 3762//1609 1700//1002
f 3763//2780 1672//1478 1673//1477
f 2173//853 490//1457 491//424
f 1658//825 3547//1640 1752//1593
f 3556//3128 1650//2184 724//2057
f 1571//813 2010//2801 1572//1541
f 1587//1388 3671//2258 2080//2338
f 2099//2011 2077//1982 2094//1752
f 787//1780 1999//1869 786//1499
f 2000//1868 786//1499 1999//1869
f 3155//3912 3697//2678 3683//3445
f 3713//3436 3683//3445 3789//3444
f 2180//2218 3685//3913 3684//3431
f 3496//1664 3684//3431 3705//3118
f 1684//3911 3840//1019 1651//1459
f 1760//2207 3495//1439 3545//1579
f 2607//2705 3693//2686 2590//2684
f 2581//2673 3689//2706 2607//2705
f 2371//2458 3700//2585 3695//2687
f 2371//2458 3693//2686 2372//2456
f 2587//3311 3675//2680 2586//3310
f 2586//3310 3697//2678 339//512
f 2497//3171 3687//2586 2503//2692
f 2502//2693 3687//2586 3700//2585
f 2494//2576 3690//2578 2495//2577
f 3690//2578 2472//2552 2495//2577
f 3688//2555 2468//2549 2472//2552
f 3701//2548 2469//3914 2468//2549
f 726//397 3892//2049 630//395
f 581//383 3518//3899 580//343
f 10//2192 3570//3879 334//328
f 1837//2119 3510//3901 1849//986
f 741//1282 3523//3898 1300//638
f 1299//636 3558//3888 2034//1915
f 1851//959 3504//3902 1866//3859
f 3527//2826 1820//1772 1819//2825
f 580//343 3536//3896 1895//2270
f 1758//3860 3522//1159 3502//992
f 1693//1016 3508//1624 1806//861
f 3504//3902 1867//1709 1866//3859
f 1894//1733 3568//3882 3499//2880
f 2126//2259 3813//782 3841//2114
f 3906//2260 3841//2114 3912//2067
f 2113//2039 3867//2045 2110//2038
f 2179//2217 3789//3444 3685//3913
f 624//360 3904//2062 623//361
f 2192//2248 3788//3424 3780//3904
f 2177//2216 3787//1204 3733//3487
f 1364//2125 3833//681 1338//654
f 3858//923 1470//3915 1453//906
f 3135//3386 3775//3384 3744//3393
f 2069//2055 3835//3856 2068//2718
f 1351//879 3853//671 1352//878
f 2108//3916 3901//1764 499//305
f 2089//2145 3736//3439 3733//3487
f 3828//684 1358//683 866//682
f 2001//2064 3783//3482 2187//2244
f 2187//2244 3719//3433 2091//3486
f 2130//2276 3752//3479 2004//2066
f 2004//2066 3749//3480 2001//2064
f 2014//2074 3779//3474 2201//2262
f 2201//2262 3756//3475 2130//2276
f 3167//3467 3759//3176 2969//3175
f 3168//3469 3720//3471 3167//3467
f 3159//3451 3764//3453 3160//3454
f 3160//3454 3765//3318 3081//3317
f 3730//3452 3158//3917 337//3446
f 3158//3917 3709//3450 3159//3451
f 2200//2254 3730//3452 3722//3442
f 3685//3913 3742//3414 2204//3432
f 3722//3442 2197//2255 2200//2254
f 3790//3440 2092//2144 3721//3434
f 3774//3441 3721//3434 2197//2255
f 3154//3443 3790//3440 3774//3441
f 3155//3912 3706//3438 3154//3443
f 2091//3486 3721//3434 2092//2144
f 2196//2252 3750//3413 3776//3428
f 2193//2250 3776//3428 3781//3427
f 3604//3418 3781//3427 3788//3424
f 2086//3918 3780//3904 3778//3422
f 2087//2141 3778//3422 3777//3419
f 2204//3432 3751//3412 2205//2268
f 2205//2268 3750//3413 3148//3429
f 3909//2181 574//391 692//379
f 2124//2173 3777//3419 3760//3400
f 2208//2272 3760//3400 3782//3380
f 3711//3387 3140//3396 3137//3389
f 3785//3395 3138//3392 3140//3396
f 3745//3394 3139//3867 3138//3392
f 3771//3391 3136//3390 2322//2406
f 3712//3388 3137//3389 3136//3390
f 3775//3384 3131//3382 3133//3383
f 3767//3381 3132//3397 3131//3382
f 1813//3869 3838//1653 1814//1665
f 1293//661 3856//666 1344//660
f 2184//2220 3748//2405 3732//3321
f 2181//2221 3732//3321 3734//3314
f 3765//3318 3079//3316 3081//3317
f 3768//3315 3080//3320 3079//3316
f 709//1338 3875//2129 2031//1913
f 2774//2953 3737//3164 3769//3289
f 3786//1726 2134//2179 3559//1727
f 3809//413 766//2136 765//2091
f 2968//3173 3766//3163 2959//3162
f 2969//3175 3784//3178 2968//3173
f 2958//3167 3737//3164 2961//3165
f 2132//3430 3766//3163 2960//3179
f 2321//3352 3771//3391 3748//2405
f 3860//849 1449//2113 28//2112
f 3905//2157 582//1461 710//1383
f 3886//2165 577//3098 574//391
f 3847//1659 1818//1771 3827//2160
f 705//2159 3887//2086 2121//2089
f 3816//3657 3907//2069 698//388
f 2111//2124 3911//2043 2113//2039
f 3810//781 1366//2126 1411//761
f 1812//1654 3822//1652 1815//1661
f 675//1662 3852//2094 674//3185
f 3496//1664 3851//2093 675//1662
f 2110//2038 3868//2033 2109//2031
f 2104//2026 3901//1764 2106//1763
f 2109//2031 3899//1394 944//1393
f 3842//1427 703//390 739//482
f 1680//1844 3846//1017 1684//3911
f 1639//1435 3819//1411 3818//2121
f 623//361 3906//2260 697//1233
f 2139//2130 3866//2015 3865//2122
f 1808//1645 3844//2092 3837//1643
f 3820//1669 1819//2825 1820//1772
f 3872//2087 3900//633 706//1340
f 1646//1434 3830//1445 1648//1442
f 3889//2164 633//2170 577//3098
f 2139//2130 3875//2129 18//12
f 2156//2152 3871//2166 3874//2153
f 674//3185 3913//2104 3869//2134
f 2117//887 3812//3462 2069//2055
f 1815//1661 3847//1659 3823//1657
f 3855//910 1444//846 1470//3915
f 697//1233 3912//2067 3816//3657
f 866//682 3836//603 3828//684
f 3864//2180 2136//2131 2135//632
f 3585//3649 3726//3645 3589//3648
f 3583//3576 3731//3646 3585//3649
f 3753//2041 3738//3651 3739//3661
f 3740//3658 3581//3578 3743//2042
f 1088//1379 3746//3906 1093//811
f 3739//3661 3743//2042 3753//2041
f 2791//2971 3493//3919 2792//2969
f 3492//3873 2807//2983 3493//3919
f 2792//2969 3494//3920 2909//3870
f 3493//3919 2806//3890 3494//3920
f 3508//1624 3494//3920 3516//3921
f 3516//3921 2806//3890 3539//3889
f 2948//3152 3791//1174 3801//3155
f 2105//2046 3896//2029 2104//2026
f 3538//1577 3804//2982 2805//2991
f 680//1417 3876//1939 683//2797
f 1891//2175 3910//1730 3891//2171
f 2905//3095 3801//3155 2950//3154
f 2900//3088 3799//3097 2905//3095
f 2901//3091 3807//3090 2877//3092
f 2734//2907 3806//3066 3794//3059
f 2877//3092 3806//3066 2878//3064
f 2820//3001 3794//3059 2872//3058
f 2818//3053 3792//3011 2827//3010
f 2823//3007 3792//3011 2826//3009
f 2822//3016 3798//3000 2821//3002
f 2819//3004 3800//3922 3798//3000
f 2817//3863 3795//2997 2816//2996
f 2809//2992 3795//2997 2815//2999
f 2808//3874 3803//2984 2807//2983
f 2805//2991 3803//2984 2804//2986
f 1702//1513 3923//1511 1599//1525
f 3922//1627 1797//1636 1802//1626
f 3915//1788 1706//1514 1709//1000
f 3918//1520 1692//1505 1698//1516
f 1657//1917 3880//1728 1879//1916
f 1890//1740 3895//1617 3910//1730
f 3772//1648 1674//1483 1675//862
f 1689//3923 3772//1648 3773//1625
f 3926//2954 3538//1577 1688//3924
f 3516//3921 1689//3923 3773//1625
f 3917//1606 1703//1510 1764//1605
f 1598//1396 3928//1602 1770//1595
f 3880//1728 1876//1724 1879//1916
f 1691//3908 3925//2955 3927//1519
f 3925//2955 1688//3924 1687//3503
f 1117//547 1118//546 3930//3925
f 1066//641 1322//643 3930//3925
f 1243//618 847//624 3930//3925
f 3825//601 848//1432 3930//3925
f 1128//1522 1117//547 3930//3925
f 1129//560 1130//559 3930//3925
f 841//686 1011//523 3930//3925
f 1230//3926 3863//639 3930//3925
f 1242//650 1243//618 3930//3925
f 1322//643 1229//622 3930//3925
f 1064//592 1065//2174 3930//3925
f 1003//1611 1128//1522 3930//3925
f 1229//622 1230//3926 3930//3925
f 3863//639 1285//1968 3930//3925
f 1285//1968 1288//651 3930//3925
f 848//1432 839//3656 3930//3925
f 847//624 3825//601 3930//3925
f 1118//546 1129//560 3930//3925
f 1065//2174 1066//641 3930//3925
f 1087//569 1086//568 3930//3925
f 1008//520 1002//519 3930//3925
f 1011//523 1008//520 3930//3925
f 1002//519 1003//1611 3930//3925
f 1076//565 1069//567 3930//3925
f 838//685 841//686 3930//3925
f 839//3656 838//685 3930//3925
f 1288//651 1242//650 3930//3925
f 1130//559 1087//569 3930//3925
f 1086//568 1076//565 3930//3925
f 1069//567 1064//592 3930//3925
f 2410//2487 2414//3865 3931//3927
f 2411//2484 2410//2487 3931//3927
f 3617//2370 2285//2544 3931//3927
f 2394//2476 2393//2475 3931//3927
f 2393//2475 2396//2504 3931//3927
f 2281//2374 2286//2373 3931//3927
f 2282//2455 2280//2597 3931//3927
f 2398//2501 2399//3404 3931//3927
f 2465//2542 2464//2567 3931//3927
f 2396//2504 2397//2495 3931//3927
f 2470//2550 2469//3914 3931//3927
f 2399//3404 2416//2489 3931//3927
f 2480//2561 2395//2560 3931//3927
f 2459//2538 2480//2561 3931//3927
f 2369//2452 2282//2455 3931//3927
f 2460//3928 2459//2538 3931//3927
f 2415//3929 2411//2484 3931//3927
f 2416//2489 2415//3929 3931//3927
f 2364//2446 2363//2450 3931//3927
f 2286//2373 3617//2370 3931//3927
f 2464//2567 2470//2550 3931//3927
f 2469//3914 3703//2547 3931//3927
f 2285//2544 2465//2542 3931//3927
f 2414//3865 2364//2446 3931//3927
f 2395//2560 2394//2476 3931//3927
f 2363//2450 2367//2453 3931//3927
f 2397//2495 2398//2501 3931//3927
f 2280//2597 2281//2374 3931//3927
f 3703//2547 2460//3928 3931//3927
f 2367//2453 2369//2452 3931//3927
f 3934//3930 3937//3931 3938//3932
f 3934//3930 3939//3933 3935//3934
f 3932//3935 3937//3931 3933//3936
f 3938//3932 3943//3937 3939//3933
f 3937//3931 3940//3938 3941//3939
f 3937//3931 3942//3940 3938//3932
f 3942//3940 3947//3941 3943//3937
f 3941//3939 3944//3942 3945//3943
f 3942//3940 3945//3943 3946//3944
f 3947//3941 3950//3945 3951//3946
f 3944//3942 3949//3947 3945//3943
f 3945//3943 3950//3945 3946//3944
f 3950//3945 3955//3948 3951//3946
f 3949//3947 3952//3949 3953//3950
f 3950//3945 3953//3950 3954//3951
f 3955//3948 3958//3952 3959//3953
f 3953//3950 3956//3954 3957//3955
f 3953//3950 3958//3952 3954//3951
f 3959//3953 3962//3956 3963//3957
f 3957//3955 3960//3958 3961//3959
f 3958//3952 3961//3959 3962//3956
f 3962//3956 3967//3960 3963//3957
f 3960//3958 3965//3961 3961//3959
f 3961//3959 3966//3962 3962//3956
f 3966//3962 3971//3963 3967//3960
f 3965//3961 3968//3964 3969//3965
f 3966//3962 3969//3965 3970//3966
f 3970//3966 3975//3967 3971//3963
f 3968//3964 3973//3968 3969//3965
f 3969//3965 3974//3969 3970//3966
f 3974//3969 3979//3970 3975//3967
f 3973//3968 3976//3971 3977//3972
f 3974//3969 3977//3972 3978//3973
f 3979//3970 3982//3974 3983//3975
f 3976//3971 3981//3976 3977//3972
f 3977//3972 3982//3974 3978//3973
f 3982//3974 3987//3977 3983//3975
f 3981//3976 3984//3978 3985//3979
f 3982//3974 3985//3979 3986//3980
f 3987//3977 3990//3981 3991//3982
f 3984//3978 3989//3983 3985//3979
f 3985//3979 3990//3981 3986//3980
f 3991//3982 3994//3984 3995//3985
f 3989//3983 3992//3986 3993//3987
f 3990//3981 3993//3987 3994//3984
f 3995//3985 3998//3988 3999//3989
f 3992//3986 3997//3990 3993//3987
f 3993//3987 3998//3988 3994//3984
f 3998//3988 4003//3991 3999//3989
f 3997//3990 4000//3992 4001//3993
f 3998//3988 4001//3993 4002//3994
f 4002//3994 4007//3995 4003//3991
f 4000//3992 4005//3996 4001//3993
f 4001//3993 4006//3997 4002//3994
f 4006//3997 4011//3998 4007//3995
f 4005//3996 4008//3999 4009//4000
f 4006//3997 4009//4000 4010//4001
f 4011//3998 4014//4002 4015//4003
f 4008//3999 4013//4004 4009//4000
f 4009//4000 4014//4002 4010//4001
f 4014//4002 4019//4005 4015//4003
f 4013//4004 4016//4006 4017//4007
f 4014//4002 4017//4007 4018//4008
f 4019//4005 4022//4009 4023//4010
f 4016//4006 4021//4011 4017//4007
f 4017//4007 4022//4009 4018//4008
f 4023//4010 4026//4012 4027//4013
f 4021//4011 4024//4014 4025//4015
f 4022//4009 4025//4015 4026//4012
f 4027//4013 4030//4016 4031//4017
f 4024//4014 4029//4018 4025//4015
f 4025//4015 4030//4016 4026//4012
f 4031//4017 4034//4019 4035//4020
f 4029//4018 4032//4021 4033//4022
f 4030//4016 4033//4022 4034//4019
f 4034//4019 4039//4023 4035//4020
f 4032//4021 4037//4024 4033//4022
f 4033//4022 4038//4025 4034//4019
f 4038//4025 4043//4026 4039//4023
f 4037//4024 4040//4027 4041//4028
f 4038//4025 4041//4028 4042//4029
f 4043//4026 4046//4030 4047//4031
f 4040//4027 4045//4032 4041//4028
f 4041//4028 4046//4030 4042//4029
f 4046//4030 4051//4033 4047//4031
f 4045//4032 4048//4034 4049//4035
f 4046//4030 4049//4035 4050//4036
f 4051//4033 4055//4037 4056//4038
f 4048//4034 4054//4039 4049//4035
f 4049//4035 4055//4037 4050//4036
f 4056//4038 4059//4040 4060//4041
f 4053//4042 4058//4043 4054//4039
f 4055//4037 4058//4043 4059//4040
f 3932//3935 4052//4044 3936//4045
f 3936//4045 4052//4044 3940//3938
f 3940//3938 4052//4044 3944//3942
f 3944//3942 4052//4044 3948//4046
f 3948//4046 4052//4044 3952//3949
f 3952//3949 4052//4044 3956//3954
f 3956//3954 4052//4044 3960//3958
f 3960//3958 4052//4044 3964//4047
f 3964//4047 4052//4044 3968//3964
f 3968//3964 4052//4044 3972//4048
f 3972//4048 4052//4044 3976//3971
f 3976//3971 4052//4044 3980//4049
f 3980//4049 4052//4044 3984//3978
f 3984//3978 4052//4044 3988//4050
f 3988//4050 4052//4044 3992//3986
f 3992//3986 4052//4044 3996//4051
f 3996//4051 4052//4044 4000//3992
f 4000//3992 4052//4044 4004//4052
f 4004//4052 4052//4044 4008//3999
f 4008//3999 4052//4044 4012//4053
f 4012//4053 4052//4044 4016//4006
f 4016//4006 4052//4044 4020//4054
f 4020//4054 4052//4044 4024//4014
f 4024//4014 4052//4044 4028//4055
f 4028//4055 4052//4044 4032//4021
f 4032//4021 4052//4044 4036//4056
f 4036//4056 4052//4044 4040//4027
f 4040//4027 4052//4044 4044//4057
f 4044//4057 4052//4044 4048//4034
f 4048//4034 4052//4044 4053//4042
f 4053//4042 4052//4044 4057//4058
f 4060//4041 3934//3930 3935//3934
f 4058//4043 3932//3935 3933//3936
f 4058//4043 3934//3930 4059//4040
f 4057//4058 4052//4044 3932//3935
f 4069//4059 4081//4060 4082//4061
f 4066//4062 4080//4063 4067//4064
f 4065//4065 4077//4066 4078//4067
f 4063//4068 4075//4069 4076//4070
f 4071//4071 4085//4072 4072//4073
f 4069//4059 4083//4074 4070//4075
f 4067//4064 4081//4060 4068//4076
f 4066//4062 4078//4067 4079//4077
f 4063//4068 4077//4066 4064//4078
f 4061//4079 4075//4069 4062//4080
f 4072//4073 4086//4081 4073//4082
f 4071//4071 4083//4074 4084//4083
f 4076//4070 4090//4084 4077//4066
f 4074//4085 4088//4086 4075//4069
f 4086//4081 4098//4087 4099//4088
f 4083//4074 4097//4089 4084//4083
f 4082//4061 4094//4090 4095//4091
f 4079//4077 4093//4092 4080//4063
f 4078//4067 4090//4084 4091//4093
f 4076//4070 4088//4086 4089//4094
f 4085//4072 4097//4089 4098//4087
f 4082//4061 4096//4095 4083//4074
f 4080//4063 4094//4090 4081//4060
f 4079//4077 4091//4093 4092//4096
f 4089//4094 4103//4097 4090//4084
f 4088//4086 4100//4098 4101//4099
f 4098//4087 4112//4100 4099//4088
f 4096//4095 4110//4101 4097//4089
f 4095//4091 4107//4102 4108//4103
f 4092//4096 4106//4104 4093//4092
f 4090//4084 4104//4105 4091//4093
f 4089//4094 4101//4099 4102//4106
f 4097//4089 4111//4107 4098//4087
f 4095//4091 4109//4108 4096//4095
f 4094//4090 4106//4104 4107//4102
f 4092//4096 4104//4105 4105//4109
f 4103//4097 4115//4110 4116//4111
f 4100//4098 4114//4112 4101//4099
f 4112//4100 4124//4113 4125//4114
f 4110//4101 4122//4115 4123//4116
f 4107//4102 4121//4117 4108//4103
f 4105//4109 4119//4118 4106//4104
f 4103//4097 4117//4119 4104//4105
f 4101//4099 4115//4110 4102//4106
f 4110//4101 4124//4113 4111//4107
f 4109//4108 4121//4117 4122//4115
f 4107//4102 4119//4118 4120//4120
f 4105//4109 4117//4119 4118//4121
f 4115//4110 4129//4122 4116//4111
f 4114//4112 4126//4123 4127//4124
f 4124//4113 4138//4125 4125//4114
f 4123//4116 4135//4126 4136//4127
f 4120//4120 4134//4128 4121//4117
f 4119//4118 4131//4129 4132//4130
f 4117//4119 4129//4122 4130//4131
f 4114//4112 4128//4132 4115//4110
f 4124//4113 4136//4127 4137//4133
f 4122//4115 4134//4128 4135//4126
f 4119//4118 4133//4134 4120//4120
f 4117//4119 4131//4129 4118//4121
f 4129//4122 4141//4135 4142//4136
f 4126//4123 4140//4137 4127//4124
f 4138//4125 4150//4138 4151//4139
f 4136//4127 4148//4140 4149//4141
f 4133//4134 4147//4142 4134//4128
f 4131//4129 4145//4143 4132//4130
f 4130//4131 4142//4136 4143//4144
f 4127//4124 4141//4135 4128//4132
f 4137//4133 4149//4141 4150//4138
f 4135//4126 4147//4142 4148//4140
f 4132//4130 4146//4145 4133//4134
f 4131//4129 4143//4144 4144//4146
f 4142//4136 4154//4147 4155//4148
f 4140//4137 4152//4149 4153//4150
f 4150//4138 4164//4151 4151//4139
f 4149//4141 4161//4152 4162//4153
f 4146//4145 4160//4154 4147//4142
f 4144//4146 4158//4155 4145//4143
f 4142//4136 4156//4156 4143//4144
f 4140//4137 4154//4147 4141//4135
f 4149//4141 4163//4157 4150//4138
f 4148//4140 4160//4154 4161//4152
f 4146//4145 4158//4155 4159//4158
f 4144//4146 4156//4156 4157//4159
f 4155//4148 4167//4160 4168//4161
f 4153//4150 4165//4162 4166//4163
f 4163//4157 4177//4164 4164//4151
f 4161//4152 4175//4165 4162//4153
f 4159//4158 4173//4166 4160//4154
f 4158//4155 4170//4167 4171//4168
f 4155//4148 4169//4169 4156//4156
f 4153//4150 4167//4160 4154//4147
f 4163//4157 4175//4165 4176//4170
f 4161//4152 4173//4166 4174//4171
f 4159//4158 4171//4168 4172//4172
f 4156//4156 4170//4167 4157//4159
f 4167//4160 4181//4173 4168//4161
f 4165//4162 4179//4174 4166//4163
f 4176//4170 4190//4175 4177//4164
f 4175//4165 4187//4176 4188//4177
f 4173//4166 4185//4178 4186//4179
f 4170//4167 4184//4180 4171//4168
f 4169//4169 4181//4173 4182//4181
f 4167//4160 4179//4174 4180//4182
f 4175//4165 4189//4183 4176//4170
f 4173//4166 4187//4176 4174//4171
f 4171//4168 4185//4178 4172//4172
f 4170//4167 4182//4181 4183//4184
f 4180//4182 4194//4185 4181//4173
f 4178//4186 4192//4187 4179//4174
f 4190//4175 4202//4188 4203//4189
f 4187//4176 4201//4190 4188//4177
f 4186//4179 4198//4191 4199//4192
f 4183//4184 4197//4193 4184//4180
f 4182//4181 4194//4185 4195//4194
f 4180//4182 4192//4187 4193//4195
f 4189//4183 4201//4190 4202//4188
f 4186//4179 4200//4196 4187//4176
f 4184//4180 4198//4191 4185//4178
f 4183//4184 4195//4194 4196//4197
f 4193//4195 4207//4198 4194//4185
f 4192//4187 4204//4199 4205//4200
f 4202//4188 4216//4201 4203//4189
f 4200//4196 4214//4202 4201//4190
f 4199//4192 4211//4203 4212//4204
f 4196//4197 4210//4205 4197//4193
f 4194//4185 4208//4206 4195//4194
f 4193//4195 4205//4200 4206//4207
f 4201//4190 4215//4208 4202//4188
f 4199//4192 4213//4209 4200//4196
f 4198//4191 4210//4205 4211//4203
f 4196//4197 4208//4206 4209//4210
f 4207//4198 4219//4211 4220//4212
f 4204//4199 4218//4213 4205//4200
f 4216//4201 4228//4214 4229//4215
f 4213//4209 4227//4216 4214//4202
f 4211//4203 4225//4217 4212//4204
f 4209//4210 4223//4218 4210//4205
f 4207//4198 4221//4219 4208//4206
f 4205//4200 4219//4211 4206//4207
f 4214//4202 4228//4214 4215//4208
f 4213//4209 4225//4217 4226//4220
f 4211//4203 4223//4218 4224//4221
f 4209//4210 4221//4219 4222//4222
f 4219//4211 4233//4223 4220//4212
f 4218//4213 4230//4224 4231//4225
f 4228//4214 4242//4226 4229//4215
f 4226//4220 4240//4227 4227//4216
f 4225//4217 4237//4228 4238//4229
f 4223//4218 4235//4230 4236//4231
f 4221//4219 4233//4223 4234//4232
f 4218//4213 4232//4233 4219//4211
f 4228//4214 4240//4227 4241//4234
f 4226//4220 4238//4229 4239//4235
f 4223//4218 4237//4228 4224//4221
f 4221//4219 4235//4230 4222//4222
f 4233//4223 4245//4236 4246//4237
f 4230//4224 4244//4238 4231//4225
f 4242//4226 4254//4239 4255//4240
f 4240//4227 4252//4241 4253//4242
f 4237//4228 4251//4243 4238//4229
f 4235//4230 4249//4244 4236//4231
f 4234//4232 4246//4237 4247//4245
f 4231//4225 4245//4236 4232//4233
f 4241//4234 4253//4242 4254//4239
f 4239//4235 4251//4243 4252//4241
f 4236//4231 4250//4246 4237//4228
f 4235//4230 4247//4245 4248//4247
f 4246//4237 4258//4248 4259//4249
f 4244//4238 4256//4250 4257//4251
f 4254//4239 4268//4252 4255//4240
f 4253//4242 4265//4253 4266//4254
f 4250//4246 4264//4255 4251//4243
f 4248//4247 4262//4256 4249//4244
f 4246//4237 4260//4257 4247//4245
f 4244//4238 4258//4248 4245//4236
f 4253//4242 4267//4258 4254//4239
f 4252//4241 4264//4255 4265//4253
f 4250//4246 4262//4256 4263//4259
f 4248//4247 4260//4257 4261//4260
f 4259//4249 4271//4261 4272//4262
f 4257//4251 4269//4263 4270//4264
f 4267//4258 4281//4265 4268//4252
f 4265//4253 4279//4266 4266//4254
f 4263//4259 4277//4267 4264//4255
f 4262//4256 4274//4268 4275//4269
f 4259//4249 4273//4270 4260//4257
f 4257//4251 4271//4261 4258//4248
f 4266//4254 4280//4271 4267//4258
f 4265//4253 4277//4267 4278//4272
f 4263//4259 4275//4269 4276//4273
f 4260//4257 4274//4268 4261//4260
f 4271//4261 4285//4274 4272//4262
f 4269//4263 4283//4275 4270//4264
f 4281//4265 4293//4276 4294//4277
f 4279//4266 4291//4278 4292//4279
f 4277//4267 4289//4280 4290//4281
f 4274//4268 4288//4282 4275//4269
f 4273//4270 4285//4274 4286//4283
f 4271//4261 4283//4275 4284//4284
f 4280//4271 4292//4279 4293//4276
f 4277//4267 4291//4278 4278//4272
f 4275//4269 4289//4280 4276//4273
f 4274//4268 4286//4283 4287//4285
f 4284//4284 4298//4286 4285//4274
f 4282//4287 4296//4288 4283//4275
f 4294//4277 4306//4289 4307//4290
f 4291//4278 4305//4291 4292//4279
f 4290//4281 4302//4292 4303//4293
f 4287//4285 4301//4294 4288//4282
f 4286//4283 4298//4286 4299//4295
f 4284//4284 4296//4288 4297//4296
f 4293//4276 4305//4291 4306//4289
f 4290//4281 4304//4297 4291//4278
f 4288//4282 4302//4292 4289//4280
f 4287//4285 4299//4295 4300//4298
f 4297//4296 4311//4299 4298//4286
f 4296//4288 4308//4300 4309//4301
f 4306//4289 4320//4302 4307//4290
f 4304//4297 4318//4303 4305//4291
f 4303//4293 4315//4304 4316//4305
f 4300//4298 4314//4306 4301//4294
f 4298//4286 4312//4307 4299//4295
f 4297//4296 4309//4301 4310//4308
f 4305//4291 4319//4309 4306//4289
f 4304//4297 4316//4305 4317//4310
f 4302//4292 4314//4306 4315//4304
f 4300//4298 4312//4307 4313//4311
f 4310//4308 4324//4312 4311//4299
f 4308//4300 4322//4313 4309//4301
f 4320//4302 4332//4314 4333//4315
f 4318//4303 4330//4316 4331//4317
f 4316//4305 4328//4318 4329//4319
f 4313//4311 4327//4320 4314//4306
f 4311//4299 4325//4321 4312//4307
f 4310//4308 4322//4313 4323//4322
f 4318//4303 4332//4314 4319//4309
f 4316//4305 4330//4316 4317//4310
f 4315//4304 4327//4320 4328//4318
f 4312//4307 4326//4323 4313//4311
f 4323//4322 4337//4324 4324//4312
f 4322//4313 4334//4325 4335//4326
f 4332//4314 4346//4327 4333//4315
f 4330//4316 4344//4328 4331//4317
f 4329//4319 4341//4329 4342//4330
f 4327//4320 4339//4331 4340//4332
f 4325//4321 4337//4324 4338//4333
f 4322//4313 4336//4334 4323//4322
f 4332//4314 4344//4328 4345//4335
f 4330//4316 4342//4330 4343//4336
f 4327//4320 4341//4329 4328//4318
f 4325//4321 4339//4331 4326//4323
f 4337//4324 4350//4337 4351//4338
f 4334//4325 4349//4339 4335//4326
f 4346//4327 4359//4340 4360//4341
f 4344//4328 4357//4342 4358//4343
f 4341//4329 4356//4344 4342//4330
f 4340//4332 4353//4345 4354//4346
f 4338//4333 4351//4338 4352//4347
f 4335//4326 4350//4337 4336//4334
f 4345//4335 4358//4343 4359//4340
f 4343//4336 4356//4344 4357//4342
f 4340//4332 4355//4348 4341//4329
f 4338//4333 4353//4345 4339//4331
f 4351//4338 4363//4349 4364//4350
f 4349//4339 4361//4351 4362//4352
f 4359//4340 4373//4353 4360//4341
f 4358//4343 4370//4354 4371//4355
f 4355//4348 4369//4356 4356//4344
f 4354//4346 4366//4357 4367//4358
f 4351//4338 4365//4359 4352//4347
f 4349//4339 4363//4349 4350//4337
f 4358//4343 4372//4360 4359//4340
f 4357//4342 4369//4356 4370//4354
f 4355//4348 4367//4358 4368//4361
f 4352//4347 4366//4357 4353//4345
f 4364//4350 4376//4362 4377//4363
f 4362//4352 4374//4364 4375//4365
f 4373//4353 4385//4366 4386//4367
f 4370//4354 4384//4368 4371//4355
f 4368//4361 4382//4369 4369//4356
f 4367//4358 4379//4370 4380//4371
f 4364//4350 4378//4372 4365//4359
f 4362//4352 4376//4362 4363//4349
f 4372//4360 4384//4368 4385//4366
f 4370//4354 4382//4369 4383//4373
f 4368//4361 4380//4371 4381//4374
f 4365//4359 4379//4370 4366//4357
f 4376//4362 4390//4375 4377//4363
f 4374//4364 4388//4376 4375//4365
f 4385//4366 4399//4377 4386//4367
f 4384//4368 4396//4378 4397//4379
f 4382//4369 4394//4380 4395//4381
f 4379//4370 4393//4382 4380//4371
f 4378//4372 4390//4375 4391//4383
f 4376//4362 4388//4376 4389//4384
f 4384//4368 4398//4385 4385//4366
f 4382//4369 4396//4378 4383//4373
f 4380//4371 4394//4380 4381//4374
f 4379//4370 4391//4383 4392//4386
f 4389//4384 4403//4387 4390//4375
f 4387//4388 4401//4389 4388//4376
f 4399//4377 4411//4390 4412//4391
f 4396//4378 4410//4392 4397//4379
f 4395//4381 4407//4393 4408//4394
f 4393//4382 4405//4395 4406//4396
f 4391//4383 4403//4387 4404//4397
f 4389//4384 4401//4389 4402//4398
f 4398//4385 4410//4392 4411//4390
f 4395//4381 4409//4399 4396//4378
f 4393//4382 4407//4393 4394//4380
f 4391//4383 4405//4395 4392//4386
f 4402//4398 4416//4400 4403//4387
f 4401//4389 4413//4401 4414//4402
f 4411//4390 4425//4403 4412//4391
f 4409//4399 4423//4404 4410//4392
f 4408//4394 4420//4405 4421//4406
f 4406//4396 4418//4407 4419//4408
f 4403//4387 4417//4409 4404//4397
f 4402//4398 4414//4402 4415//4410
f 4410//4392 4424//4411 4411//4390
f 4408//4394 4422//4412 4409//4399
f 4407//4393 4419//4408 4420//4405
f 4404//4397 4418//4407 4405//4395
f 4416//4400 4428//4413 4429//4414
f 4413//4401 4427//4415 4414//4402
f 4425//4403 4437//4416 4438//4417
f 4423//4404 4435//4418 4436//4419
f 4421//4406 4433//4420 4434//4421
f 4418//4407 4432//4422 4419//4408
f 4416//4400 4430//4423 4417//4409
f 4415//4410 4427//4415 4428//4413
f 4423//4404 4437//4416 4424//4411
f 4421//4406 4435//4418 4422//4412
f 4420//4405 4432//4422 4433//4420
f 4418//4407 4430//4423 4431//4424
f 4428//4413 4442//4425 4429//4414
f 4426//4426 4440//4427 4427//4415
f 4437//4416 4451//4428 4438//4417
f 4435//4418 4449//4429 4436//4419
f 4434//4421 4446//4430 4447//4431
f 4432//4422 4444//4432 4445//4433
f 4430//4423 4442//4425 4443//4434
f 4427//4415 4441//4435 4428//4413
f 4437//4416 4449//4429 4450//4436
f 4435//4418 4447//4431 4448//4437
f 4432//4422 4446//4430 4433//4420
f 4430//4423 4444//4432 4431//4424
f 4442//4425 4454//4438 4455//4439
f 4439//4440 4453//4441 4440//4427
f 4451//4428 4463//4442 4464//4443
f 4449//4429 4461//4444 4462//4445
f 4446//4430 4460//4446 4447//4431
f 4444//4432 4458//4447 4445//4433
f 4443//4434 4455//4439 4456//4448
f 4440//4427 4454//4438 4441//4435
f 4450//4436 4462//4445 4463//4442
f 4447//4431 4461//4444 4448//4437
f 4445//4433 4459//4449 4446//4430
f 4444//4432 4456//4448 4457//4450
f 4455//4439 4467//4451 4468//4452
f 4453//4441 4465//4453 4466//4454
f 4463//4442 4477//4455 4464//4443
f 4462//4445 4474//4456 4475//4457
f 4459//4449 4473//4458 4460//4446
f 4457//4450 4471//4459 4458//4447
f 4455//4439 4469//4460 4456//4448
f 4453//4441 4467//4451 4454//4438
f 4462//4445 4476//4461 4463//4442
f 4461//4444 4473//4458 4474//4456
f 4459//4449 4471//4459 4472//4462
f 4457//4450 4469//4460 4470//4463
f 4347//4464 4073//4082 4086//4081
f 4347//4464 4086//4081 4099//4088
f 4347//4464 4099//4088 4112//4100
f 4347//4464 4112//4100 4125//4114
f 4347//4464 4125//4114 4138//4125
f 4347//4464 4138//4125 4151//4139
f 4347//4464 4151//4139 4164//4151
f 4347//4464 4164//4151 4177//4164
f 4347//4464 4177//4164 4190//4175
f 4347//4464 4190//4175 4203//4189
f 4347//4464 4203//4189 4216//4201
f 4347//4464 4216//4201 4229//4215
f 4347//4464 4229//4215 4242//4226
f 4347//4464 4242//4226 4255//4240
f 4347//4464 4255//4240 4268//4252
f 4347//4464 4268//4252 4281//4265
f 4347//4464 4281//4265 4294//4277
f 4347//4464 4294//4277 4307//4290
f 4347//4464 4307//4290 4320//4302
f 4347//4464 4320//4302 4333//4315
f 4347//4464 4333//4315 4346//4327
f 4347//4464 4346//4327 4360//4341
f 4347//4464 4360//4341 4373//4353
f 4347//4464 4373//4353 4386//4367
f 4347//4464 4386//4367 4399//4377
f 4347//4464 4399//4377 4412//4391
f 4347//4464 4412//4391 4425//4403
f 4347//4464 4425//4403 4438//4417
f 4347//4464 4438//4417 4451//4428
f 4347//4464 4451//4428 4464//4443
f 4347//4464 4464//4443 4477//4455
f 4468//4452 4063//4068 4064//4078
f 4466//4454 4061//4079 4062//4080
f 4477//4455 4072//4073 4073//4082
f 4474//4456 4071//4071 4475//4457
f 4472//4462 4069//4059 4473//4458
f 4471//4459 4066//4062 4067//4064
f 4468//4452 4065//4065 4469//4460
f 4466//4454 4063//4068 4467//4451
f 4347//4464 4477//4455 4073//4082
f 4476//4461 4071//4071 4072//4073
f 4474//4456 4069//4059 4070//4075
f 4472//4462 4067//4064 4068//4076
f 4469//4460 4066//4062 4470//4463
f 3935//3934 4465//4453 4060//4041
f 4465//4453 4056//4038 4060//4041
f 4452//4465 4051//4033 4056//4038
f 4439//4440 4047//4031 4051//4033
f 4047//4031 4413//4401 4043//4026
f 4043//4026 4400//4466 4039//4023
f 4039//4023 4387//4388 4035//4020
f 4387//4388 4031//4017 4035//4020
f 4031//4017 4361//4351 4027//4013
f 4361//4351 4023//4010 4027//4013
f 4348//4467 4019//4005 4023//4010
f 4334//4325 4015//4003 4019//4005
f 4015//4003 4308//4300 4011//3998
f 4011//3998 4295//4468 4007//3995
f 4007//3995 4282//4287 4003//3991
f 4282//4287 3999//3989 4003//3991
f 3999//3989 4256//4250 3995//3985
f 4256//4250 3991//3982 3995//3985
f 4243//4469 3987//3977 3991//3982
f 4230//4224 3983//3975 3987//3977
f 3983//3975 4204//4199 3979//3970
f 3979//3970 4191//4470 3975//3967
f 3975//3967 4178//4186 3971//3963
f 4178//4186 3967//3960 3971//3963
f 3967//3960 4152//4149 3963//3957
f 4152//4149 3959//3953 3963//3957
f 4139//4471 3955//3948 3959//3953
f 4126//4123 3951//3946 3955//3948
f 3951//3946 4100//4098 3947//3941
f 3947//3941 4087//4472 3943//3937
f 3943//3937 4074//4085 3939//3933
f 4074//4085 3935//3934 3939//3933
f 4480//4473 4483//3931 4484//4474
f 4480//4473 4485//4475 4481//4476
f 4479//4477 4482//4478 4483//3931
f 4484//4474 4489//4479 4485//4475
f 4482//4478 4487//4480 4483//3931
f 4483//3931 4488//4481 4484//4474
f 4488//4481 4493//4482 4489//4479
f 4487//4480 4490//4483 4491//4484
f 4488//4481 4491//4484 4492//4485
f 4493//4482 4496//4486 4497//4487
f 4490//4483 4495//4488 4491//4484
f 4491//4484 4496//4486 4492//4485
f 4496//4486 4501//4489 4497//4487
f 4495//4488 4498//4490 4499//4491
f 4496//4486 4499//4491 4500//3951
f 4501//4489 4504//4492 4505//4493
f 4498//4490 4503//4494 4499//4491
f 4499//4491 4504//4492 4500//3951
f 4505//4493 4508//4495 4509//4496
f 4503//4494 4506//4497 4507//4498
f 4504//4492 4507//4498 4508//4495
f 4509//4496 4512//4499 4513//4500
f 4506//4497 4511//4501 4507//4498
f 4507//4498 4512//4499 4508//4495
f 4513//4500 4516//4502 4517//4503
f 4511//4501 4514//4504 4515//4505
f 4512//4499 4515//4505 4516//4502
f 4516//4502 4521//4506 4517//4503
f 4514//4504 4519//4507 4515//4505
f 4515//4505 4520//4508 4516//4502
f 4520//4508 4525//4509 4521//4506
f 4518//4510 4523//4511 4519//4507
f 4520//4508 4523//4511 4524//4512
f 4525//4509 4528//4513 4529//4514
f 4522//4515 4527//4516 4523//4511
f 4523//4511 4528//4513 4524//4512
f 4528//4513 4533//4517 4529//4514
f 4527//4516 4530//4518 4531//4519
f 4528//4513 4531//4519 4532//4520
f 4533//4517 4536//4521 4537//4522
f 4530//4518 4535//4523 4531//4519
f 4531//4519 4536//4521 4532//4520
f 4537//4522 4540//4524 4541//4525
f 4534//4526 4539//4527 4535//4523
f 4536//4521 4539//4527 4540//4524
f 4541//4525 4544//4528 4545//4529
f 4539//4527 4542//4530 4543//4531
f 4539//4527 4544//4528 4540//4524
f 4544//4528 4549//4532 4545//4529
f 4542//4530 4547//4533 4543//4531
f 4544//4528 4547//4533 4548//4534
f 4548//4534 4553//4535 4549//4532
f 4547//4533 4550//4536 4551//4537
f 4547//4533 4552//3997 4548//4534
f 4552//3997 4557//4538 4553//4535
f 4551//4537 4554//4539 4555//4540
f 4552//3997 4555//4540 4556//4001
f 4557//4538 4560//4541 4561//4542
f 4554//4539 4559//4543 4555//4540
f 4555//4540 4560//4541 4556//4001
f 4560//4541 4565//4544 4561//4542
f 4559//4543 4562//4545 4563//4546
f 4560//4541 4563//4546 4564//4547
f 4565//4544 4568//4548 4569//4549
f 4562//4545 4567//4550 4563//4546
f 4563//4546 4568//4548 4564//4547
f 4569//4549 4572//4551 4573//4552
f 4567//4550 4570//4553 4571//4554
f 4568//4548 4571//4554 4572//4551
f 4572//4551 4577//4555 4573//4552
f 4570//4553 4575//4556 4571//4554
f 4571//4554 4576//4557 4572//4551
f 4576//4557 4581//4558 4577//4555
f 4575//4556 4578//4559 4579//4560
f 4576//4557 4579//4560 4580//4561
f 4580//4561 4585//4562 4581//4558
f 4578//4559 4583//4563 4579//4560
f 4579//4560 4584//4564 4580//4561
f 4584//4564 4589//4565 4585//4562
f 4583//4563 4586//4566 4587//4567
f 4584//4564 4587//4567 4588//4568
f 4589//4565 4592//4569 4593//4570
f 4586//4566 4591//4571 4587//4567
f 4587//4567 4592//4569 4588//4568
f 4592//4569 4597//4572 4593//4570
f 4591//4571 4594//4573 4595//4574
f 4592//4569 4595//4574 4596//4575
f 4597//4572 4601//4576 4602//4577
f 4594//4573 4600//4578 4595//4574
f 4595//4574 4601//4576 4596//4575
f 4602//4577 4605//4579 4606//4580
f 4600//4578 4603//4581 4604//4582
f 4601//4576 4604//4582 4605//4579
f 4478//4583 4598//4044 4482//4478
f 4482//4478 4598//4044 4486//4584
f 4486//4584 4598//4044 4490//4483
f 4490//4483 4598//4044 4494//4585
f 4494//4585 4598//4044 4498//4490
f 4498//4490 4598//4044 4502//4586
f 4502//4586 4598//4044 4506//4497
f 4506//4497 4598//4044 4510//4587
f 4510//4587 4598//4044 4514//4504
f 4514//4504 4598//4044 4518//4510
f 4518//4510 4598//4044 4522//4515
f 4522//4515 4598//4044 4526//4588
f 4526//4588 4598//4044 4530//4518
f 4530//4518 4598//4044 4534//4526
f 4534//4526 4598//4044 4538//4589
f 4538//4589 4598//4044 4542//4530
f 4542//4530 4598//4044 4546//4590
f 4546//4590 4598//4044 4550//4536
f 4550//4536 4598//4044 4554//4539
f 4554//4539 4598//4044 4558//4591
f 4558//4591 4598//4044 4562//4545
f 4562//4545 4598//4044 4566//4592
f 4566//4592 4598//4044 4570//4553
f 4570//4553 4598//4044 4574//4593
f 4574//4593 4598//4044 4578//4559
f 4578//4559 4598//4044 4582//4594
f 4582//4594 4598//4044 4586//4566
f 4586//4566 4598//4044 4590//4595
f 4590//4595 4598//4044 4594//4573
f 4594//4573 4598//4044 4599//4596
f 4599//4596 4598//4044 4603//4581
f 4606//4580 4480//4473 4481//4476
f 4603//4581 4479//4477 4604//4582
f 4604//4582 4480//4473 4605//4579
f 4603//4581 4598//4044 4478//4583
f 4615//4597 4627//4598 4628//4599
f 4612//4600 4626//4601 4613//4602
f 4611//4603 4623//4066 4624//4604
f 4609//4605 4621//4069 4622//4606
f 4618//4607 4630//4608 4631//4609
f 4615//4597 4629//4610 4616//4611
f 4613//4602 4627//4598 4614//4612
f 4612//4600 4624//4604 4625//4613
f 4609//4605 4623//4066 4610//4614
f 4607//4615 4621//4069 4608//4616
f 4619//4617 4631//4609 4632//4618
f 4617//4071 4629//4610 4630//4608
f 4622//4606 4636//4084 4623//4066
f 4620//4619 4634//4620 4621//4069
f 4632//4618 4644//4621 4645//4622
f 4629//4610 4643//4089 4630//4608
f 4628//4599 4640//4623 4641//4624
f 4626//4601 4638//4625 4639//4626
f 4624//4604 4636//4084 4637//4627
f 4622//4606 4634//4620 4635//4628
f 4631//4609 4643//4089 4644//4621
f 4628//4599 4642//4629 4629//4610
f 4626//4601 4640//4623 4627//4598
f 4624//4604 4638//4625 4625//4613
f 4635//4628 4649//4630 4636//4084
f 4634//4620 4646//4631 4647//4632
f 4644//4621 4658//4633 4645//4622
f 4642//4629 4656//4634 4643//4089
f 4641//4624 4653//4102 4654//4635
f 4639//4626 4651//4636 4652//4637
f 4636//4084 4650//4638 4637//4627
f 4635//4628 4647//4632 4648//4106
f 4643//4089 4657//4639 4644//4621
f 4642//4629 4654//4635 4655//4640
f 4640//4623 4652//4637 4653//4102
f 4637//4627 4651//4636 4638//4625
f 4648//4106 4662//4641 4649//4630
f 4646//4631 4660//4642 4647//4632
f 4658//4633 4670//4643 4671//4114
f 4656//4634 4668//4644 4669//4645
f 4653//4102 4667//4646 4654//4635
f 4651//4636 4665//4647 4652//4637
f 4649//4630 4663//4119 4650//4638
f 4648//4106 4660//4642 4661//4648
f 4656//4634 4670//4643 4657//4639
f 4654//4635 4668//4644 4655//4640
f 4653//4102 4665//4647 4666//4649
f 4651//4636 4663//4119 4664//4121
f 4661//4648 4675//4650 4662//4641
f 4660//4642 4672//4651 4673//4652
f 4670//4643 4684//4653 4671//4114
f 4668//4644 4682//4654 4669//4645
f 4667//4646 4679//4655 4680//4656
f 4665//4647 4677//4657 4678//4658
f 4663//4119 4675//4650 4676//4131
f 4661//4648 4673//4652 4674//4659
f 4670//4643 4682//4654 4683//4660
f 4667//4646 4681//4661 4668//4644
f 4665//4647 4679//4655 4666//4649
f 4663//4119 4677//4657 4664//4121
f 4675//4650 4687//4662 4688//4663
f 4672//4651 4686//4664 4673//4652
f 4684//4653 4696//4665 4697//4666
f 4682//4654 4694//4667 4695//4668
f 4679//4655 4693//4669 4680//4656
f 4678//4658 4690//4670 4691//4671
f 4676//4131 4688//4663 4689//4672
f 4673//4652 4687//4662 4674//4659
f 4683//4660 4695//4668 4696//4665
f 4681//4661 4693//4669 4694//4667
f 4678//4658 4692//4673 4679//4655
f 4676//4131 4690//4670 4677//4657
f 4688//4663 4700//4674 4701//4675
f 4686//4664 4698//4676 4699//4677
f 4696//4665 4710//4678 4697//4666
f 4695//4668 4707//4679 4708//4153
f 4692//4673 4706//4680 4693//4669
f 4691//4671 4703//4159 4704//4681
f 4688//4663 4702//4682 4689//4672
f 4686//4664 4700//4674 4687//4662
f 4695//4668 4709//4683 4696//4665
f 4694//4667 4706//4680 4707//4679
f 4692//4673 4704//4681 4705//4684
f 4689//4672 4703//4159 4690//4670
f 4701//4675 4713//4685 4714//4686
f 4699//4677 4711//4687 4712//4688
f 4710//4678 4722//4689 4723//4690
f 4707//4679 4721//4691 4708//4153
f 4705//4684 4719//4692 4706//4680
f 4704//4681 4716//4693 4717//4694
f 4701//4675 4715//4695 4702//4682
f 4699//4677 4713//4685 4700//4674
f 4709//4683 4721//4691 4722//4689
f 4707//4679 4719//4692 4720//4696
f 4705//4684 4717//4694 4718//4697
f 4702//4682 4716//4693 4703//4159
f 4713//4685 4727//4698 4714//4686
f 4711//4687 4725//4699 4712//4688
f 4723//4690 4735//4700 4736//4701
f 4721//4691 4733//4702 4734//4703
f 4719//4692 4731//4704 4732//4705
f 4716//4693 4730//4706 4717//4694
f 4715//4695 4727//4698 4728//4707
f 4713//4685 4725//4699 4726//4708
f 4721//4691 4735//4700 4722//4689
f 4719//4692 4733//4702 4720//4696
f 4717//4694 4731//4704 4718//4697
f 4716//4693 4728//4707 4729//4709
f 4726//4708 4740//4710 4727//4698
f 4724//4711 4738//4712 4725//4699
f 4736//4701 4748//4713 4749//4189
f 4733//4702 4747//4714 4734//4703
f 4732//4705 4744//4191 4745//4715
f 4730//4706 4742//4716 4743//4717
f 4728//4707 4740//4710 4741//4194
f 4726//4708 4738//4712 4739//4718
f 4735//4700 4747//4714 4748//4713
f 4732//4705 4746//4719 4733//4702
f 4730//4706 4744//4191 4731//4704
f 4728//4707 4742//4716 4729//4709
f 4739//4718 4753//4720 4740//4710
f 4738//4712 4750//4721 4751//4722
f 4748//4713 4762//4723 4749//4189
f 4746//4719 4760//4724 4747//4714
f 4745//4715 4757//4203 4758//4204
f 4743//4717 4755//4725 4756//4726
f 4740//4710 4754//4206 4741//4194
f 4739//4718 4751//4722 4752//4727
f 4747//4714 4761//4728 4748//4713
f 4745//4715 4759//4209 4746//4719
f 4744//4191 4756//4726 4757//4203
f 4741//4194 4755//4725 4742//4716
f 4753//4720 4765//4729 4766//4730
f 4750//4721 4764//4731 4751//4722
f 4762//4723 4774//4732 4775//4733
f 4759//4209 4773//4734 4760//4724
f 4758//4204 4770//4735 4771//4736
f 4755//4725 4769//4737 4756//4726
f 4753//4720 4767//4738 4754//4206
f 4752//4727 4764//4731 4765//4729
f 4760//4724 4774//4732 4761//4728
f 4758//4204 4772//4739 4759//4209
f 4757//4203 4769//4737 4770//4735
f 4755//4725 4767//4738 4768//4222
f 4765//4729 4779//4740 4766//4730
f 4764//4731 4776//4741 4777//4225
f 4774//4732 4788//4742 4775//4733
f 4772//4739 4786//4743 4773//4734
f 4771//4736 4783//4744 4784//4745
f 4769//4737 4781//4746 4782//4747
f 4767//4738 4779//4740 4780//4748
f 4765//4729 4777//4225 4778//4233
f 4774//4732 4786//4743 4787//4234
f 4771//4736 4785//4749 4772//4739
f 4769//4737 4783//4744 4770//4735
f 4767//4738 4781//4746 4768//4222
f 4779//4740 4791//4236 4792//4750
f 4776//4741 4790//4751 4777//4225
f 4788//4742 4800//4752 4801//4753
f 4786//4743 4798//4241 4799//4754
f 4783//4744 4797//4755 4784//4745
f 4782//4747 4794//4756 4795//4244
f 4780//4748 4792//4750 4793//4757
f 4777//4225 4791//4236 4778//4233
f 4787//4234 4799//4754 4800//4752
f 4785//4749 4797//4755 4798//4241
f 4782//4747 4796//4758 4783//4744
f 4780//4748 4794//4756 4781//4746
f 4792//4750 4804//4759 4805//4760
f 4790//4751 4802//4761 4803//4762
f 4800//4752 4814//4763 4801//4753
f 4799//4754 4811//4764 4812//4765
f 4796//4758 4810//4766 4797//4755
f 4795//4244 4807//4767 4808//4768
f 4792//4750 4806//4769 4793//4757
f 4790//4751 4804//4759 4791//4236
f 4799//4754 4813//4770 4800//4752
f 4798//4241 4810//4766 4811//4764
f 4796//4758 4808//4768 4809//4771
f 4793//4757 4807//4767 4794//4756
f 4805//4760 4817//4772 4818//4773
f 4803//4762 4815//4774 4816//4775
f 4814//4763 4826//4776 4827//4777
f 4811//4764 4825//4778 4812//4765
f 4809//4771 4823//4779 4810//4766
f 4808//4768 4820//4268 4821//4269
f 4805//4760 4819//4270 4806//4769
f 4803//4762 4817//4772 4804//4759
f 4813//4770 4825//4778 4826//4776
f 4811//4764 4823//4779 4824//4780
f 4809//4771 4821//4269 4822//4781
f 4806//4769 4820//4268 4807//4767
f 4817//4772 4831//4782 4818//4773
f 4815//4774 4829//4783 4816//4775
f 4826//4776 4840//4784 4827//4777
f 4825//4778 4837//4785 4838//4786
f 4823//4779 4835//4787 4836//4281
f 4820//4268 4834//4788 4821//4269
f 4819//4270 4831//4782 4832//4789
f 4817//4772 4829//4783 4830//4790
f 4825//4778 4839//4791 4826//4776
f 4823//4779 4837//4785 4824//4780
f 4821//4269 4835//4787 4822//4781
f 4820//4268 4832//4789 4833//4285
f 4830//4790 4844//4792 4831//4782
f 4828//4793 4842//4794 4829//4783
f 4840//4784 4852//4289 4853//4795
f 4837//4785 4851//4291 4838//4786
f 4836//4281 4848//4796 4849//4797
f 4834//4788 4846//4798 4847//4799
f 4832//4789 4844//4792 4845//4295
f 4830//4790 4842//4794 4843//4800
f 4839//4791 4851//4291 4852//4289
f 4836//4281 4850//4801 4837//4785
f 4834//4788 4848//4796 4835//4787
f 4832//4789 4846//4798 4833//4285
f 4843//4800 4857//4299 4844//4792
f 4842//4794 4854//4802 4855//4301
f 4852//4289 4866//4803 4853//4795
f 4850//4801 4864//4804 4851//4291
f 4849//4797 4861//4304 4862//4805
f 4847//4799 4859//4806 4860//4807
f 4844//4792 4858//4808 4845//4295
f 4843//4800 4855//4301 4856//4809
f 4851//4291 4865//4810 4852//4289
f 4849//4797 4863//4811 4850//4801
f 4848//4796 4860//4807 4861//4304
f 4845//4295 4859//4806 4846//4798
f 4857//4299 4869//4322 4870//4812
f 4855//4301 4867//4813 4868//4814
f 4866//4803 4878//4815 4879//4816
f 4864//4804 4876//4817 4877//4818
f 4862//4805 4874//4819 4875//4820
f 4859//4806 4873//4320 4860//4807
f 4857//4299 4871//4821 4858//4808
f 4856//4809 4868//4814 4869//4322
f 4864//4804 4878//4815 4865//4810
f 4862//4805 4876//4817 4863//4811
f 4861//4304 4873//4320 4874//4819
f 4859//4806 4871//4821 4872//4822
f 4869//4322 4883//4823 4870//4812
f 4868//4814 4880//4824 4881//4326
f 4878//4815 4892//4825 4879//4816
f 4877//4818 4889//4826 4890//4827
f 4874//4819 4888//4828 4875//4820
f 4873//4320 4885//4829 4886//4830
f 4871//4821 4883//4823 4884//4831
f 4868//4814 4882//4832 4869//4322
f 4878//4815 4890//4827 4891//4833
f 4876//4817 4888//4828 4889//4826
f 4873//4320 4887//4834 4874//4819
f 4871//4821 4885//4829 4872//4822
f 4883//4823 4896//4835 4897//4836
f 4880//4824 4895//4339 4881//4326
f 4892//4825 4905//4837 4906//4838
f 4890//4827 4903//4839 4904//4840
f 4887//4834 4902//4841 4888//4828
f 4885//4829 4900//4842 4886//4830
f 4884//4831 4897//4836 4898//4843
f 4881//4326 4896//4835 4882//4832
f 4891//4833 4904//4840 4905//4837
f 4889//4826 4902//4841 4903//4839
f 4886//4830 4901//4844 4887//4834
f 4885//4829 4898//4843 4899//4845
f 4897//4836 4909//4846 4910//4847
f 4895//4339 4907//4848 4908//4352
f 4905//4837 4919//4849 4906//4838
f 4904//4840 4916//4850 4917//4355
f 4901//4844 4915//4851 4902//4841
f 4899//4845 4913//4852 4900//4842
f 4897//4836 4911//4853 4898//4843
f 4895//4339 4909//4846 4896//4835
f 4904//4840 4918//4854 4905//4837
f 4903//4839 4915//4851 4916//4850
f 4901//4844 4913//4852 4914//4855
f 4899//4845 4911//4853 4912//4856
f 4910//4847 4922//4857 4923//4858
f 4908//4352 4920//4859 4921//4860
f 4919//4849 4931//4861 4932//4862
f 4916//4850 4930//4863 4917//4355
f 4914//4855 4928//4864 4915//4851
f 4913//4852 4925//4865 4926//4866
f 4910//4847 4924//4867 4911//4853
f 4908//4352 4922//4857 4909//4846
f 4918//4854 4930//4863 4931//4861
f 4916//4850 4928//4864 4929//4868
f 4914//4855 4926//4866 4927//4869
f 4911//4853 4925//4865 4912//4856
f 4922//4857 4936//4870 4923//4858
f 4920//4859 4934//4871 4921//4860
f 4931//4861 4945//4872 4932//4862
f 4930//4863 4942//4873 4943//4874
f 4928//4864 4940//4380 4941//4875
f 4925//4865 4939//4382 4926//4866
f 4924//4867 4936//4870 4937//4876
f 4922//4857 4934//4871 4935//4877
f 4930//4863 4944//4878 4931//4861
f 4928//4864 4942//4873 4929//4868
f 4926//4866 4940//4380 4927//4869
f 4925//4865 4937//4876 4938//4386
f 4935//4877 4949//4879 4936//4870
f 4933//4880 4947//4881 4934//4871
f 4945//4872 4957//4882 4958//4883
f 4942//4873 4956//4884 4943//4874
f 4941//4875 4953//4885 4954//4886
f 4938//4386 4952//4887 4939//4382
f 4937//4876 4949//4879 4950//4397
f 4935//4877 4947//4881 4948//4888
f 4944//4878 4956//4884 4957//4882
f 4941//4875 4955//4889 4942//4873
f 4939//4382 4953//4885 4940//4380
f 4938//4386 4950//4397 4951//4890
f 4948//4888 4962//4891 4949//4879
f 4947//4881 4959//4892 4960//4893
f 4957//4882 4971//4894 4958//4883
f 4955//4889 4969//4895 4956//4884
f 4954//4886 4966//4896 4967//4897
f 4951//4890 4965//4408 4952//4887
f 4949//4879 4963//4409 4950//4397
f 4948//4888 4960//4893 4961//4898
f 4956//4884 4970//4899 4957//4882
f 4954//4886 4968//4900 4955//4889
f 4953//4885 4965//4408 4966//4896
f 4951//4890 4963//4409 4964//4901
f 4962//4891 4974//4902 4975//4903
f 4959//4892 4973//4904 4960//4893
f 4971//4894 4983//4416 4984//4905
f 4968//4900 4982//4906 4969//4895
f 4966//4896 4980//4907 4967//4897
f 4964//4901 4978//4908 4965//4408
f 4962//4891 4976//4909 4963//4409
f 4960//4893 4974//4902 4961//4898
f 4969//4895 4983//4416 4970//4899
f 4967//4897 4981//4910 4968//4900
f 4966//4896 4978//4908 4979//4420
f 4964//4901 4976//4909 4977//4911
f 4975//4903 4987//4912 4988//4913
f 4973//4904 4985//4914 4986//4915
f 4983//4416 4997//4916 4984//4905
f 4981//4910 4995//4917 4982//4906
f 4979//4420 4993//4918 4980//4907
f 4978//4908 4990//4919 4991//4920
f 4976//4909 4988//4913 4989//4921
f 4973//4904 4987//4912 4974//4902
f 4983//4416 4995//4917 4996//4922
f 4981//4910 4993//4918 4994//4923
f 4978//4908 4992//4924 4979//4420
f 4976//4909 4990//4919 4977//4911
f 4988//4913 5000//4925 5001//4439
f 4985//4914 4999//4441 4986//4915
f 4997//4916 5009//4926 5010//4927
f 4995//4917 5007//4928 5008//4929
f 4992//4924 5006//4930 4993//4918
f 4991//4920 5003//4931 5004//4932
f 4989//4921 5001//4439 5002//4933
f 4986//4915 5000//4925 4987//4912
f 4996//4922 5008//4929 5009//4926
f 4994//4923 5006//4930 5007//4928
f 4991//4920 5005//4934 4992//4924
f 4989//4921 5003//4931 4990//4919
f 5001//4439 5013//4935 5014//4936
f 4999//4441 5011//4937 5012//4938
f 5009//4926 5023//4939 5010//4927
f 5008//4929 5020//4940 5021//4941
f 5005//4934 5019//4942 5006//4930
f 5004//4932 5016//4943 5017//4944
f 5001//4439 5015//4945 5002//4933
f 4999//4441 5013//4935 5000//4925
f 5008//4929 5022//4946 5009//4926
f 5007//4928 5019//4942 5020//4940
f 5005//4934 5017//4944 5018//4947
f 5002//4933 5016//4943 5003//4931
f 4893//4464 4619//4617 4632//4618
f 4893//4464 4632//4618 4645//4622
f 4893//4464 4645//4622 4658//4633
f 4893//4464 4658//4633 4671//4114
f 4893//4464 4671//4114 4684//4653
f 4893//4464 4684//4653 4697//4666
f 4893//4464 4697//4666 4710//4678
f 4893//4464 4710//4678 4723//4690
f 4893//4464 4723//4690 4736//4701
f 4893//4464 4736//4701 4749//4189
f 4893//4464 4749//4189 4762//4723
f 4893//4464 4762//4723 4775//4733
f 4893//4464 4775//4733 4788//4742
f 4893//4464 4788//4742 4801//4753
f 4893//4464 4801//4753 4814//4763
f 4893//4464 4814//4763 4827//4777
f 4893//4464 4827//4777 4840//4784
f 4893//4464 4840//4784 4853//4795
f 4893//4464 4853//4795 4866//4803
f 4893//4464 4866//4803 4879//4816
f 4893//4464 4879//4816 4892//4825
f 4893//4464 4892//4825 4906//4838
f 4893//4464 4906//4838 4919//4849
f 4893//4464 4919//4849 4932//4862
f 4893//4464 4932//4862 4945//4872
f 4893//4464 4945//4872 4958//4883
f 4893//4464 4958//4883 4971//4894
f 4893//4464 4971//4894 4984//4905
f 4893//4464 4984//4905 4997//4916
f 4893//4464 4997//4916 5010//4927
f 4893//4464 5010//4927 5023//4939
f 5014//4936 4609//4605 4610//4614
f 5012//4938 4607//4615 4608//4616
f 5022//4946 4619//4617 5023//4939
f 5020//4940 4617//4071 5021//4941
f 5018//4947 4615//4597 5019//4942
f 5017//4944 4612//4600 4613//4602
f 5014//4936 4611//4603 5015//4945
f 5012//4938 4609//4605 5013//4935
f 4893//4464 5023//4939 4619//4617
f 5021//4941 4618//4607 5022//4946
f 5020//4940 4615//4597 4616//4611
f 5018//4947 4613//4602 4614//4612
f 5015//4945 4612//4600 5016//4943
f 4481//4476 5011//4937 4606//4580
f 5011//4937 4602//4577 4606//4580
f 4998//4948 4597//4572 4602//4577
f 4985//4914 4593//4570 4597//4572
f 4593//4570 4959//4892 4589//4565
f 4589//4565 4946//4949 4585//4562
f 4585//4562 4933//4880 4581//4558
f 4933//4880 4577//4555 4581//4558
f 4577//4555 4907//4848 4573//4552
f 4907//4848 4569//4549 4573//4552
f 4894//4950 4565//4544 4569//4549
f 4880//4824 4561//4542 4565//4544
f 4561//4542 4854//4802 4557//4538
f 4557//4538 4841//4951 4553//4535
f 4553//4535 4828//4793 4549//4532
f 4828//4793 4545//4529 4549//4532
f 4545//4529 4802//4761 4541//4525
f 4802//4761 4537//4522 4541//4525
f 4789//4952 4533//4517 4537//4522
f 4776//4741 4529//4514 4533//4517
f 4529//4514 4750//4721 4525//4509
f 4525//4509 4737//4953 4521//4506
f 4521//4506 4724//4711 4517//4503
f 4724//4711 4513//4500 4517//4503
f 4513//4500 4698//4676 4509//4496
f 4698//4676 4505//4493 4509//4496
f 4685//4471 4501//4489 4505//4493
f 4672//4651 4497//4487 4501//4489
f 4497//4487 4646//4631 4493//4482
f 4493//4482 4633//4954 4489//4479
f 4489//4479 4620//4619 4485//4475
f 4620//4619 4481//4476 4485//4475
f 4//1 3//223 2//2
f 8//4 7//2726 6//5
f 13//7 16//2228 15//8
f 17//10 28//2112 19//11
f 32//13 31//317 30//14
f 36//16 35//1785 34//17
f 37//19 40//1305 39//20
f 21//22 22//1250 23//23
f 25//25 26//2732 27//26
f 41//28 44//140 43//29
f 48//31 47//191 46//32
f 52//34 51//432 50//35
f 53//37 56//161 55//38
f 60//40 59//62 58//41
f 29//15 30//14 62//43
f 66//45 65//486 64//46
f 67//48 5//6 6//5
f 72//50 71//1955 70//51
f 76//53 75//2762 74//54
f 77//56 80//312 79//57
f 81//59 84//970 83//60
f 59//62 87//78 86//63
f 88//65 91//2877 90//66
f 96//68 95//387 94//69
f 100//71 99//1067 98//72
f 101//74 104//2810 103//75
f 106//77 105//111 34//17
f 108//79 116//109 115//80
f 117//82 119//194 36//16
f 124//84 127//99 126//85
f 131//87 130//1157 129//88
f 132//90 102//76 134//91
f 142//93 141//174 140//94
f 148//96 106//77 60//40
f 144//98 143//253 127//99
f 149//100 152//1441 151//101
f 156//103 155//357 154//104
f 159//106 150//102 158//107
f 116//109 108//79 164//110
f 171//112 170//179 169//113
f 174//115 126//85 173//116
f 179//118 182//255 181//119
f 186//121 189//319 188//122
f 194//124 197//1314 196//125
f 199//127 142//93 139//95
f 206//129 209//215 208//130
f 213//132 212//173 211//133
f 202//135 215//2820 214//136
f 96//68 93//70 216//138
f 92//139 238//180 43//29
f 97//73 184//374 246//141
f 250//142 249//165 229//143
f 252//145 254//244 58//41
f 258//147 257//1193 256//148
f 260//150 91//2877 229//143
f 110//152 111//3488 112//153
f 114//155 264//1147 263//156
f 265//158 268//1008 267//159
f 56//161 53//37 270//162
f 274//164 273//1163 249//165
f 185//166 183//211 63//47
f 280//167 279//1030 278//168
f 285//170 284//224 283//171
f 288//172 219//464 211//133
f 141//174 142//93 92//139
f 289//175 290//393 175//176
f 148//96 116//109 105//111
f 312//178 311//1436 170//179
f 238//180 262//335 42//30
f 318//181 163//213 160//182
f 310//184 309//1031 308//185
f 241//187 239//1191 325//188
f 160//182 230//314 240//190
f 47//191 48//31 307//186
f 108//79 109//157 315//192
f 345//193 85//64 86//63
f 348//195 351//246 350//196
f 356//198 359//260 358//199
f 355//201 354//1346 353//202
f 363//204 31//317 32//13
f 364//206 252//145 253//146
f 366//208 125//86 368//209
f 183//211 372//1217 371//212
f 163//213 162//2842 161//214
f 209//215 226//1051 101//74
f 378//216 377//474 165//217
f 379//219 295//1840 381//220
f 383//222 382//1281 3//223
f 284//224 285//170 386//225
f 387//227 127//99 389//228
f 391//230 259//151 229//143
f 73//55 281//282 397//231
f 405//233 408//248 407//234
f 203//236 218//1212 411//237
f 414//239 121//2834 413//240
f 1//3 356//198 357//200
f 277//242 276//169 131//87
f 254//244 344//1005 57//42
f 358//199 384//1463 415//245
f 417//247 416//336 386//225
f 401//249 400//386 192//250
f 419//252 389//228 127//99
f 421//254 181//119 182//255
f 103//75 301//438 302//257
f 428//259 367//210 368//209
f 380//221 390//290 359//260
f 62//43 204//1809 266//160
f 140//94 141//174 431//262
f 357//200 358//199 351//246
f 356//198 1//3 379//219
f 415//245 392//1289 403//264
f 437//266 428//259 436//267
f 438//269 441//2805 440//270
f 188//122 451//320 450//272
f 265//158 455//469 181//119
f 224//277 185//166 64//46
f 237//279 212//173 213//132
f 275//243 131//87 128//89
f 281//282 282//286 460//283
f 50//35 462//1094 79//57
f 73//55 74//54 282//286
f 468//287 467//410 466//288
f 390//290 355//201 352//203
f 482//291 485//1641 484//292
f 489//294 488//414 487//295
f 493//297 496//402 495//298
f 472//300 471//1426 470//301
f 502//303 501//456 500//304
f 220//306 221//2566 222//307
f 512//309 419//252 143//253
f 518//310 517//1897 511//311
f 513//313 239//1191 230//314
f 205//316 30//14 31//317
f 189//319 370//434 451//320
f 163//213 318//181 532//321
f 533//322 224//277 225//278
f 446//324 448//1848 447//325
f 335//326 541//382 540//327
f 544//329 512//309 546//330
f 329//332 519//475 291//333
f 199//127 534//1141 262//335
f 385//226 386//225 416//336
f 532//321 190//1168 191//338
f 363//204 117//82 118//83
f 578//342 581//383 580//343
f 573//345 572//1416 571//346
f 561//348 563//968 562//349
f 241//187 260//150 259//151
f 590//351 593//2023 592//352
f 545//331 546//330 595//354
f 503//356 154//104 155//357
f 606//359 625//1940 624//360
f 478//362 481//404 480//363
f 646//365 649//1935 648//366
f 590//351 591//353 689//368
f 564//370 565//1310 651//371
f 728//373 246//141 184//374
f 714//376 724//2057 716//377
f 692//379 574//391 575//380
f 541//382 335//326 581//383
f 346//384 68//49 248//385
f 161//214 231//1059 230//314
f 128//89 129//88 94//69
f 698//388 705//2159 704//389
f 574//391 577//3098 576//392
f 290//393 289//175 401//249
f 630//395 631//1316 725//396
f 733//398 736//2821 735//399
f 755//401 466//288 496//402
f 759//403 480//363 481//404
f 757//406 763//2211 762//407
f 764//409 496//402 466//288
f 768//411 767//1656 3808//412
f 759//403 760//405 488//414
f 492//415 474//418 475//416
f 474//418 770//1901 769//419
f 773//421 468//287 465//289
f 771//417 774//425 486//296
f 484//292 485//1641 775//423
f 774//425 776//1419 489//294
f 495//298 496//402 764//409
f 495//298 757//406 761//408
f 137//427 397//231 784//428
f 325//188 239//1191 797//430
f 165//217 519//475 51//432
f 369//433 32//13 29//15
f 730//435 731//1875 568//436
f 90//66 302//257 301//438
f 243//340 118//83 516//439
f 800//441 734//400 806//442
f 817//444 815//451 808//445
f 816//446 808//445 823//447
f 306//449 303//1201 447//325
f 815//451 810//515 809//452
f 829//453 830//472 828//454
f 726//397 725//396 501//456
f 274//164 427//280 424//457
f 879//459 882//1252 881//460
f 884//462 883//1843 879//459
f 219//464 218//1212 217//465
f 906//466 905//673 904//467
f 455//469 204//1809 205//316
f 898//471 882//1252 830//472
f 903//473 900//484 880//461
f 377//474 291//333 519//475
f 923//476 949//553 948//477
f 946//478 947//488 951//479
f 3519//481 740//1934 739//482
f 900//484 899//2835 886//485
f 225//278 64//46 65//486
f 182//255 445//1129 442//487
f 809//452 952//1297 947//488
f 954//490 960//3490 962//491
f 927//493 950//480 965//494
f 885//463 879//459 880//461
f 925//496 927//493 966//495
f 343//498 342//1502 341//499
f 965//494 964//1798 971//501
f 968//502 971//501 970//503
f 972//505 968//502 969//504
f 963//507 961//492 981//508
f 336//510 337//3446 338//511
f 992//513 993//1797 827//514
f 810//515 815//451 996//516
f 1007//518 1001//1986 1002//519
f 1012//521 826//678 827//514
f 1011//523 1009//522 1007//518
f 294//524 293//1088 292//334
f 907//525 908//716 920//526
f 1017//528 579//344 1019//529
f 1020//531 1023//593 1022//532
f 1035//534 1024//614 1020//531
f 1061//536 1060//608 1047//537
f 1063//539 1061//536 1046//538
f 1044//535 1020//531 1021//533
f 1102//542 1094//552 1097//543
f 1116//545 1126//561 1118//546
f 1016//548 1015//616 1014//549
f 881//460 897//468 904//467
f 816//446 1116//545 1127//551
f 1094//552 948//477 949//553
f 514//554 342//1502 167//555
f 146//557 145//1011 81//59
f 1133//558 1135//2261 1130//559
f 1102//542 1133//558 1126//561
f 822//448 1126//561 1116//545
f 1145//562 1143//1862 1148//563
f 1076//565 1144//578 1151//566
f 1148//563 1143//1862 1086//568
f 1109//544 1097//543 1114//570
f 1154//571 1153//574 1156//572
f 1153//574 925//496 967//497
f 3464//575 3497//1438 463//576
f 1144//578 1147//586 1152//579
f 1156//572 967//497 1163//580
f 1164//582 1162//581 1169//583
f 1145//562 1171//587 1176//585
f 1114//570 1115//1585 1154//571
f 1183//588 1155//573 1164//582
f 1184//590 1183//588 1177//589
f 1069//567 1151//566 1062//540
f 1023//593 1191//597 1194//594
f 1162//581 1163//580 1170//595
f 1195//596 1184//590 1185//591
f 1183//588 1196//599 1176//585
f 1201//598 1063//539 1152//579
f 1061//536 1063//539 1201//598
f 3825//601 847//624 843//602
f 1203//604 1202//600 1195//596
f 1202//600 1201//598 1184//590
f 1218//606 1060//608 1203//604
f 1060//608 1061//536 1202//600
f 1225//609 1218//606 1217//607
f 671//611 695//2132 694//612
f 1219//610 1217//607 1024//614
f 1217//607 1203//604 1034//605
f 1226//615 1014//549 1015//616
f 1243//618 1242//650 1234//619
f 1231//621 1230//3926 1229//622
f 847//624 1243//618 1233//620
f 843//602 1233//620 1244//625
f 1233//620 1234//619 1245//627
f 1923//628 3761//2110 233//629
f 2100//630 2108//3916 499//305
f 3914//631 3864//2180 2135//632
f 61//44 62//43 323//261
f 210//134 211//133 217//465
f 1299//636 1310//646 1309//637
f 3863//639 1230//3926 1231//621
f 1066//641 1047//537 1321//642
f 1322//643 1321//642 1228//623
f 1060//608 1218//606 1321//642
f 1325//644 1324//1924 1323//645
f 1244//625 1245//627 1332//647
f 1290//649 1234//619 1242//650
f 1337//652 1330//648 1339//653
f 1330//648 1332//647 1340//655
f 1341//656 1332//647 1245//627
f 1342//658 1340//655 1332//647
f 1343//659 1342//658 1341//656
f 1344//660 1341//656 1294//657
f 3857//662 3856//666 1345//663
f 1347//665 1348//669 1342//658
f 3856//666 3854//1793 1295//667
f 1349//668 1350//704 1348//669
f 3861//670 1349//668 1347//665
f 3853//671 1347//665 1343//659
f 906//466 898//471 829//453
f 905//673 906//466 1353//672
f 865//675 1356//679 1355//676
f 1355//676 1353//672 829//453
f 1357//677 1355//676 825//455
f 1356//679 1354//674 1353//672
f 3834//680 1337//652 1338//654
f 866//682 1358//683 1356//679
f 1358//683 1359//706 1354//674
f 3828//684 878//626 1337//652
f 838//685 1362//2226 1012//521
f 1363//687 1364//2125 1338//654
f 1368//688 1363//687 1339//653
f 1348//669 1368//688 1340//655
f 1371//689 1369//699 3824//690
f 524//692 525//1846 526//693
f 528//695 529//2725 530//696
f 1372//698 1370//705 1369//699
f 535//700 536//2750 537//701
f 1367//703 1368//688 1348//669
f 1370//705 1354//674 1359//706
f 1369//699 1359//706 3833//681
f 1373//707 910//712 903//473
f 555//708 556//1166 557//709
f 1374//711 909//1139 910//712
f 1373//707 904//467 905//673
f 1374//711 1373//707 1375//713
f 1375//713 905//673 1354//674
f 1378//715 920//526 908//716
f 376//718 373//2850 651//371
f 1388//720 928//2032 973//506
f 586//721 587//1197 588//722
f 1390//724 1389//2037 1388//720
f 1391//725 1388//720 969//504
f 597//726 598//2341 599//727
f 600//729 601//966 602//730
f 1392//732 1391//725 970//503
f 608//734 609//770 610//735
f 612//737 524//692 523//694
f 614//739 615//1156 616//740
f 617//742 618//2279 25//25
f 620//743 621//1309 622//744
f 1397//746 1390//724 1391//725
f 1398//747 1397//746 1392//732
f 1400//749 987//1613 920//526
f 1402//750 1403//760 1165//584
f 636//751 637//2749 638//752
f 930//754 1404//759 1402//750
f 641//756 642//2787 643//757
f 929//755 1402//750 1169//583
f 1404//759 1405//844 1403//760
f 1411//761 1366//2126 1365//762
f 1412//764 1406//763 1415//765
f 652//767 653//869 654//768
f 609//770 656//1206 657//771
f 659//773 660//2839 661//774
f 558//710 663//1020 586//721
f 665//776 666//2278 667//777
f 1413//779 1411//761 1406//763
f 1418//780 1416//784 3810//781
f 1417//783 1372//698 1371//689
f 1416//784 1371//689 3829//691
f 1419//785 1417//783 1416//784
f 1386//786 909//1139 1374//711
f 677//788 678//3197 679//789
f 1385//791 1386//786 1420//787
f 1420//787 1374//711 1376//714
f 685//794 686//856 687//795
f 1421//792 1420//787 1422//793
f 528//695 690//905 691//798
f 1422//793 1376//714 1372//698
f 1018//530 1019//529 747//799
f 699//801 700//808 701//802
f 1424//804 578//342 579//344
f 3663//805 1597//1397 1767//806
f 700//808 699//801 711//809
f 1093//811 3746//3906 3754//812
f 717//814 718//1948 530//696
f 721//816 722//2722 723//817
f 704//389 1650//2184 3543//819
f 19//11 1429//823 1426//821
f 1429//823 1428//2168 1427//824
f 1658//825 1659//1576 3542//826
f 1439//828 1437//831 1434//829
f 1437//831 1436//963 1435//832
f 1426//821 1427//824 1433//833
f 1442//835 1431//1886 1432//834
f 742//837 743//1237 744//838
f 1432//834 1433//833 1441//840
f 751//841 752//2816 753//842
f 1438//830 1434//829 1403//760
f 1446//845 1445//851 1444//846
f 1447//848 1448//852 1446//845
f 3860//849 1447//848 1443//847
f 1415//765 1367//703 1445//851
f 1414//766 1415//765 1446//845
f 2173//853 1683//1805 469//302
f 777//854 778//1333 779//855
f 780//857 781//2875 782//858
f 1676//860 1693//1016 1806//861
f 3859//863 1451//1244 1349//668
f 789//864 790//1110 791//865
f 745//839 792//1871 793//867
f 652//767 794//1124 795//868
f 1455//870 1458//1976 1457//871
f 1454//873 1367//703 1350//704
f 610//735 691//798 802//875
f 3831//877 3816//3657 698//388
f 1352//878 1044//535 1045//541
f 1015//616 1016//548 1459//880
f 811//882 812//1230 813//883
f 2118//885 3815//1967 3817//886
f 819//888 820//1811 821//889
f 1466//891 1463//3857 1194//594
f 1467//893 1468//896 1465//894
f 1182//895 1165//584 1468//896
f 832//897 812//1230 833//898
f 835//900 836//2798 837//901
f 1467//893 1466//891 1190//892
f 1469//903 1470//3915 1444//846
f 840//904 700//808 712//810
f 1453//906 1470//3915 1469//903
f 599//727 844//1245 845//907
f 1226//615 1450//2169 3849//909
f 851//911 852//1137 853//912
f 855//914 744//838 856//915
f 858//917 859//1412 860//918
f 861//920 862//2827 863//921
f 1014//549 1226//615 3855//910
f 867//924 676//790 868//925
f 870//927 871//2778 872//928
f 874//930 875//1035 876//931
f 1310//646 1323//645 1471//933
f 1476//934 1433//833 1427//824
f 1461//936 1476//934 1475//935
f 887//937 888//1919 889//938
f 788//866 791//865 892//940
f 894//942 895//961 896//943
f 1460//881 1475//935 1227//617
f 901//945 902//1845 524//692
f 1465//894 1478//964 1477//946
f 1865//948 3503//2193 3500//949
f 911//951 912//2728 913//952
f 916//954 917//1106 918//955
f 1850//957 3505//987 3507//958
f 921//960 922//2351 895//961
f 1479//962 1435//832 1436//963
f 926//965 664//778 667//777
f 1481//967 562//349 563//968
f 269//163 1483//1043 84//970
f 931//972 932//1300 933//973
f 934//974 935//1045 614//739
f 936//975 685//794 688//796
f 938//977 659//773 662//775
f 1484//979 270//162 122//980
f 941//982 942//1102 835//900
f 320//983 321//1830 509//984
f 1849//986 3510//3901 3505//987
f 84//970 1483//1043 1484//979
f 1487//988 1490//1027 1488//989
f 1757//991 1758//3860 3502//992
f 365//207 1492//1004 1491//994
f 461//285 79//57 80//312
f 117//82 363//204 362//205
f 1494//996 540//327 541//382
f 926//965 601//966 957//998
f 1477//946 1441//840 1433//833
f 1709//1000 1588//1526 1585//1001
f 119//194 117//82 1496//995
f 271//1003 1497//1778 504//358
f 511//311 517//1897 189//319
f 345//193 1496//995 1492//1004
f 57//42 344//1005 299//1006
f 1501//1007 1499//1010 268//1008
f 267//159 268//1008 1499//1010
f 974//1012 975//2766 976//1013
f 1678//1015 1652//1508 1693//1016
f 3846//1017 1682//1806 1807//1018
f 557//709 982//1167 663//1020
f 983//1021 941//982 984//1022
f 1443//847 1444//846 3849//909
f 421//254 1500//1009 268//1008
f 989//1024 990//2760 991//1025
f 1490//1027 1487//988 418//1028
f 279//1030 280//167 309//1031
f 997//1032 868//925 676//790
f 998//1033 26//2732 999//1034
f 1504//1029 418//1028 38//21
f 1506//1037 1508//1041 1507//1038
f 360//1040 361//1408 1508//1041
f 1506//1037 1486//1039 207//131
f 939//978 1005//1081 1006//1042
f 270//162 1484//979 1483//1043
f 66//45 63//47 546//330
f 1010//1044 742//837 793//867
f 367//210 428//259 437//266
f 244//318 31//317 363//204
f 1670//1047 3532//1639 3534//1048
f 209//215 206//129 1510//1050
f 388//229 389//228 426//1056
f 427//280 274//164 250//142
f 161//214 520//1430 521//1058
f 100//71 246//141 45//33
f 1025//1060 1026//1232 608//734
f 1029//1062 1030//1225 1031//1063
f 939//978 662//775 1033//1065
f 41//28 42//30 594//355
f 1036//1068 780//857 783//859
f 702//803 701//802 1038//1070
f 1040//1072 1041//1155 1042//1073
f 362//205 32//13 369//433
f 187//123 1520//1358 477//1076
f 70//51 1487//988 539//990
f 1049//1078 600//729 603//731
f 613//741 867//924 869//926
f 860//918 1050//2740 1051//1080
f 1005//1081 1052//2818 1053//1082
f 753//842 1055//1087 1056//1083
f 1057//1085 1058//2752 1059//1086
f 293//1088 288//172 1522//1089
f 288//172 212//173 1521//1077
f 292//334 1522//1089 1523//1090
f 331//1091 1507//1038 1508//1041
f 306//449 452//274 453//276
f 100//71 44//140 41//28
f 462//1094 1524//1092 78//58
f 330//1095 331//1091 1524//1092
f 635//753 1067//1423 1068//1096
f 1485//1097 1527//1833 1526//1098
f 206//129 1485//1097 1528//1099
f 1070//1100 1071//1255 1072//1101
f 942//1102 941//982 1073//1103
f 916//954 933//973 1075//1105
f 440//270 1529//1109 1530//1107
f 157//108 158//107 1514//1108
f 1529//1109 162//2842 5//6
f 371//212 595//354 546//330
f 790//1110 586//721 663//1020
f 1077//1111 858//917 857//919
f 1403//760 1434//829 1435//832
f 1080//1113 1081//2783 1082//1114
f 531//1116 520//1430 1529//1109
f 21//22 1083//1249 1084//1117
f 272//350 1532//1367 1531//1119
f 690//905 712//810 802//875
f 335//326 3571//3878 3567//1120
f 1090//1121 1030//1225 1029//1062
f 1092//1123 795//868 794//1124
f 1533//1125 396//232 137//427
f 661//774 660//2839 1095//1127
f 69//52 444//2847 445//1129
f 1099//1130 1100//2789 1101//1131
f 38//21 39//20 1536//1133
f 1104//1134 1105//2753 1106//1135
f 852//1137 1107//1323 1108//1138
f 1377//717 908//716 909//1139
f 291//333 377//474 411//237
f 316//1140 1536//1133 516//439
f 539//990 1488//989 1533//1125
f 1505//1036 1536//1133 316//1140
f 1110//1143 1111//2862 1112//1144
f 1539//1146 1537//1149 460//283
f 522//1148 441//2805 1537//1149
f 834//902 837//901 1120//1150
f 1122//1152 1123//3251 1124//1153
f 612//737 1125//1812 1041//1155
f 935//1045 793//867 615//1156
f 276//169 278//168 130//1157
f 1686//1158 3549//1590 3522//1159
f 193//1161 190//1168 1541//1162
f 231//1059 521//1058 1540//1164
f 556//1166 1037//1069 982//1167
f 365//207 253//146 85//64
f 190//1168 532//321 318//181
f 1810//1169 765//2091 3574//1170
f 3924//1172 1867//1709 3512//1173
f 1132//1175 983//1021 985//1023
f 208//130 101//74 102//76
f 1134//1177 1033//1065 662//775
f 1491//994 518//310 80//312
f 429//1178 133//92 1542//1179
f 1137//1180 1138//2830 915//956
f 172//117 436//267 428//259
f 1139//1181 1140//2786 1141//1182
f 549//1184 96//68 54//39
f 1517//1185 1519//1253 1518//1186
f 834//902 1119//1151 984//1022
f 1543//1189 513//313 286//315
f 1544//1190 797//430 239//1191
f 133//92 134//91 1544//1190
f 506//1192 361//1408 257//1193
f 420//251 327//1304 328//394
f 1158//1194 1159//1880 1160//1195
f 587//1197 1104//1134 1103//1136
f 607//736 1161//1240 1027//1061
f 304//1199 1546//2225 1545//1200
f 364//206 1491//994 77//56
f 69//52 70//51 198//128
f 700//808 840//904 1112//1144
f 3877//1202 626//1496 3525//1203
f 1166//1205 719//815 657//771
f 1167//1207 1168//2858 858//917
f 1300//638 3523//3898 3524//1208
f 1172//1209 1173//2770 1174//1210
f 218//1212 203//236 200//1213
f 1179//1214 1180//2849 1181//1215
f 372//1217 183//211 97//73
f 89//67 104//2810 227//1218
f 1186//1219 1187//1278 1188//1220
f 172//117 173//116 1517//1185
f 1482//971 84//970 81//59
f 1090//1121 1192//1922 1193//1224
f 394//1226 395//1284 353//202
f 526//693 525//1846 1198//1228
f 1199//1231 1200//2736 1026//1232
f 606//359 623//361 697//1233
f 1204//1235 1205//1332 1206//1236
f 1207//1238 1208//2819 523//694
f 1209//1239 1210//2836 867//924
f 914//953 913//952 685//794
f 1478//964 1436//963 1441//840
f 1029//1062 1028//1064 1161//1240
f 1211//1241 1212//1791 1213//1242
f 3858//923 1453//906 1451//1244
f 844//1245 1215//1887 1216//1246
f 423//458 193//1161 273//1163
f 1220//1247 1221//1259 1222//1248
f 22//1250 1223//1344 1224//1251
f 882//1252 898//471 897//468
f 1519//1253 1517//1185 173//116
f 1189//1221 1188//1220 1232//1254
f 349//197 350//196 550//337
f 1071//1255 1235//1979 1236//1256
f 1237//1257 1238//2765 1239//1258
f 1221//1259 1186//1219 1189//1221
f 1510//1050 1528//1099 1512//1053
f 939//978 1032//1066 1241//1262
f 1556//1263 1530//1107 5//6
f 1553//1264 1554//1795 394//1226
f 404//1265 1556//1263 67//48
f 1247//1267 1248//2846 1249//1268
f 142//93 199//127 238//180
f 1251//1270 1067//1423 635//753
f 850//913 1252//2796 1253//1272
f 1254//1273 1167//1207 1077//1111
f 57//42 132//90 133//92
f 443//1275 430//263 552//1276
f 1187//1278 1172//1209 1175//1211
f 1256//1279 1070//1100 831//899
f 432//1280 405//233 382//1281
f 741//1282 748//1906 747//799
f 434//265 350//196 351//246
f 349//197 432//1280 383//222
f 251//323 124//84 1481//967
f 395//1284 384//1463 352//203
f 1518//1186 1519//1253 1550//1285
f 1558//1286 410//238 378//216
f 109//157 263//156 314//1287
f 285//170 1514//1108 1513//1198
f 395//1284 394//1226 393//1288
f 202//135 203//236 410//238
f 417//247 408//248 405//233
f 1246//1269 1257//1351 1258//1290
f 3//223 1559//1330 297//1291
f 1259//1292 1260//2866 1261//1293
f 403//264 404//1265 347//1266
f 955//1295 954//490 953//1296
f 462//1094 50//35 51//432
f 1096//1128 1095//1127 687//795
f 429//1178 147//97 60//40
f 896//943 1264//1910 1265//1299
f 1267//1301 721//816 1268//1302
f 423//458 424//457 327//1304
f 37//19 179//118 180//120
f 20//24 23//23 1187//1278
f 1256//1279 1168//2858 1071//1255
f 1188//1220 1175//1211 1269//1306
f 1236//1256 1270//1980 1271//1307
f 1272//1308 536//2750 535//700
f 565//1310 564//370 463//576
f 1273//1312 792//1871 745//839
f 876//931 1254//1273 1255//1274
f 316//1140 33//18 164//110
f 437//266 1516//1966 503//356
f 194//124 1494//996 1495//997
f 1275//1315 1276//1376 864//922
f 624//360 625//1940 631//1316
f 1277//1317 1274//1313 1137//1180
f 569//437 568//436 567//1319
f 1481//967 124//84 125//86
f 324//189 325//188 547//431
f 1279//1322 1108//1138 1107//1323
f 1525//1325 332//3220 329//332
f 1281//1326 1278//1318 1137//1180
f 171//112 168//114 1553//1264
f 1488//989 73//55 396//232
f 1557//1328 1561//1521 1562//1329
f 1282//1331 856//915 1206//1236
f 1053//1082 1277//1317 1278//1318
f 778//1333 777//854 607//736
f 713//1335 583//1384 3566//1336
f 251//323 225//278 144//98
f 4//1 357//200 348//195
f 709//1338 708//2182 707//1339
f 728//373 48//31 45//33
f 261//1341 135//1847 1563//1342
f 789//864 1286//2354 1287//1343
f 74//54 314//1287 263//156
f 403//264 284//224 385//226
f 1178//1216 1181//1215 1240//1260
f 1223//1344 1259//1292 1289//1345
f 1220//1247 20//24 1186//1219
f 296//1187 1518//1186 354//1346
f 784//428 459//284 1538//1348
f 1181//1215 1180//2849 1291//1350
f 1269//1306 1292//2860 1257//1351
f 1566//1349 1538//1348 438//269
f 136//429 784//428 1566//1349
f 1563//1342 1564//1353 169//113
f 107//81 114//155 109//157
f 1297//1355 1282//1331 1298//1356
f 1464//947 1477//946 1476//934
f 1520//1358 187//123 507//1359
f 1301//1361 1302//2795 1303//1362
f 1306//1364 1307//2353 1308//1365
f 175//176 456//2822 1532//1367
f 1532//1367 456//2822 200//1213
f 1311//1368 1266//1303 1312//1369
f 872//928 1314//2859 1315//1371
f 3836//603 843//602 878//626
f 1305//1366 1308//1365 864//922
f 1040//1072 1275//1315 863//921
f 1564//1353 1566//1349 399//1352
f 592//352 1576//2019 1575//1378
f 591//353 1575//1378 1088//1379
f 1581//1380 1584//1631 1583//1381
f 1196//599 1152//579 1147//586
f 710//1383 582//1461 583//1384
f 285//170 407//234 408//248
f 953//1296 954//490 961//492
f 1594//1385 1592//1390 1589//1386
f 1585//1001 1588//1526 1587//1388
f 1592//1390 1591//1548 1590//1391
f 3885//1392 945//1944 944//1393
f 1600//1395 1599//1525 1598//1396
f 1604//1398 1603//3138 1602//1399
f 1399//748 1392//732 979//733
f 1589//1386 1590//1391 1596//1402
f 1610//1404 1609//1963 1608//1405
f 298//1407 257//1193 361//1408
f 551//1277 552//1276 276//169
f 1627//1409 1626//1487 3814//1410
f 859//1412 811//882 818//890
f 1078//1112 857//919 1328//1413
f 1555//1415 439//271 1530//1107
f 572//1416 573//345 680//1417
f 772//422 465//289 776//1419
f 977//1014 1281//1326 918//955
f 404//1265 403//264 392//1289
f 1054//1084 1331//2759 750//843
f 1644//1420 1645//1985 1643//1421
f 932//1300 1265//1299 1082//1114
f 1067//1423 1333//2808 1334//1424
f 1540//1164 1539//1146 264//1147
f 597//726 1335//1537 643//757
f 471//1426 761//408 762//407
f 1642//1422 696//1234 3831//877
f 1644//1420 1642//1422 3842//1427
f 923//476 946//478 950//480
f 96//68 549//1184 548//1429
f 520//1430 531//1116 522//1148
f 445//1129 444//2847 443//1275
f 849//1431 839//3656 848//1432
f 480//363 759//403 755//401
f 1646//1434 760//405 481//404
f 311//1436 426//1056 1567//1437
f 464//1311 463//576 3497//1438
f 3497//1438 1360//2001 1361//1440
f 234//1055 237//279 236//341
f 190//1168 193//1161 192//250
f 153//105 154//104 152//1441
f 231//1059 287//1165 286//315
f 1552//1327 1553//1264 1551//1227
f 760//405 1646//1434 1648//1442
f 3832//1443 1647//1964 1649//1444
f 828//454 827//514 826//678
f 52//34 167//555 166//218
f 1663//1446 1662//1674 1661//1447
f 287//1165 107//81 115//80
f 668//1449 671//611 670//613
f 634//1451 645//1725 640//1452
f 553//1454 560//2229 559//1455
f 118//83 36//16 33//18
f 492//415 484//292 491//424
f 3552//1458 1652//1508 1651//1459
f 582//1461 589//1849 584//1462
f 384//1463 395//1284 392//1289
f 1381//1464 1382//2307 1383//1465
f 1562//1329 1561//1521 435//268
f 952//1297 953//1296 951//479
f 3529//1467 3566//1336 583//1384
f 1660//1448 1661//1447 1667//1468
f 1394//1470 1395//1722 1396//1471
f 1660//1448 1665//1569 1664//1473
f 1671//1474 1670//1047 1669//1049
f 1624//1476 1625//1485 1673//1477
f 1407//1479 1408//2312 1409//1480
f 1677//1482 1676//860 1675//862
f 1613//1484 1679//1486 1677//1482
f 1679//1486 1678//1015 1676//860
f 1626//1487 1681//1804 3811//1488
f 534//1141 199//127 198//128
f 803//1489 733//398 734//400
f 400//386 248//385 191//338
f 65//486 66//45 143//253
f 3526//1490 1657//1917 1656//1491
f 402//1493 159//106 157//108
f 629//1494 628//2154 627//1495
f 461//285 477//1076 49//36
f 758//1497 757//406 495//298
f 796//1498 787//1780 786//1499
f 406//235 407//234 1513//1198
f 342//1502 343//498 166//218
f 1694//1503 1659//1576 1658//825
f 1692//1505 1687//3503 1694//1503
f 3557//1507 1693//1016 1652//1508
f 3921//1509 1704//1530 1703//1510
f 326//1321 547//431 302//257
f 3916//1512 3921//1509 1702//1513
f 3919//1515 3918//1520 1698//1516
f 1699//1518 1691//3908 3927//1519
f 1557//1328 406//235 1560//1501
f 1127//551 1116//545 1117//547
f 400//386 401//249 289//175
f 1706//1514 1702//1513 1707//1523
f 1707//1523 1702//1513 1599//1525
f 1709//1000 1706//1514 1708//1524
f 1714//1527 1712//1553 1711//1528
f 3919//1515 3915//1788 1709//1000
f 1704//1530 1711//1528 1577//1531
f 1716//1532 1714//1527 1713//1529
f 1559//1330 1562//1329 1549//1222
f 1722//1534 1721//1557 1720//1535
f 1335//1537 597//726 596//728
f 410//238 411//237 377//474
f 973//506 1170//595 1163//580
f 168//114 169//113 399//1352
f 1571//813 682//1542 1089//1540
f 1572//1541 681//1418 682//1542
f 749//1543 646//365 647//367
f 1730//1545 1724//1554 1723//1546
f 1594//1385 1582//1382 1729//1547
f 1729//1547 1723//1546 1591//1548
f 1384//1550 1378//715 1377//717
f 1732//1552 1731//1549 1712//1553
f 1724//1554 1730//1545 1731//1549
f 1722//1534 1724//1554 1732//1552
f 1721//1557 1722//1534 1733//1556
f 1734//1558 1733//1556 1716//1532
f 1735//1560 1737//1568 1736//1561
f 1733//1556 1732//1552 1714//1527
f 1663//1446 1664//1473 1741//1563
f 1742//1564 1665//1569 1740//1565
f 1738//1567 1739//1582 1737//1568
f 1665//1569 1660//1448 1666//1469
f 1665//1569 1742//1564 1744//1570
f 1725//1571 1726//1583 1746//1572
f 1591//1548 1725//1571 1745//1573
f 1590//1391 1745//1573 1747//1574
f 1745//1573 1746//1572 1748//1575
f 1659//1576 1688//3924 3538//1577
f 3287//1578 1760//2207 3545//1579
f 1185//591 1177//589 1182//895
f 1664//1473 1744//1570 1749//1581
f 1741//1563 1749//1581 1739//1582
f 1746//1572 1742//1564 1743//1566
f 1726//1583 1744//1570 1742//1564
f 1115//1585 924//1584 1153//574
f 1654//1586 3546//3887 3575//1587
f 1896//1589 3562//1933 3549//1590
f 1720//1535 1749//1581 1744//1570
f 1721//1557 1739//1582 1749//1581
f 1750//1591 1718//1841 1701//1517
f 1697//1562 1736//1561 1750//1591
f 1151//566 1152//579 1063//539
f 1751//1592 1752//1593 1670//1047
f 1695//1504 1658//825 1752//1593
f 961//492 962//491 986//1594
f 1770//1595 1769//1619 1768//1596
f 1766//1597 1594//1385 1593//1387
f 1731//1549 1759//3883 1579//1599
f 1579//1599 1777//1607 1774//1600
f 3928//1602 1772//1612 1771//1603
f 1764//1605 1772//1612 3928//1602
f 1777//1607 1776//1630 1775//1608
f 3762//1609 3763//2780 1699//1518
f 1004//1610 1127//551 1128//1522
f 1774//1600 1775//1608 1771//1603
f 987//1613 1400//749 1399//748
f 1578//1601 1774//1600 1772//1612
f 1783//1614 1782//1696 1781//1615
f 1597//1397 1598//1396 1770//1595
f 639//1453 1878//1731 3895//1617
f 3928//1602 3929//1604 1769//1619
f 1793//1620 1792//2099 1789//1621
f 3929//1604 3920//1632 1798//1623
f 3508//1624 3516//3921 3773//1625
f 1802//1626 1867//1709 3924//1172
f 1788//1622 1790//1678 1794//1628
f 1793//1620 1794//1628 1795//1629
f 3773//1625 3772//1648 1675//862
f 1584//1631 1581//1380 1783//1614
f 1771//1603 1797//1636 3920//1632
f 1801//1633 1799//1635 1798//1623
f 1768//1596 1769//1619 1798//1623
f 1775//1608 1796//1637 1797//1636
f 508//1360 514//554 515//556
f 1796//1637 1803//1708 1802//1626
f 1800//1634 1798//1623 3920//1632
f 1794//1628 1805//1673 1804//1638
f 3532//1639 1670//1047 1752//1593
f 485//1641 1808//1645 1807//1018
f 3809//413 3844//2092 1640//1642
f 3837//1643 3844//2092 1810//1169
f 485//1641 482//291 1640//1642
f 1690//1646 1691//3908 3770//1647
f 487//295 488//414 1648//1442
f 3839//1650 1813//3869 1816//1651
f 3838//1653 1811//1649 1648//1442
f 3839//1650 1812//1654 1811//1649
f 1812//1654 1809//1660 487//295
f 1641//1655 1809//1660 767//1656
f 465//289 466//288 755//401
f 767//1656 1815//1661 3823//1657
f 3822//1652 1816//1651 3826//1658
f 1809//1660 1812//1654 1815//1661
f 3837//1643 1653//1644 1651//1459
f 675//1662 672//3184 3541//1663
f 1814//1665 1649//1444 1822//1666
f 1821//1667 1822//1666 3821//1668
f 1824//1670 1822//1666 1649//1444
f 1827//1672 1849//986 1850//957
f 1668//1475 1669//1049 1662//1674
f 1779//1675 1780//1747 1848//1676
f 1790//1678 1827//1672 1805//1673
f 1833//1679 1836//3182 1853//1680
f 3521//1682 3506//1735 693//381
f 1614//1683 1615//1721 1616//1684
f 1852//1681 1853//1680 3498//1686
f 1620//1688 1621//2326 1622//1689
f 1855//1691 1765//1598 1574//1692
f 1847//1694 1852//1681 3501//1687
f 1766//1597 1765//1598 1855//1691
f 1629//1697 1630//2311 1631//1698
f 1633//1700 1622//1689 1634//1701
f 1635//1703 1636//2331 1637//1704
f 1848//1676 1833//1679 1852//1681
f 1855//1691 1861//1693 1863//1706
f 1803//1708 1866//3859 1867//1709
f 1862//1707 1863//1706 1831//1710
f 1782//1696 1855//1691 1862//1707
f 3922//1627 3924//1172 1865//948
f 1873//1712 1872//2117 1870//1713
f 1874//1715 1869//1714 799//1716
f 2045//1718 3878//1937 3897//1719
f 1219//610 1345//663 1295//667
f 1615//1721 1614//1683 1396//1471
f 3884//1618 3895//1617 1877//1723
f 645//1725 3898//2757 3786//1726
f 1345//663 1219//610 1035//534
f 634//1451 639//1453 3884//1618
f 15//8 1887//3465 1327//1729
f 3910//1730 3895//1617 1878//1731
f 1894//1733 604//1850 605//1734
f 3506//1735 3551//1899 627//1495
f 3560//1736 640//1452 645//1725
f 340//500 341//499 454//275
f 1897//1737 194//124 195//126
f 1889//1739 1882//1920 1877//1723
f 1901//1741 94//69 129//88
f 196//125 749//1543 754//1544
f 1705//1744 1704//1530 3921//1509
f 340//500 378//216 166//218
f 1570//1745 1480//969 563//968
f 1904//1746 1494//996 194//124
f 1781//1615 1862//1707 1832//1711
f 1905//1748 549//1184 55//38
f 1000//1750 994//1796 995//1751
f 986//1594 919//527 920//526
f 1191//597 1185//591 1190//892
f 2094//1752 2077//1982 2075//1753
f 1920//1755 1921//2196 1919//1756
f 453//276 454//275 1912//1758
f 1915//1757 1919//1756 1918//1760
f 3882//1762 2112//1890 2106//1763
f 1655//1588 3575//1587 3531//1765
f 1916//1761 1918//1760 1926//1767
f 704//389 3554//820 3561//1769
f 278//168 1916//1761 1925//1768
f 3565//1770 3564//2811 1818//1771
f 1097//543 949//553 1115//1585
f 1927//1773 1928//2201 727//375
f 3578//1774 3579//3579 3654//1775
f 1920//1755 310//184 307//186
f 1929//1777 307//186 48//31
f 503//356 504//358 1497//1778
f 1902//1779 1903//2111 787//1780
f 1816//1651 1821//1667 3820//1669
f 1925//1768 1926//1767 1923//628
f 1535//1782 1569//1819 1568//1783
f 254//244 252//145 258//147
f 1509//1046 1497//1778 366//208
f 119//194 86//63 35//1785
f 219//464 288//172 293//1088
f 141//174 46//32 47//191
f 542//470 205//316 244//318
f 1940//1787 552//1276 430//263
f 1779//1675 1828//1677 1827//1672
f 1701//1517 1710//1842 3915//1788
f 1661//1447 3550//3886 3515//1789
f 270//162 53//37 754//1544
f 197//1314 1947//2080 749//1543
f 1727//1790 1728//3191 1212//1791
f 53//37 54//39 232//1743
f 1465//894 1468//896 1479//962
f 1284//1792 3862//640 3854//1793
f 1951//1794 446//324 412//241
f 168//114 398//1539 1554//1795
f 1486//1039 1485//1097 206//129
f 506//1192 77//56 78//58
f 994//1796 1001//1986 1007//518
f 951//479 953//1296 963//507
f 1013//550 3859//863 3861//670
f 3826//1658 3820//1669 1820//1772
f 1498//1223 1909//1814 1954//1799
f 299//1006 298//1407 543//1800
f 1754//1801 1755//2271 1756//1802
f 1681//1804 469//302 1683//1805
f 1696//1506 1694//1503 1695//1504
f 13//7 14//9 738//1807
f 473//420 476//2205 475//416
f 482//291 1641//1655 768//411
f 204//1809 62//43 30//14
f 1761//1810 1762//2739 820//1811
f 611//738 1763//3239 1125//1812
f 1501//1007 1503//2788 1908//1813
f 1074//1104 1073//1103 711//809
f 1960//1815 1944//1912 82//61
f 120//1816 1956//1911 1960//1815
f 35//1785 86//63 87//78
f 1773//1817 1199//1231 1025//1060
f 1965//1818 1545//1200 1569//1819
f 494//299 761//408 471//1426
f 1966//1820 1967//1824 1969//1821
f 446//324 1951//1794 1971//1823
f 174//115 368//209 125//86
f 1580//1555 1579//1599 1578//1601
f 1785//1825 1786//2724 1787//1826
f 1972//1828 1546//2225 304//1199
f 1254//1273 876//931 875//1035
f 1973//1829 341//499 342//1502
f 321//1830 1912//1758 1973//1829
f 1910//1831 277//242 275//243
f 509//984 1973//1829 514//554
f 1486//1039 1507//1038 1527//1833
f 1974//1834 1874//1715 804//1717
f 1977//1836 1976//3506 1974//1834
f 1980//1838 448//1848 1966//1820
f 379//219 1//3 2//2
f 1718//1841 1715//1533 1710//1842
f 884//462 995//1751 992//513
f 1680//1844 1684//3911 1678//1015
f 902//1845 990//2760 525//1846
f 344//1005 255//149 256//148
f 135//1847 138//1126 137//427
f 448//1848 446//324 1967//1824
f 589//1849 605//1734 604//1850
f 910//712 909//1139 908//716
f 1981//1839 1966//1820 1968//1822
f 1982//1852 1981//1839 1987//1851
f 1988//1854 1979//1853 1987//1851
f 1990//1856 1988//1854 1989//1855
f 1991//1857 1989//1855 1993//1858
f 322//1860 321//1830 320//983
f 992//513 828//454 830//472
f 1144//578 1076//565 1086//568
f 1995//1863 1977//1836 1978//1837
f 1133//558 1129//560 1118//546
f 1997//1865 1995//1863 1994//1864
f 870//927 1823//1884 1335//1537
f 805//443 806//442 1982//1852
f 727//375 184//374 2000//1868
f 1996//1866 1994//1864 1988//1854
f 1994//1864 1978//1837 1979//1853
f 1829//1870 616//740 792//1871
f 1830//1872 1073//1103 941//982
f 798//1873 803//1489 800//441
f 729//1874 732//2883 731//1875
f 2011//1876 2012//2802 2023//1877
f 1834//1879 1835//2845 846//908
f 402//1493 283//171 284//224
f 2022//1878 2023//1877 2024//1881
f 1838//1883 718//1948 989//1024
f 810//515 955//1295 952//1297
f 1823//1884 1839//2741 1840//1885
f 1430//822 1426//821 1432//834
f 1215//1887 844//1245 1841//1888
f 1316//1372 1208//2819 873//929
f 2112//1890 1401//2337 1384//1550
f 1842//1891 1843//2769 1844//1892
f 1159//1880 846//908 845//907
f 837//901 27//26 1846//1894
f 1971//1823 1951//1794 2030//1895
f 517//1897 369//433 370//434
f 1471//933 2026//1923 2027//1896
f 3551//1899 3525//1203 626//1496
f 2174//1900 2175//3575 770//1901
f 935//1045 934//974 1854//1902
f 1613//1484 1619//1949 1611//1903
f 1231//621 1228//623 1225//609
f 1856//1905 1857//2779 891//941
f 1300//638 1309//637 748//1906
f 1150//1907 1149//2264 1858//1908
f 1643//1421 606//359 696//1234
f 1215//1887 1265//1299 1264//1910
f 1320//1377 1860//2837 902//1845
f 1956//1911 1943//3854 1944//1912
f 2031//1913 668//1449 669//1450
f 2034//1915 1325//644 1310//646
f 1879//1916 1880//2096 1656//1491
f 40//1305 245//1786 242//440
f 1992//1859 1993//1858 2039//1918
f 888//1919 958//999 957//998
f 1882//1920 1889//1739 1996//1866
f 1078//1112 1138//2830 1255//1274
f 1871//1921 912//2728 1192//1922
f 294//524 411//237 218//1212
f 1323//645 2041//1925 2026//1923
f 123//981 1960//1815 83//60
f 1324//1924 2036//1927 2041//1925
f 384//1463 358//199 359//260
f 1324//1924 1325//644 2038//1926
f 1883//1928 1884//2082 1885//1929
f 287//1165 1540//1164 114//155
f 1096//1128 1886//2340 1134//1177
f 915//956 1329//1414 931//972
f 806//442 1980//1838 1981//1839
f 3533//1930 3529//1467 584//1462
f 1425//800 2030//1895 2042//1931
f 1018//530 2042//1931 1948//1932
f 3562//1933 1896//1589 740//1934
f 1948//1932 2042//1931 649//1935
f 1881//1936 1882//1920 1990//1856
f 1900//1742 129//88 130//1157
f 992//513 995//1751 994//1796
f 923//476 927//493 925//496
f 3878//1937 2045//1718 2047//1938
f 1643//1421 2048//1975 625//1940
f 2050//1941 2052//1961 2051//1942
f 2045//1718 1405//844 1404//759
f 3876//1939 2047//1938 945//1944
f 1139//1181 1080//1113 1079//1115
f 1037//1069 1856//1905 892//940
f 2055//1945 2053//2009 2057//1946
f 1198//1228 989//1024 718//1948
f 1619//1949 2058//1951 1612//1950
f 2058//1951 1605//1954 1606//1952
f 2059//1953 2060//2882 1607//1406
f 2058//1951 1619//1949 1624//1476
f 71//1955 72//50 179//118
f 405//233 406//235 1557//1328
f 322//1860 1548//2355 1972//1828
f 2061//1956 2052//1961 2063//1957
f 2066//1959 2065//1969 2067//1960
f 2052//1961 2061//1956 2064//1962
f 1609//1963 1610//1404 2066//1959
f 1515//1965 151//101 152//1441
f 1009//522 827//514 993//1797
f 1644//1420 3843//1428 3815//1967
f 279//1030 1915//1757 1916//1761
f 1285//1968 3863//639 3862//640
f 1647//1964 2066//1959 1825//1671
f 2056//1947 2057//1946 2067//1960
f 319//1861 320//983 1953//1970
f 667//777 666//2278 1913//1972
f 2070//1974 631//1316 625//1940
f 2052//1961 2050//1941 2055//1945
f 2038//1926 1654//1586 1655//1588
f 1606//1952 1601//1400 2073//1977
f 1235//1979 1917//2851 1270//1980
f 2072//1978 2073//1977 2075//1753
f 2059//1953 1606//1952 2072//1978
f 2074//1981 2075//1753 2077//1982
f 1601//1400 1602//1399 2078//1984
f 2049//1943 2048//1975 1643//1421
f 1000//1750 1004//1610 1001//1986
f 1089//1540 943//2088 684//369
f 1931//1987 1286//2354 1306//1364
f 1462//1989 1459//880 1021//533
f 1932//1990 1933//3402 1934//1991
f 875//1035 874//930 1846//1894
f 1936//1993 1051//1080 1937//1994
f 44//140 45//33 46//32
f 1534//1784 1955//3485 1956//1911
f 1541//1162 318//181 317//183
f 2081//1996 2082//2006 2084//1997
f 146//557 1945//3855 1959//1999
f 1360//2001 1941//2194 1942//2002
f 985//1023 984//1022 1032//1066
f 1995//1863 1997//1865 1892//2003
f 2079//2005 2080//2338 2082//2006
f 2095//2007 2096//2021 2076//1983
f 2081//1996 2093//1754 2078//1984
f 2055//1945 2050//1941 2054//2008
f 501//456 2096//2021 2095//2007
f 2097//2010 2100//630 2099//2011
f 2098//2012 2099//2011 2094//1752
f 2140//2013 2141//2016 3893//2014
f 2141//2016 2046//2133 3894//2017
f 2051//1942 2070//1974 2048//1975
f 592//352 2102//2022 2101//2018
f 2071//2020 2064//1962 2076//1983
f 2102//2022 2097//2010 2098//2012
f 593//2023 2103//2044 2102//2022
f 1019//529 1895//2270 746//1283
f 1950//2024 11//2191 12//2025
f 725//396 2071//2020 2096//2021
f 1385//791 2105//2046 2104//2026
f 1379//1551 2104//2026 2106//1763
f 2107//2027 2108//3916 2100//630
f 3908//2028 726//397 502//303
f 3896//2029 502//303 499//305
f 940//2030 1389//2037 2109//2031
f 928//2032 929//755 1170//595
f 3868//2033 590//351 684//369
f 1962//2034 1963//2350 1964//2035
f 3878//1937 680//1417 573//345
f 2039//1918 1993//1858 1968//1822
f 1389//2037 1390//724 2110//2038
f 1398//747 2111//2124 2113//2039
f 3757//2040 3755//3307 3753//2041
f 3911//2043 3883//2123 2107//2027
f 949//553 923//476 924//1584
f 260//150 241//187 324//189
f 1390//724 1397//746 2113//2039
f 2070//1974 2051//1942 2064//1962
f 3867//2045 3911//2043 2103//2044
f 2105//2046 1385//791 1421//792
f 2114//2047 1421//792 1423//797
f 3892//2049 2114//2047 2115//2048
f 3908//2028 2105//2046 2114//2047
f 554//1456 2116//2198 1902//1779
f 972//505 1163//580 967//497
f 1765//1598 1593//1387 1573//2051
f 1984//2052 1985//2224 1986//2053
f 2053//2009 2117//887 2069//2055
f 3573//2056 3556//3128 724//2057
f 1625//1485 1677//1482 1674//1483
f 3881//2058 3888//2118 2119//2059
f 3903//2050 2115//2048 2123//2061
f 56//161 1954//1799 1906//1749
f 626//1496 3877//1202 3879//2063
f 2001//2064 2002//2245 2003//2065
f 3912//2067 3841//2114 2127//2068
f 2006//2070 2007//2461 2008//2071
f 2127//2068 1413//779 1412//764
f 2014//2074 2015//2263 2016//2075
f 2018//2077 2019//2889 2020//2078
f 1495//997 1424//804 1947//2080
f 1379//1551 1377//717 1386//786
f 3814//1410 3811//1488 1680//1844
f 2029//2081 1885//1929 1884//2082
f 3902//2084 2128//2073 2120//2085
f 629//1494 3879//2063 3914//631
f 682//1542 683//2797 943//2088
f 724//2057 1650//2184 2121//2089
f 1757//991 1819//2825 3821//1668
f 765//2091 1810//1169 3844//2092
f 3851//2093 714//376 715//378
f 706//1340 707//1339 3870//2095
f 981//508 986//1594 987//1613
f 1457//871 1868//1766 1656//1491
f 2017//2076 2016//2075 2032//2097
f 1458//1976 1655//1588 1868//1766
f 1776//1630 1777//1607 1792//2099
f 1959//1999 1945//3855 1946//2100
f 3663//805 3715//3638 3725//2102
f 3913//2104 3881//2058 2122//2060
f 1093//811 1089//1540 689//368
f 966//495 965//494 968//502
f 3852//2094 715//378 3881//2058
f 2172//2106 3577//3574 2170//2107
f 670//613 2138//2116 2137//2109
f 3761//2110 787//1780 1903//2111
f 1429//823 19//11 28//2112
f 964//1798 963//507 978//509
f 3841//2114 3813//782 1413//779
f 1473//2115 1474//1914 669//1450
f 3834//680 3833//681 1359//706
f 2138//2116 798//1873 1870//1713
f 1872//2117 1473//2115 2137//2109
f 715//378 716//377 3888//2118
f 1881//1936 1991//1857 1992//1859
f 3843//1428 3842//1427 739//482
f 1837//2119 1847//1694 3513//1695
f 253//146 58//41 59//62
f 1808//1645 3837//1643 3840//1019
f 1647//1964 3832//1443 3818//2121
f 3865//2122 3866//2015 671//611
f 2112//1890 3882//1762 3883//2123
f 1405//844 2045//1718 2044//1720
f 3829//691 3824//690 1364//2125
f 273//1163 1541//1162 391//230
f 576//392 632//2493 3520//2127
f 3875//2129 3865//2122 668//1449
f 1430//822 1431//1886 2140//2013
f 2136//2131 3850//2105 3860//849
f 1430//822 2139//2130 18//12
f 3893//2014 3894//2017 570//347
f 1442//835 1439//828 2046//2133
f 1431//1886 1442//835 2141//2016
f 3869//2134 3913//2104 3850//2105
f 3808//412 3823//1657 1817//2135
f 3866//2015 3893//2014 695//2132
f 2142//2137 2025//1882 798//1873
f 571//346 2143//2138 2142//2137
f 3819//1411 3814//1410 1618//1904
f 2143//2138 2022//1878 2025//1882
f 694//612 2142//2137 2138//2116
f 681//1418 1572//1541 2144//2139
f 2144//2139 2011//1876 2022//1878
f 328//394 210//134 457//635
f 1572//1541 2010//2801 2011//1876
f 630//395 3892//2049 3903//2050
f 2085//2140 2086//3918 2087//2141
f 2090//2143 2091//3486 2092//2144
f 572//1416 2144//2139 2143//2138
f 1875//2146 1976//3506 2153//2147
f 1873//1712 1875//2146 2149//2148
f 2103//2044 2107//2027 2097//2010
f 2157//2150 2043//2004 2155//2151
f 2128//2073 1412//764 1414//766
f 3874//2153 3871//2166 589//1849
f 3872//2087 3870//2095 628//2154
f 2149//2148 2153//2147 2158//2155
f 2159//2156 2158//2155 3905//2157
f 698//388 3907//2069 3902//2084
f 3823//1657 3847//1659 3827//2160
f 2158//2155 2156//2152 3874//2153
f 1438//830 2044//1720 2046//2133
f 2035//2161 2154//2149 2160//2162
f 2161//2163 2160//2162 3889//2164
f 3871//2166 3891//2171 605//1734
f 3873//2167 17//10 18//12
f 370//434 29//15 61//44
f 649//1935 1951//1794 413//240
f 2153//2147 2157//2150 2156//2152
f 1428//2168 1429//823 1449//2113
f 1490//1027 76//53 73//55
f 3890//2158 3905//2157 710//1383
f 2155//2151 1891//2175 3891//2171
f 1456//872 1457//871 1880//2096
f 2125//2172 2088//2142 2087//2141
f 2160//2162 2159//2156 3890//2158
f 300//2000 1959//1999 505//634
f 1064//592 1062//540 1046//538
f 2043//2004 1892//2003 1891//2175
f 2129//2176 2130//2276 2004//2066
f 2131//2177 2132//3430 2133//2178
f 3848//850 3849//909 1450//2169
f 1998//1867 1975//1835 804//1717
f 3879//2063 673//2296 3864//2180
f 474//418 492//415 490//1457
f 1164//582 1165//584 1182//895
f 707//1339 2162//2183 3909//2181
f 708//2182 1472//2215 2162//2183
f 2162//2183 2161//2163 3886//2165
f 548//1429 549//1184 1905//1748
f 1145//562 1136//564 1114//570
f 705//2159 2121//2089 1650//2184
f 2043//2004 2157//2150 1977//1836
f 737//1808 738//1807 554//1456
f 1034//605 1195//596 1191//597
f 458//281 1905//1748 1907//1832
f 195//126 196//125 232//1743
f 2040//2185 2039//1918 1969//1821
f 2145//2187 2146//2298 2147//2188
f 2054//2008 2050//1941 2049//1943
f 3832//1443 1646//1434 1639//1435
f 9//2190 12//2025 11//2191
f 252//145 364//206 506//1192
f 472//300 478//362 479//364
f 1865//948 3924//1172 3791//1174
f 900//484 903//473 910//712
f 1941//2194 2150//2273 2151//2195
f 1921//2196 1928//2201 1927//1773
f 2163//2197 1897//1737 1898//1738
f 271//1003 156//103 153//105
f 1904//1746 1326//2200 12//2025
f 282//286 263//156 264//1147
f 1872//2117 1873//1712 2154//2149
f 1326//2200 1904//1746 1897//1737
f 628//2154 692//379 693//381
f 1724//1554 1722//1534 1719//1536
f 1549//1222 1562//1329 436//267
f 1582//1382 1583//1381 1730//1545
f 1921//2196 1920//1755 1929//1777
f 3563//2202 3511//3489 10//2192
f 2152//2203 2037//3491 1950//2024
f 475//416 772//422 774//425
f 769//419 2172//2106 2171//2108
f 2171//2108 2165//3510 476//2205
f 476//2205 773//421 772//422
f 1791//2206 565//1310 464//1311
f 2166//2208 2167//3292 2168//2209
f 595//354 371//212 372//1217
f 483//293 1809//1660 1641//1655
f 762//407 2174//1900 2173//853
f 771//417 483//293 484//292
f 486//296 487//295 1809//1660
f 297//1291 1549//1222 1517//1185
f 763//2211 2175//3575 2174//1900
f 776//1419 755//401 759//403
f 184//374 185//166 2176//2212
f 412//241 447//325 303//1201
f 2005//2213 2176//2212 185//166
f 3811//1488 1681//1804 1682//1806
f 2164//2214 2170//2107 756//426
f 1472//2215 2035//2161 2161//2163
f 950//480 951//479 964//1798
f 2177//2216 2178//3437 2179//2217
f 227//1218 226//1051 1510//1050
f 2182//2219 2183//2886 2184//2220
f 2186//2222 2019//2889 2018//2077
f 1985//2224 2182//2219 2181//2221
f 214//136 736//2821 729//1874
f 865//675 849//1431 842//1433
f 849//1431 865//675 1357//677
f 559//1455 3187//3571 3188//2227
f 16//2228 13//7 737//1808
f 560//2229 553//1454 498//2230
f 3193//2232 3196//3416 3195//2233
f 3200//2235 3197//3417 3198//2236
f 3211//2238 3214//3520 3213//2239
f 3215//2241 3218//2266 3217//2242
f 2187//2244 2188//3117 2002//2245
f 2169//2210 2168//2209 2189//2246
f 2192//2248 2086//3918 2085//2140
f 2193//2250 2194//3884 2195//2251
f 2198//2253 2199//2710 2200//2254
f 1998//1867 1982//1852 1979//1853
f 3664//2256 3665//3142 3668//2257
f 2116//2198 1898//1738 1903//2111
f 1859//1909 2006//2070 2009//2072
f 3904//2062 2123//2061 2126//2259
f 1135//2261 1148//563 1087//569
f 2201//2262 2202//2277 2015//2263
f 1149//2264 111//3488 110//152
f 3221//2265 3222//3526 3218//2266
f 2203//2267 2204//3432 2205//2268
f 579//344 580//343 1895//2270
f 1755//2271 2207//2295 2208//2272
f 3891//2171 3910//1730 1893//1732
f 1211//1241 2151//2195 2150//2273
f 868//925 997//1032 2210//2274
f 944//1393 945//1944 930//754
f 2130//2276 2129//2176 2202//2277
f 233//629 1903//2111 1898//1738
f 665//776 751//841 750//843
f 1167//1207 1254//1273 999//1034
f 2211//2280 2212//2349 2213//2281
f 2215//2283 2216//2348 2217//2284
f 3867//2045 593//2023 590//351
f 2220//2286 221//2566 220//306
f 823//447 824//489 948//477
f 3225//2288 3220//3568 3227//2289
f 266//160 204//1809 455//469
f 3882//1762 2108//3916 2107//2027
f 2221//2291 2222//3308 3519//481
f 2223//2292 2224//3379 2225//2293
f 2207//2295 2125//2172 2124//2173
f 673//2296 674//3185 3869//2134
f 817//444 1000//1750 996//516
f 2227//2297 2228//3188 2146//2298
f 1947//2080 1948//1932 646//365
f 3900//633 2135//632 17//10
f 2229//2299 1635//1703 1638//1705
f 1679//1486 1613//1484 1618//1904
f 1637//1704 2231//2303 2232//2300
f 2233//2302 2234//2945 1617//1685
f 2231//2303 2235//2330 2236//2304
f 1381//1464 1638//1705 2238//2306
f 3586//2308 2241//3102 2242//2309
f 1630//2311 2234//2945 2233//2302
f 1681//1804 1626//1487 472//300
f 1408//2312 1407//1479 2243//2313
f 3236//2315 3239//3525 3238//2316
f 3232//2318 3241//3492 3240//2319
f 1637//1704 2230//2301 2238//2306
f 3237//2317 3238//2316 3233//2321
f 1409//1480 1408//2312 1634//1701
f 1380//1466 1383//1465 2247//2324
f 1628//1699 2248//2328 2245//2323
f 2249//2327 1623//1690 1622//1689
f 1632//1702 1634//1701 1408//2312
f 2248//2328 1628//1699 1631//1698
f 2235//2330 2231//2303 1637//1704
f 3245//2332 3246//2949 3199//2237
f 631//1316 2070//1974 2071//2020
f 515//556 167//555 52//34
f 782//858 781//2875 2251//2333
f 2253//2334 2254//3194 2255//2335
f 397//231 281//282 459//284
f 1456//872 2039//1918 2040//2185
f 2040//2185 2041//1925 2036//1927
f 1401//2337 2112//1890 2111//2124
f 2041//1925 2040//2185 1970//2186
f 1535//1782 121//2834 414//239
f 1586//1389 1587//1388 2080//2338
f 2256//2339 983//1021 1132//1175
f 1700//1002 1699//1518 3918//1520
f 3815//1967 1896//1589 1686//1158
f 1263//1298 2256//2339 1886//2340
f 598//2341 1841//1888 844//1245
f 2257//2342 2258//2345 2259//2343
f 2258//2345 2261//3254 2262//2346
f 2259//2343 2262//2346 2263//2347
f 2260//2344 2259//2343 2216//2348
f 1967//1824 1971//1823 1970//2186
f 2212//2349 1964//2035 1963//2350
f 922//2351 921//960 2218//2285
f 1312//1369 1098//1132 1101//1131
f 1307//2353 1306//1364 1286//2354
f 1548//2355 1569//1819 1546//2225
f 2266//2356 2267//2416 2268//2357
f 2265//2358 2268//2357 2270//2359
f 2272//2361 2265//2358 2269//2360
f 2273//2363 2266//2356 2265//2358
f 2275//2364 2276//2440 2277//2365
f 2278//2367 2274//2366 2277//2365
f 2284//2369 2285//2544 3617//2370
f 2287//2372 2283//2376 2286//2373
f 2288//2375 2289//2593 2283//2376
f 2290//2377 2284//2369 3639//2371
f 2291//2379 2292//2385 2293//2380
f 2295//2382 2291//2379 2294//2381
f 2296//2383 2297//2384 2291//2379
f 2297//2384 2298//2388 2292//2385
f 2294//2381 2293//2380 2299//2386
f 2279//2368 2294//2381 2300//2387
f 2298//2388 2301//2396 2302//2389
f 2292//2385 2302//2389 2303//2390
f 2293//2380 2303//2390 2304//2391
f 2304//2391 2305//2587 2306//2392
f 2308//2393 2309//2614 2310//2394
f 2302//2389 2307//2395 2310//2394
f 2301//2396 2311//2398 2307//2395
f 2312//2397 2308//2393 2307//2395
f 2313//2399 2314//2506 2315//2400
f 2318//2402 2319//2638 2320//2403
f 3748//2405 3771//3391 2322//2406
f 2324//2408 2325//2417 2273//2363
f 2313//2399 2324//2408 2326//2409
f 2328//2411 2324//2408 2313//2399
f 2329//2412 2325//2417 2324//2408
f 2331//2413 2332//2420 2333//2414
f 2330//2415 2333//2414 2267//2416
f 2325//2417 2330//2415 2266//2356
f 2329//2412 2331//2413 2330//2415
f 2333//2414 2334//3864 2335//2418
f 2336//2419 2334//3864 2333//2414
f 2338//2421 2336//2419 2332//2420
f 2331//2413 2339//2423 2337//2422
f 2329//2412 2340//2424 2339//2423
f 2328//2411 2341//2425 2340//2424
f 2316//2401 2342//2426 2341//2425
f 2342//2426 2316//2401 2315//2400
f 2344//2428 2345//2432 2346//2429
f 2341//2425 2344//2428 2347//2430
f 2342//2426 2348//2431 2344//2428
f 2348//2431 2349//2624 2345//2432
f 2350//2433 2351//2436 2352//2434
f 2339//2423 2350//2433 2353//2435
f 2340//2424 2347//2430 2350//2433
f 2347//2430 2346//2429 2351//2436
f 2337//2422 2353//2435 2354//2437
f 2353//2435 2352//2434 2355//2438
f 2356//2439 2277//2365 2276//2440
f 2356//2439 2357//2441 2358//2442
f 2356//2439 2359//2443 2296//2383
f 2279//2368 2277//2365 2356//2439
f 2360//2444 2361//2448 2270//2359
f 2267//2416 2335//2418 2360//2444
f 2362//2445 2363//2450 2364//2446
f 2362//2445 2365//2447 2361//2448
f 2366//2449 2362//2445 2358//2442
f 2366//2449 2367//2453 2363//2450
f 2357//2441 2276//2440 2368//2451
f 2366//2449 2368//2451 2369//2452
f 2276//2440 2275//2364 2370//2454
f 2368//2451 2370//2454 2282//2455
f 2372//2456 2373//2537 2374//2457
f 2375//2459 2376//2656 2377//2460
f 2378//2462 2379//2469 2380//2463
f 2382//2465 2378//2462 2381//2464
f 2384//2467 2385//2468 2378//2462
f 2385//2468 2386//2691 2379//2469
f 2388//2470 2389//2530 2390//2471
f 2387//2472 2390//2471 2392//2473
f 2393//2475 2394//2476 2387//2472
f 2394//2476 2395//2560 2388//2470
f 2186//2222 2401//2885 2402//2477
f 2403//2479 2404//2481 2327//2410
f 2272//2361 2403//2479 2326//2409
f 2271//2362 2405//2480 2403//2479
f 2405//2480 2406//2491 2404//2481
f 2404//2481 2407//2492 2408//2482
f 2409//2483 2410//2487 2411//2484
f 2409//2483 2412//2485 2271//2362
f 2413//2486 2409//2483 2269//2360
f 2413//2486 2414//3865 2410//2487
f 2417//2488 2415//3929 2416//2489
f 2417//2488 2418//2490 2406//2491
f 2412//2485 2417//2488 2405//2480
f 2411//2484 2415//3929 2417//2488
f 2406//2491 2419//2500 2407//2492
f 3569//1337 3520//2127 632//2493
f 2420//2494 2398//2501 2397//2495
f 2420//2494 2421//2496 2423//2497
f 2424//2499 2420//2494 2422//2498
f 2424//2499 2399//3404 2398//2501
f 2425//2502 2391//2474 2392//2473
f 2421//2496 2425//2502 2426//2503
f 2397//2495 2396//2504 2425//2502
f 2396//2504 2393//2475 2391//2474
f 2427//2505 2314//2506 2408//2482
f 2430//2508 2427//2505 2428//2507
f 2343//2427 2315//2400 2427//2505
f 2432//2510 2343//2427 2430//2508
f 2431//2511 2430//2508 2429//2509
f 2435//2513 2431//2511 2433//2512
f 2436//2515 2432//2510 2431//2511
f 2428//2507 2408//2482 2407//2492
f 2422//2498 2437//2516 2407//2492
f 2438//2517 2437//2516 2422//2498
f 2429//2509 2428//2507 2437//2516
f 2440//2518 2434//2514 2433//2512
f 2441//2520 2439//2519 2433//2512
f 2442//2521 2443//2522 2439//2519
f 2443//2522 2444//2524 2440//2518
f 2445//2523 2446//2526 2444//2524
f 2447//2525 2445//2523 2443//2522
f 2383//2466 2381//2464 2445//2523
f 2381//2464 2380//2463 2446//2526
f 2448//2527 2438//2517 2423//2497
f 2449//2528 2448//2527 2426//2503
f 2441//2520 2448//2527 2449//2528
f 2441//2520 2429//2509 2438//2517
f 2449//2528 2392//2473 2390//2471
f 2450//2529 2390//2471 2389//2530
f 2447//2525 2450//2529 2451//2531
f 2442//2521 2449//2528 2450//2529
f 2451//2531 2389//2530 2453//2532
f 2452//2533 2453//2532 2455//2534
f 2382//2465 2452//2533 2454//2535
f 2383//2466 2451//2531 2452//2533
f 2456//2536 2457//2713 2373//2537
f 2459//2538 2460//3928 2461//2539
f 2463//2541 2464//2567 2465//2542
f 2462//2543 2465//2542 2285//2544
f 2466//2545 2462//2543 2284//2369
f 2467//2546 2463//2541 2462//2543
f 2461//2539 2460//3928 3703//2547
f 2468//2549 2469//3914 2470//2550
f 2472//2552 2468//2549 2471//2551
f 2474//2554 2461//2539 3701//2548
f 2475//2556 2476//3288 2477//2557
f 2458//2540 2455//2534 2453//2532
f 2479//2559 2453//2532 2389//2530
f 2395//2560 2480//2561 2479//2559
f 2480//2561 2459//2538 2458//2540
f 2481//2562 2482//3306 2483//2563
f 2484//2564 113//154 2485//2565
f 2471//2551 2470//2550 2464//2567
f 2473//2553 2471//2551 2463//2541
f 2487//2568 2467//2546 2466//2545
f 2486//2569 2466//2545 2290//2377
f 2490//2571 2486//2569 2488//2570
f 2491//2573 2487//2568 2486//2569
f 2492//2574 2473//2553 2467//2546
f 2493//2575 2492//2574 2487//2568
f 2494//2576 2495//2577 2492//2574
f 2495//2577 2472//2552 2473//2553
f 3690//2578 2496//2580 2474//2554
f 3691//2579 2497//3171 2496//2580
f 2498//2581 2494//2576 2493//2575
f 2500//2583 2498//2581 2499//2582
f 3700//2585 3687//2586 2498//2581
f 3687//2586 3691//2579 2494//2576
f 2306//2392 2504//2588 2278//2367
f 2305//2587 2505//2594 2504//2588
f 2504//2588 2505//2594 2507//2589
f 2506//2590 2507//2589 2288//2375
f 2274//2366 2506//2590 2508//2591
f 2278//2367 2504//2588 2506//2590
f 3633//2592 3632//2611 2489//2572
f 3620//2378 3633//2592 2488//2570
f 2507//2589 2509//2595 2289//2593
f 2505//2594 2510//2604 2509//2595
f 2508//2591 2288//2375 2287//2372
f 2511//2596 2287//2372 2281//2374
f 2370//2454 2511//2596 2280//2597
f 2275//2364 2508//2591 2511//2596
f 2512//2598 2490//2571 2489//2572
f 2514//2600 2512//2598 2513//2599
f 2517//2602 2512//2598 2514//2600
f 2517//2602 2491//2573 2490//2571
f 2499//2582 2493//2575 2491//2573
f 2499//2582 2517//2602 2516//2603
f 2510//2604 2505//2594 2519//2605
f 2518//2606 2519//2605 2521//2607
f 3616//2609 2518//2606 2520//2608
f 3632//2611 2510//2604 2518//2606
f 2522//2612 2304//2391 2303//2390
f 2523//2613 2522//2612 2310//2394
f 2305//2587 2304//2391 2522//2612
f 2524//2615 2522//2612 2523//2613
f 2519//2605 2524//2615 2525//2616
f 2505//2594 2305//2587 2524//2615
f 2308//2393 2312//2397 2527//2617
f 2526//2618 2527//2617 2529//2619
f 2531//2621 2526//2618 2528//2620
f 2309//2614 2308//2393 2526//2618
f 1214//1243 2532//3079 2151//2195
f 2419//2500 2406//2491 2418//2490
f 2533//2623 2345//2432 2349//2624
f 2534//2625 2533//2623 2317//2404
f 2535//2626 2536//2627 2533//2623
f 2536//2627 2346//2429 2345//2432
f 2537//2628 2351//2436 2346//2429
f 2538//2629 2537//2628 2536//2627
f 2539//2630 2540//2631 2537//2628
f 2540//2631 2352//2434 2351//2436
f 2312//2397 2355//2438 2541//2632
f 2527//2617 2541//2632 2542//2633
f 2543//2634 2435//2513 2434//2514
f 2545//2636 2543//2634 2544//2635
f 2319//2638 2318//2402 2543//2634
f 2318//2402 2436//2515 2435//2513
f 2514//2600 2515//2601 2548//2639
f 2547//2640 2548//2639 2550//2641
f 2552//2643 2547//2640 2549//2642
f 2552//2643 2516//2603 2514//2600
f 2520//2608 2521//2607 2554//2645
f 2553//2646 2554//2645 2556//2647
f 3590//2649 2553//2646 2555//2648
f 3621//2610 2520//2608 2553//2646
f 2523//2613 2309//2614 2531//2621
f 2557//2651 2531//2621 2530//2622
f 2525//2616 2523//2613 2557//2651
f 2559//2653 2557//2651 2558//2652
f 2554//2645 2559//2653 2560//2654
f 2521//2607 2525//2616 2559//2653
f 2561//2655 2375//2459 2007//2461
f 2376//2656 2562//3312 2225//2293
f 2564//2657 2565//2714 2566//2658
f 2563//2659 2566//2658 338//511
f 2569//2661 2563//2659 2567//2660
f 2570//2663 2564//2657 2563//2659
f 2572//2664 2573//2672 2574//2665
f 2571//2666 2574//2665 2576//2667
f 2544//2635 2571//2666 2575//2668
f 2544//2635 2434//2514 2572//2664
f 2578//2669 2570//2663 2569//2661
f 2579//2671 2577//2670 2569//2661
f 2574//2665 2577//2670 2579//2671
f 2573//2672 2578//2669 2577//2670
f 2581//2673 2582//2681 2583//2674
f 2584//2676 2580//2675 2583//2674
f 3697//2678 3675//2680 2580//2675
f 3676//2679 2581//2673 2580//2675
f 2582//2681 2516//2603 2552//2643
f 2583//2674 2552//2643 2551//2644
f 2500//2583 2501//2584 2589//2682
f 2590//2684 2588//2683 2589//2682
f 3693//2686 3695//2687 2588//2683
f 3695//2687 3700//2585 2500//2583
f 2501//2584 2516//2603 2591//2685
f 2592//2688 2593//3303 2594//2689
f 2386//2691 2385//2468 2503//2692
f 2596//2694 2379//2469 2386//2691
f 2596//2694 2374//2457 2373//2537
f 2599//2696 2596//2694 2597//2695
f 2599//2696 2380//2463 2379//2469
f 2600//2698 2446//2526 2380//2463
f 2600//2698 2599//2696 2598//2697
f 2603//2700 2600//2698 2601//2699
f 2603//2700 2444//2524 2446//2526
f 2604//2702 2603//2700 2602//2701
f 2440//2518 2604//2702 2605//2703
f 2444//2524 2603//2700 2604//2702
f 2606//2704 2582//2681 2581//2673
f 2606//2704 2607//2705 2590//2684
f 2591//2685 2516//2603 2582//2681
f 3676//2679 2587//3311 2456//2536
f 3689//2706 2456//2536 2372//2456
f 2478//2558 2477//2557 2608//2707
f 2609//2708 2610//3296 2611//2709
f 2564//2657 2570//2663 2613//2711
f 2612//2712 2613//2711 2598//2697
f 2457//2713 2612//2712 2597//2695
f 2565//2714 2564//2657 2612//2712
f 2614//2715 2613//2711 2570//2663
f 2615//2716 2614//2715 2578//2669
f 2602//2701 2601//2699 2614//2715
f 2601//2699 2598//2697 2613//2711
f 2572//2664 2434//2514 2605//2703
f 2616//2717 2605//2703 2602//2701
f 2573//2672 2572//2664 2616//2717
f 1459//880 1016//548 1045//541
f 1265//1299 1215//1887 1079//1115
f 1612//1950 1608//1405 1609//1963
f 2067//1960 2057//1946 2069//2055
f 1135//2261 1109//544 1136//564
f 1938//1995 1937//1994 2618//2719
f 95//387 548//1429 458//281
f 2058//1951 1607//1406 1608//1405
f 1454//873 1469//903 1445//851
f 655//769 2620//2758 1048//1079
f 722//2722 1049//1078 2621//2723
f 1131//1176 985//1023 1033//1065
f 562//349 1481//967 366//208
f 1723//1546 1719//1536 1725//1571
f 1786//2724 1123//3251 1122//1152
f 267//159 300//2000 323//261
f 1325//644 2034//1915 1654//1586
f 1468//896 1165//584 1435//832
f 658//772 657//771 529//2725
f 8//4 532//321 247//339
f 382//1281 1557//1328 1559//1330
f 788//866 619//745 1307//2353
f 940//2030 930//754 929//755
f 911//951 2622//2793 2623//2727
f 2621//2723 2620//2758 655//769
f 2624//2729 1857//2779 2625//2730
f 998//1033 1846//1894 27//26
f 635//753 638//752 2626//2731
f 2627//2733 641//756 644//758
f 2628//2734 2627//2733 1840//1885
f 1200//2736 1199//1231 2627//2733
f 1199//1231 1773//1817 641//756
f 1520//1358 515//556 49//36
f 1452//874 1350//704 1349//668
f 2630//2737 2631//2841 1859//1909
f 644//758 643//757 1335//1537
f 1197//1229 1198//1228 717//814
f 2632//2738 717//814 719//815
f 2628//2734 2632//2738 1166//1205
f 2629//2735 1197//1229 2632//2738
f 1762//2739 2633//2823 1050//2740
f 1823//1884 870//927 873//929
f 2634//2742 2635//2743 794//1124
f 1042//1073 794//1124 2635//2743
f 93//70 94//69 1901//1741
f 2036//1927 2038//1926 1458//1976
f 1527//1833 332//3220 1525//1325
f 877//932 876//931 1274//1313
f 134//91 409//258 797//430
f 1328//1413 893//944 931//972
f 607//736 777//854 1091//1122
f 1043//1074 2635//2743 2637//2744
f 2636//2745 2637//2744 2639//2746
f 1275//1315 2636//2745 2638//2747
f 1275//1315 1040//1072 1043//1074
f 1272//1308 2624//2729 2626//2731
f 2640//2748 2626//2731 638//752
f 1110//1143 2641//2751 2640//2748
f 536//2750 1272//1308 2640//2748
f 1472//2215 708//2182 1474//1914
f 2042//1931 2030//1895 1951//1794
f 1058//2752 1106//1135 1105//2753
f 2642//2754 2623//2727 2643//2755
f 1192//1922 2642//2754 2644//2756
f 912//2728 2623//2727 2642//2754
f 3898//2757 1657//1917 3526//1490
f 1049//1078 1048//1079 2620//2758
f 616//740 1829//1870 1885//1929
f 1331//2759 1913//1972 666//2278
f 990//2760 989//1024 1198//1228
f 1911//1759 1912//1758 321//1830
f 1298//1356 1282//1331 1205//1332
f 76//53 1490//1027 1504//1029
f 1502//2763 1500//1009 421//254
f 610//735 609//770 658//772
f 1146//1188 937//976 659//773
f 2646//2764 911//951 914//953
f 1280//1324 1239//1258 1238//2765
f 1453//906 1454//873 1452//874
f 835//900 942//1102 1843//2769
f 1271//1307 1270//1980 1173//2770
f 1893//1732 1878//1731 1826//2773
f 1050//2740 2633//2823 1937//1994
f 2651//2774 2652//2863 814//884
f 1006//1042 1053//1082 1281//1326
f 2653//2775 1084//1117 2654//2776
f 1001//1986 1004//1610 1003//1611
f 585//723 997//1032 679//789
f 2624//2729 1272//1308 621//1309
f 555//708 678//3197 2028//2083
f 1207//1238 526//693 1197//1229
f 1626//1487 1627//1409 478//362
f 426//1056 389//228 419//252
f 1030//1225 1193//1224 1773//1817
f 3898//2757 645//1725 634//1451
f 534//1141 1533//1125 138//1126
f 1125//1812 1092//1123 1042//1073
f 333//1261 228//144 88//65
f 569//437 1570//1745 561//348
f 1489//1538 2656//2864 871//2778
f 1857//2779 2624//2729 620//743
f 1673//1477 1674//1483 3770//1647
f 622//744 861//920 864//922
f 619//745 788//866 891//941
f 261//1341 544//329 545//331
f 393//1288 1555//1415 1556//1263
f 2658//2782 2659//2784 2647//2767
f 1075//1105 2658//2782 2657//2781
f 1081//2783 1080//1113 2658//2782
f 1080//1113 1139//1181 2659//2784
f 2644//2756 2643//2755 1141//1182
f 2660//2785 1141//1182 1140//2786
f 642//2787 2660//2785 1336//1425
f 1193//1224 2644//2756 2660//2785
f 679//789 678//3197 555//708
f 1503//2788 1501//1007 1500//1009
f 1318//1374 1317//1373 1101//1131
f 2661//2790 2659//2784 1139//1181
f 2661//2790 1142//1183 2663//2791
f 2662//2792 2647//2767 2659//2784
f 2662//2792 2663//2791 2622//2793
f 2664//2794 2622//2793 911//951
f 2648//2768 2664//2794 2646//2764
f 2648//2768 2647//2767 2662//2792
f 2083//1998 2094//1752 2093//1754
f 1442//835 1440//836 1437//831
f 519//475 329//332 330//1095
f 1885//1929 2029//2081 1209//1239
f 799//1716 800//441 805//443
f 1946//2100 1943//3854 1952//1971
f 1302//2795 1301//1361 1253//1272
f 566//1320 2005//2213 224//277
f 1389//2037 940//2030 928//2032
f 683//2797 682//1542 681//1418
f 836//2798 835//900 1842//1891
f 2665//2799 1842//1891 1845//1893
f 2666//2800 2665//2799 1303//1362
f 24//27 836//2798 2665//2799
f 831//899 1072//1101 2650//2772
f 1845//1893 1844//1892 1304//1363
f 2010//2801 2013//2840 2012//2802
f 1051//1080 1936//1993 2667//2803
f 1522//1089 1521//1077 1511//1054
f 531//1116 440//270 441//2805
f 1250//1271 635//753 2625//2730
f 2669//2806 2625//2730 1857//2779
f 783//859 2669//2806 1856//1905
f 782//858 1250//1271 2669//2806
f 720//818 2670//3235 2671//2807
f 1055//1087 1931//1987 1930//1988
f 1333//2808 1067//1423 1251//1270
f 619//745 622//744 1308//1365
f 652//767 655//769 2619//2721
f 521//1058 522//1148 1539//1146
f 1838//1883 988//1026 537//701
f 2672//2809 537//701 536//2750
f 1113//1145 2672//2809 2641//2751
f 1113//1145 527//697 1838//1883
f 1016//548 1013//550 1351//879
f 3897//1719 573//345 570//347
f 226//1051 227//1218 104//2810
f 3564//2811 3669//3893 3827//2160
f 1036//1068 1037//1069 1884//2082
f 2674//2812 1301//1361 1304//1363
f 2673//2813 1304//1363 1844//1892
f 1334//1424 2673//2813 2675//2814
f 1333//2808 2674//2812 2673//2813
f 2676//2815 702//803 1039//1071
f 1843//2769 2676//2815 2675//2814
f 942//1102 1074//1104 2676//2815
f 1074//1104 699//801 702//803
f 752//2816 1057//1085 1055//1087
f 1200//2736 1166//1205 656//1206
f 1120//1150 1846//1894 874//930
f 2677//2817 874//930 877//932
f 1241//1262 2677//2817 1052//2818
f 1119//1151 1120//1150 2677//2817
f 1560//1501 1513//1198 151//101
f 1208//2819 1316//1372 611//738
f 215//2820 735//399 736//2821
f 1460//881 1459//880 1462//1989
f 1208//2819 1207//1238 1839//2741
f 854//916 856//915 1282//1331
f 72//50 445//1129 182//255
f 544//329 1563//1342 1565//1354
f 217//465 200//1213 456//2822
f 2047//1938 1404//759 930//754
f 1204//1235 2618//2719 1937//1994
f 913//952 777//854 686//856
f 840//904 527//697 1113//1145
f 1531//1119 729//1874 730//435
f 2678//2824 778//1333 1283//1334
f 601//966 667//777 1914//1973
f 1537//1149 1538//1348 459//284
f 1819//2825 1757//991 3509//993
f 991//1025 1860//2837 862//2827
f 2679//2828 711//809 1073//1103
f 2680//2829 1830//1872 983//1021
f 779//855 2680//2829 2256//2339
f 778//1333 2678//2824 2680//2829
f 2678//2824 2679//2828 1830//1872
f 180//120 542//470 245//1786
f 1886//2340 1132//1175 1131//1176
f 1138//2830 1137//1180 1274//1313
f 1841//1888 598//2341 1140//2786
f 75//2762 313//1142 314//1287
f 193//1161 423//458 420//251
f 2681//2831 2682//3249 1099//1130
f 170//179 1567//1437 1565//1354
f 349//197 416//336 417//247
f 1121//1154 1124//1153 2684//2832
f 547//431 797//430 409//258
f 123//981 122//980 121//2834
f 2643//2755 2663//2791 1142//1183
f 1542//1179 1544//1190 513//313
f 899//2835 900//484 907//525
f 1210//2836 677//788 676//790
f 791//865 663//1020 982//1167
f 24//27 27//26 837//901
f 893//944 896//943 932//1300
f 1860//2837 1320//1377 863//921
f 535//700 538//702 862//2827
f 1569//1819 1548//2355 1547//2838
f 181//119 455//469 542//470
f 660//2839 659//773 937//976
f 2013//2840 567//1319 568//436
f 887//937 890//939 2631//2841
f 1524//1092 1508//1041 361//1408
f 520//1430 161//214 162//2842
f 2653//2775 855//914 854//916
f 1238//2765 1237//1257 2655//2777
f 718//1948 1838//1883 527//697
f 1492//1004 1493//1075 518//310
f 792//1871 616//740 615//1156
f 599//727 846//908 1835//2845
f 290//393 457//635 456//2822
f 312//178 171//112 1552//1327
f 1248//2846 2687//2848 1179//1214
f 153//105 149//100 177//1889
f 1240//1260 1181//1215 1222//1248
f 1257//1351 1292//2860 1235//1979
f 1291//1350 1084//1117 1083//1249
f 1052//2818 877//932 1277//1317
f 743//1237 742//837 2618//2719
f 444//2847 140//94 430//263
f 23//23 1224//1251 1172//1209
f 2687//2848 2654//2776 1180//2849
f 102//76 103//75 409//258
f 1283//1334 607//736 610//735
f 373//2850 497//3618 650//372
f 1180//2849 2654//2776 1084//1117
f 855//914 2653//2775 2655//2777
f 1173//2770 1270//1980 1917//2851
f 2689//2852 850//913 853//912
f 2688//2853 853//912 1108//1138
f 2686//2844 2688//2853 1279//1322
f 2687//2848 2689//2852 2688//2853
f 2691//2854 1302//2795 1252//2796
f 2690//2855 1252//2796 850//913
f 1248//2846 2690//2855 2689//2852
f 1248//2846 1247//1267 2691//2854
f 2692//2856 617//742 24//27
f 2691//2854 2692//2856 2666//2800
f 1247//1267 1258//1290 2692//2856
f 1258//1290 1168//2858 617//742
f 394//1226 1554//1795 1555//1415
f 2693//2857 1260//2866 1259//1292
f 1072//1101 1236//1256 1262//1294
f 1257//1351 1071//1255 1168//2858
f 398//1539 439//271 1555//1415
f 871//2778 1784//1827 1314//2859
f 1178//1216 1232//1254 1249//1268
f 1224//1251 1289//1345 1173//2770
f 1010//1044 2617//2720 2618//2719
f 1175//1211 1174//1210 1292//2860
f 2654//2776 2687//2848 2686//2844
f 2694//2861 1157//1196 1216//1246
f 71//1955 418//1028 1487//988
f 701//802 1112//1144 1111//2862
f 1072//1101 1261//1293 2649//2771
f 1085//1118 2695//2868 22//1250
f 895//961 2694//2861 1264//1910
f 1601//1400 1606//1952 1605//1954
f 1259//1292 1262//1294 1271//1307
f 21//22 20//24 1220//1247
f 988//1026 991//1025 538//702
f 598//2341 597//726 1336//1425
f 1050//2740 860//918 818//890
f 1298//1356 2645//2761 1761//1810
f 1168//2858 1167//1207 618//2279
f 858//917 1168//2858 1256//1279
f 39//20 242//440 516//439
f 2652//2863 1761//1810 819//888
f 313//1142 316//1140 315//192
f 2026//1923 1970//2186 1971//1823
f 2656//2864 1489//1538 596//728
f 814//884 819//888 818//890
f 2696//2865 2651//2774 813//883
f 1260//2866 2696//2865 2649//2771
f 2693//2857 2697//2867 2696//2865
f 2697//2867 1296//1357 2651//2774
f 381//220 355//201 390//290
f 3818//2121 3819//1411 1611//1903
f 1475//935 1427//824 1428//2168
f 1292//2860 1174//1210 1917//2851
f 1551//1227 353//202 354//1346
f 1526//1098 1525//1325 1523//1090
f 1593//1387 1589//1386 1595//1403
f 1232//1254 1269//1306 1246//1269
f 2695//2868 2693//2857 1223//1344
f 2698//2869 1297//1355 1296//1357
f 2698//2869 2697//2867 2693//2857
f 2685//2843 2698//2869 2695//2868
f 2685//2843 854//916 1297//1355
f 562//349 1497//1778 271//1003
f 2652//2863 2651//2774 1296//1357
f 1365//762 1366//2126 1364//2125
f 1958//2101 1946//2100 1953//1970
f 585//723 588//722 2210//2274
f 1561//1521 1560//1501 1515//1965
f 975//2766 2648//2768 1146//1188
f 347//1266 67//48 68//49
f 1038//1070 1111//2862 636//751
f 2700//2871 781//2875 780//857
f 2699//2872 780//857 1036//1068
f 2701//2873 2699//2872 1883//1928
f 851//911 2700//2871 2699//2872
f 2674//2812 1333//2808 2251//2333
f 2702//2874 2251//2333 781//2875
f 1253//1272 2702//2874 2700//2871
f 1301//1361 2674//2812 2702//2874
f 1519//1253 387//227 388//229
f 1273//1312 1239//1258 1280//1324
f 2703//2876 1280//1324 1107//1323
f 2701//2873 2703//2876 852//1137
f 1829//1870 1273//1312 2703//2876
f 91//2877 260//150 326//1321
f 1784//1827 871//2778 2656//2864
f 2683//2833 2684//2832 2705//2878
f 604//1850 1894//1733 3499//2880
f 1669//1049 3534//1048 3548//2881
f 2062//1958 2063//1957 2060//2882
f 621//1309 535//700 861//920
f 2023//1877 731//1875 732//2883
f 686//856 779//855 1263//1298
f 857//919 1051//1080 2668//2804
f 883//1843 830//472 882//1252
f 637//2749 636//751 1111//2862
f 2668//2804 894//942 893//944
f 2667//2803 921//960 894//942
f 1039//1071 1038//1070 1068//1096
f 313//1142 75//2762 1504//1029
f 1911//1759 1972//1828 305//1093
f 1936//1993 2706//3192 1964//2035
f 2707//2884 2402//2477 2401//2885
f 2708//2887 2707//2884 2183//2886
f 738//1807 2163//2197 2116//2198
f 2349//2624 2348//2431 2432//2510
f 2711//2888 2712//3837 2020//2078
f 2400//2478 2711//2888 2019//2889
f 2714//2890 2715//3062 2716//2891
f 2717//2893 2718//3031 2719//2894
f 2721//2896 2722//3362 2723//2897
f 2726//2899 2727//3027 2728//2900
f 2725//2901 2728//2900 2730//2902
f 2731//2904 2725//2901 2729//2903
f 2732//2906 2726//2899 2725//2901
f 2734//2907 2735//3006 2736//2908
f 2738//2910 2739//3866 2740//2911
f 2737//2912 2740//2911 2741//2913
f 2744//2915 2745//2918 2746//2916
f 2745//2918 2744//2915 2748//2919
f 2749//2921 2750//2974 2747//2920
f 2753//2923 2749//2921 2751//2922
f 2250//2329 1380//1466 2246//2325
f 2754//2925 1396//1471 1614//1683
f 3598//2927 2754//2925 2755//2926
f 3608//2929 2745//2918 2747//2920
f 1617//1685 2756//2942 2755//2926
f 2242//2309 2758//3103 1620//1688
f 2191//2249 2085//2140 2760//2931
f 2761//2933 2759//2932 2760//2931
f 3648//2935 2759//2932 2761//2933
f 3623//2937 2191//2249 2759//2932
f 3209//2938 3248//3565 3223//2939
f 1395//1722 1394//1470 2236//2304
f 1395//1722 2235//2330 1636//2331
f 1616//1684 1635//1703 2229//2299
f 1617//1685 2234//2945 2763//2941
f 2756//2942 2763//2941 3628//2943
f 2765//2944 2763//2941 2234//2945
f 2766//2946 2764//3344 3628//2943
f 3202//2948 3199//2237 3246//2949
f 1516//1966 437//266 435//268
f 2768//2951 2769//2987 3552//1458
f 1495//997 541//382 578//342
f 2135//632 2136//2131 28//2112
f 3526//1490 3540//1492 2773//2952
f 1690//1646 1689//3923 3926//2954
f 2778//2956 2779//2966 2780//2957
f 2777//2958 2780//2957 2781//2959
f 2784//2961 2778//2956 2777//2958
f 3555//2128 3521//1682 575//380
f 1494//996 1904//1746 9//2190
f 3529//1467 2016//2075 2015//2263
f 451//320 61//44 505//634
f 2786//2963 2787//3055 2788//2964
f 2779//2966 2786//2963 2785//2965
f 2789//2967 2752//2924 2741//2913
f 2790//2968 2753//2923 2752//2924
f 2792//2969 2793//2972 2794//2970
f 2793//2972 2795//2980 2796//2973
f 2796//2973 2797//2979 2750//2974
f 2794//2970 2796//2973 2749//2921
f 2798//2975 1393//1472 1396//1471
f 3591//2976 2798//2975 2754//2925
f 2798//2975 2799//2978 2800//2977
f 3591//2976 3662//3872 2799//2978
f 2797//2979 2796//2973 2795//2980
f 2791//2971 2794//2970 2753//2923
f 216//138 233//629 232//1743
f 3804//2982 2806//3890 2807//2983
f 3805//2985 2809//2992 2804//2986
f 2769//2987 2810//3871 3557//1507
f 183//211 185//166 184//374
f 2811//2988 2812//2993 2775//2989
f 2804//2986 2811//2988 2776//2990
f 2809//2992 2813//2994 2811//2988
f 2812//2993 2811//2988 2813//2994
f 3805//2985 2808//3874 2816//2996
f 3796//2998 2818//3053 2815//2999
f 3798//3000 3800//3922 2820//3001
f 3793//3003 2823//3007 2819//3004
f 2824//3005 2736//2908 2735//3006
f 2823//3007 2825//3008 2824//3005
f 2825//3008 2823//3007 2826//3009
f 3793//3003 2822//3016 2827//3010
f 3796//2998 2817//3863 2826//3009
f 2713//2892 2716//2891 2829//3012
f 2828//3013 2829//3012 2831//3014
f 2822//3016 2821//3002 2828//3013
f 2821//3002 2820//3001 2713//2892
f 2832//3017 2827//3010 2822//3016
f 2833//3018 2832//3017 2830//3015
f 2834//3019 2835//3020 2832//3017
f 2835//3020 2818//3053 2827//3010
f 2837//3021 2838//3035 2839//3022
f 2836//3023 2839//3022 2841//3024
f 2842//3026 2836//3023 2840//3025
f 2843//3028 2837//3021 2836//3023
f 2840//3025 2841//3024 2845//3029
f 2718//3031 2844//3030 2845//3029
f 2730//2902 2728//2900 2844//3030
f 2727//3027 2840//3025 2844//3030
f 2846//3032 2845//3029 2841//3024
f 2829//3012 2846//3032 2847//3033
f 2847//3033 2841//3024 2839//3022
f 2848//3034 2839//3022 2838//3035
f 2833//3018 2848//3034 2849//3036
f 2831//3014 2847//3033 2848//3034
f 2850//3037 2814//2995 2851//3038
f 2853//3040 2850//3037 2852//3039
f 2783//2962 2777//2958 2782//2960
f 2785//2965 2788//2964 2853//3040
f 2780//2957 2785//2965 2856//3043
f 2857//3044 2858//3050 2855//3042
f 2859//3045 2857//3044 2782//2960
f 2861//3046 2843//3028 2842//3026
f 2860//3047 2842//3026 2727//3027
f 2862//3048 2860//3047 2726//2899
f 2863//3049 2861//3046 2860//3047
f 2861//3046 2863//3049 2858//3050
f 2843//3028 2861//3046 2857//3044
f 2856//3043 2853//3040 2854//3041
f 2781//2959 2856//3043 2864//3051
f 2837//3021 2843//3028 2859//3045
f 2838//3035 2837//3021 2864//3051
f 2852//3039 2851//3038 2834//3019
f 2854//3041 2852//3039 2849//3036
f 2865//3052 2815//2999 2818//3053
f 2851//3038 2865//3052 2835//3020
f 2813//2994 2809//2992 2815//2999
f 2814//2995 2813//2994 2865//3052
f 2866//3054 2812//2993 2814//2995
f 2788//2964 2866//3054 2850//3037
f 2866//3054 2788//2964 2787//3055
f 2812//2993 2866//3054 2867//3056
f 1892//2003 1889//1739 1890//1740
f 2720//2895 2719//2894 2846//3032
f 298//1407 299//1006 256//148
f 2872//3058 2714//2890 2713//2892
f 3794//3059 3800//3922 2735//3006
f 2729//2903 2730//2902 2874//3060
f 2846//3032 2716//2891 2715//3062
f 2876//3063 2877//3092 2878//3064
f 2733//2909 2875//3065 2878//3064
f 3806//3066 3807//3090 2879//3067
f 3806//3066 2880//3068 2872//3058
f 2882//3069 2883//3082 2884//3070
f 2881//3071 2884//3070 2715//3062
f 2880//3068 2881//3071 2714//2890
f 2879//3067 2882//3069 2881//3071
f 2885//3072 2886//3130 2887//3073
f 2888//3074 2889//3084 2890//3075
f 2885//3072 2890//3075 2892//3076
f 2893//3078 2886//3130 2885//3072
f 1942//2002 2151//2195 2532//3079
f 2895//3081 2892//3076 2720//2895
f 2884//3070 2895//3081 2870//3057
f 2883//3082 2896//3083 2895//3081
f 2896//3083 2891//3077 2892//3076
f 2889//3084 2874//3060 2717//2893
f 2890//3075 2717//2893 2720//2895
f 2897//3085 2893//3078 2891//3077
f 2898//3086 2897//3085 2896//3083
f 2899//3087 2898//3086 2883//3082
f 2900//3088 2899//3087 2882//3069
f 3797//3089 2900//3088 2879//3067
f 2876//3063 2902//3796 2901//3091
f 2901//3091 2902//3796 2904//3093
f 1785//1825 2656//2864 1835//2845
f 2905//3095 2906//3143 2899//3087
f 2907//3096 2908//3140 2897//3085
f 3797//3089 2901//3091 2903//3094
f 632//2493 576//392 577//3098
f 3532//1639 3547//1640 2867//3056
f 434//265 385//226 550//337
f 2768//2951 2770//3885 3640//3099
f 2910//3101 2911//3907 1623//1690
f 2241//3102 2912//3108 2758//3103
f 3640//3099 2770//3885 2913//3104
f 1623//1690 2911//3907 2757//2930
f 3587//2310 2242//2309 2757//2930
f 2229//2299 1381//1464 1380//1466
f 2765//2944 1630//2311 1629//1697
f 2915//3107 2914//3106 1629//1697
f 3642//3109 3641//3110 2914//3106
f 3641//3110 3622//2947 2765//2944
f 2919//3111 2916//3122 3642//3109
f 2918//3113 2915//3107 2912//3108
f 3614//3114 2918//3113 2241//3102
f 3618//3115 2919//3111 3613//3112
f 3541//1663 2177//2216 2180//2218
f 3521//1682 2002//2245 2188//3117
f 3705//3118 3573//2056 714//376
f 2925//3119 2766//2946 2917//3120
f 2924//3121 2917//3120 2916//3122
f 3610//3123 2924//3121 2919//3111
f 3611//3124 2925//3119 2924//3121
f 2926//3125 2927//3345 2766//2946
f 3658//3126 2926//3125 2925//3119
f 1715//1533 1713//1529 1705//1744
f 785//1500 497//3618 498//2230
f 1387//719 651//371 565//1310
f 374//2231 375//3573 1899//3127
f 3573//2056 2203//2267 2206//2269
f 2929//3129 2930//3134 2886//3130
f 2932//3131 2933//3145 2934//3132
f 1905//1748 1906//1749 1908//1813
f 2930//3134 2935//3900 2936//3135
f 2938//3137 2935//3900 2930//3134
f 1493//1075 369//433 517//1897
f 1603//3138 1585//1001 1586//1389
f 2939//3139 2938//3137 2929//3129
f 2940//3141 2939//3139 2908//3140
f 3665//3142 1707//1523 1600//1395
f 2886//3130 2930//3134 2937//3136
f 2906//3143 2907//3096 2898//3086
f 2908//3140 2929//3129 2893//3078
f 2942//3144 2934//3132 2933//3145
f 2941//3146 2933//3145 2937//3136
f 3501//1687 2941//3146 2936//3135
f 3498//1686 2942//3144 2941//3146
f 2943//3147 2944//4955 2710//3148
f 2943//3147 2873//3061 2874//3060
f 2945//3149 2943//3147 2889//3084
f 2946//3150 2944//4955 2943//3147
f 2932//3131 2945//3149 2888//3074
f 2931//3133 2946//3150 2945//3149
f 727//375 1928//2201 1929//1777
f 2903//3094 2904//3093 2947//3151
f 545//331 594//355 42//30
f 1480//969 1570//1745 533//322
f 2907//3096 2906//3143 2949//3153
f 2906//3143 2905//3095 2950//3154
f 1558//1286 452//274 215//2820
f 3799//3097 2903//3094 2948//3152
f 2054//2008 1645//1985 1644//1420
f 3705//3118 3684//3431 2203//2267
f 1828//1677 1837//2119 1849//986
f 2953//3156 2954//3298 2955//3157
f 2952//3158 2955//3157 2957//3159
f 2956//3160 2261//3254 2258//2345
f 2953//3156 2952//3158 2258//2345
f 2454//2535 2455//2534 2474//2554
f 3747//3161 2958//3167 2959//3162
f 3747//3161 2132//3430 2131//2177
f 2961//3165 2962//3294 2963//3166
f 2958//3167 2963//3166 2964//3168
f 222//307 221//2566 2485//2565
f 2477//2557 2226//2294 2966//3170
f 2631//2841 2561//2655 2006//2070
f 2384//2467 2454//2535 2496//2580
f 2967//3172 2968//3173 2959//3162
f 2968//3173 2967//3172 2970//3174
f 3759//3176 2033//2098 2971//3177
f 3784//3178 2971//3177 2960//3179
f 2972//3180 2971//3177 2033//2098
f 2007//2461 2377//2460 2973//3181
f 3560//1736 3559//1727 2134//2179
f 1836//3182 1833//1679 1832//1711
f 3506//1735 2188//3117 2090//2143
f 955//1295 810//515 959//517
f 672//3184 675//1662 674//3185
f 633//2170 710//1383 713//1335
f 2024//1881 732//2883 733//398
f 2025//1882 2024//1881 803//1489
f 425//1057 1552//1327 1550//1285
f 2975//3186 2976//3401 888//1919
f 1319//1375 1158//1194 1157//1196
f 1212//1791 1935//1992 2977//3187
f 889//938 957//998 2228//3188
f 1978//1837 1974//1834 1975//1835
f 1138//2830 1078//1112 1329//1414
f 751//841 665//776 2979//3189
f 1619//1949 1613//1484 1625//1485
f 2252//2336 2255//2335 1728//3191
f 1157//1196 1160//1195 845//907
f 2706//3192 1936//1993 1938//1995
f 2980//3193 2255//2335 2254//3194
f 2982//3196 2975//3186 887//937
f 802//875 712//810 711//809
f 678//3197 677//788 2029//2081
f 527//697 840//904 690//905
f 1839//2741 1207//1238 2629//2735
f 2983//3198 2984//3231 602//730
f 2983//3198 1914//1973 1913//1972
f 2985//3199 2983//3198 1331//2759
f 2986//3200 2984//3231 2983//3198
f 2987//3201 2637//2744 2635//2743
f 2985//3199 2988//3218 2639//2746
f 2990//3202 1319//1375 1318//1374
f 2991//3204 2992//3209 2993//3205
f 2995//3207 2991//3204 2994//3206
f 1106//1135 1058//2752 2991//3204
f 1058//2752 1057//1085 2992//3209
f 1415//765 1406//763 1365//762
f 1317//1373 922//2351 2217//2284
f 1932//1990 1728//3191 2255//2335
f 926//965 2998//3214 2999//3211
f 3001//3212 2993//3205 2992//3209
f 3000//3213 2992//3209 1057//1085
f 2999//3211 3000//3213 2978//3190
f 2998//3214 3001//3212 3000//3213
f 3002//3215 2998//3214 2209//2275
f 3002//3215 3003//3216 2996//3208
f 2993//3205 3001//3212 3002//3215
f 1103//1136 1106//1135 2995//3207
f 3004//3217 2995//3207 2996//3208
f 2209//2275 2210//2274 3004//3217
f 588//722 1103//1136 3004//3217
f 295//1840 296//1187 433//1347
f 2638//2747 2639//2746 2988//3218
f 3005//3219 2988//3218 1056//1083
f 1305//1366 3005//3219 1930//1988
f 1276//1376 2638//2747 3005//3219
f 1987//1851 1968//1822 1993//1858
f 2633//2823 1762//2739 1761//1810
f 1423//797 1422//793 1417//783
f 3561//1769 3517//483 739//482
f 2671//2807 2670//3235 2704//2879
f 1473//2115 1872//2117 2035//2161
f 922//2351 1317//1373 2694//2861
f 1401//2337 1400//749 1378//715
f 556//1166 2028//2083 1884//2082
f 842//1433 848//1432 3825//601
f 1854//1902 2706//3192 2617//2720
f 933//973 1082//1114 1081//2783
f 1440//836 1441//840 1436//963
f 529//2725 657//771 719//815
f 1031//1063 1025//1060 1027//1061
f 777//854 913//952 912//2728
f 2645//2761 1205//1332 1204//1235
f 441//2805 438//269 1538//1348
f 790//1110 1287//1343 587//1197
f 2065//1969 2066//1959 1610//1404
f 1860//2837 991//1025 990//2760
f 60//40 106//77 87//78
f 1424//804 1017//528 1948//1932
f 332//3220 1527//1833 1507//1038
f 261//1341 262//335 138//1126
f 187//123 188//122 449//273
f 1719//1536 1720//1535 1726//1583
f 1931//1987 1055//1087 1059//1086
f 3006//3221 1059//1086 1105//2753
f 1287//1343 3006//3221 1104//1134
f 1286//2354 1931//1987 3006//3221
f 3007//3222 3008//3242 3009//3223
f 3009//3223 3008//3242 653//869
f 618//2279 999//1034 26//2732
f 2029//2081 677//788 1210//2836
f 957//998 601//966 600//729
f 1049//1078 2146//2298 2228//3188
f 2631//2841 890//939 3011//3225
f 890//939 889//938 2227//2297
f 3011//3225 2227//2297 2145//2187
f 2561//2655 3011//3225 3012//3226
f 1026//1232 656//1206 609//770
f 2706//3192 1854//1902 1961//2036
f 3013//3227 2965//3169 2485//2565
f 2148//2189 2147//2188 1267//1301
f 3015//3229 1267//1301 1266//1303
f 2997//3210 2264//2352 1101//1131
f 642//2787 641//756 1773//1817
f 186//121 477//1076 461//285
f 1041//1155 1040//1072 1320//1377
f 1121//1154 3016//3233 3017//3230
f 2984//3231 2986//3200 2987//3201
f 3018//3232 2987//3201 2634//2742
f 1048//1079 603//731 3018//3232
f 603//731 602//730 2984//3231
f 2679//2828 2678//2824 801//876
f 2062//1958 2072//1978 2074//1981
f 2061//1956 2074//1981 2076//1983
f 414//239 303//1201 1545//1200
f 3016//3233 1121//1154 2683//2833
f 3019//3234 2683//2833 2704//2879
f 3020//3236 3019//3234 2670//3235
f 3007//3222 3016//3233 3019//3234
f 1871//1921 1090//1121 1091//1122
f 3021//3237 1787//1826 1122//1152
f 3022//3238 3021//3237 3017//3230
f 1314//2859 3021//3237 3022//3238
f 1784//1827 1787//1826 3021//3237
f 1316//1372 1315//1371 1763//3239
f 3023//3240 3022//3238 3010//3224
f 3023//3240 3009//3223 795//868
f 1763//3239 3023//3240 1092//1123
f 1315//1371 3022//3238 3023//3240
f 3016//3233 3007//3222 3010//3224
f 752//2816 751//841 2978//3190
f 2986//3200 2639//2746 2637//2744
f 3024//3241 654//768 653//869
f 3020//3236 3024//3241 3008//3242
f 720//818 723//817 3024//3241
f 723//817 2621//2723 654//768
f 2681//2831 1098//1132 1268//1302
f 2671//2807 3025//3243 1268//1302
f 2705//2878 2681//2831 3025//3243
f 1313//1370 3026//3245 3027//3244
f 3026//3245 3028//3263 3029//3246
f 3027//3244 3029//3246 3030//3247
f 1311//1368 3027//3244 3031//3248
f 2012//2802 568//436 731//1875
f 917//1106 2657//2781 974//1012
f 743//1237 1206//1236 856//915
f 1888//1898 2027//1896 2030//1895
f 2682//3249 2705//2878 2684//2832
f 3032//3250 2684//2832 1124//1153
f 1100//2789 3032//3250 2989//3203
f 1099//1130 2682//3249 3032//3250
f 1123//3251 2990//3202 2989//3203
f 3033//3252 1834//1879 1159//1880
f 2990//3202 3033//3252 1158//1194
f 1123//3251 1786//2724 3033//3252
f 1786//2724 1785//1825 1834//1879
f 1054//1084 1056//1083 2988//3218
f 2979//3189 665//776 664//778
f 2623//2727 2622//2793 2663//2791
f 1095//1127 660//2839 688//796
f 3034//3253 3035//3258 2261//3254
f 3036//3255 3034//3253 2956//3160
f 3037//3256 3038//3257 3034//3253
f 3038//3257 3039//3265 3035//3258
f 3040//3259 3041//3260 3026//3245
f 2263//2347 3042//3261 3041//3260
f 3042//3261 3039//3265 3043//3262
f 3041//3260 3043//3262 3028//3263
f 3044//3264 3045//3267 3043//3262
f 3046//3266 3047//3268 3045//3267
f 3047//3268 3048//3301 3049//3269
f 3043//3262 3045//3267 3049//3269
f 3038//3257 3037//3256 3051//3270
f 3050//3271 3051//3270 3053//3272
f 3052//3273 3046//3266 3044//3264
f 3039//3265 3038//3257 3050//3271
f 3054//3274 3035//3258 3039//3265
f 3042//3261 2263//2347 2262//2346
f 2261//3254 3035//3258 3054//3274
f 2216//2348 2263//2347 2997//3210
f 2212//2349 2211//2280 2667//2803
f 3056//3275 868//925 2209//2275
f 934//974 3057//3502 1961//2036
f 2013//2840 3755//3307 3757//2040
f 3058//3277 3059//3280 3060//3278
f 3059//3280 3062//3282 3063//3281
f 3060//3278 3063//3281 2213//2281
f 3061//3279 3060//3278 1963//2350
f 3063//3281 3064//3283 2214//2282
f 3062//3282 3065//3284 3064//3283
f 3065//3284 2257//2342 2260//2344
f 3064//3283 2260//2344 2215//2283
f 3066//3285 3067//3286 3031//3248
f 2608//2707 2966//3170 3067//3286
f 2966//3170 2562//3312 3068//3287
f 3031//3248 3067//3286 3068//3287
f 2455//2534 2458//2540 2461//2539
f 2476//3288 2223//2292 2226//2294
f 3551//1899 2090//2143 2089//2145
f 3526//1490 2774//2953 3769//3289
f 433//1347 354//1346 355//201
f 2115//2048 1423//797 1419//785
f 3509//993 2868//3903 2922//3290
f 3769//3289 3737//3164 2131//2177
f 3069//3291 2611//2709 2167//3292
f 2971//3177 2972//3180 2928//3293
f 2961//3165 2774//2953 2773//2952
f 3070//3295 2475//2556 2478//2558
f 2610//3296 2609//2708 3071//3297
f 2502//2693 2371//2458 2374//2457
f 3072//3299 2592//2688 2595//2690
f 2964//3168 3046//3266 3052//3273
f 3048//3301 2593//3303 3074//3302
f 2593//3303 2592//2688 3075//3304
f 3075//3304 3030//3247 3029//3246
f 3074//3302 3029//3246 3028//3263
f 3072//3299 3076//3305 3075//3304
f 3076//3305 3072//3299 2482//3306
f 2481//2562 2608//2707 3066//3285
f 3076//3305 3066//3285 3030//3247
f 2967//3172 3052//3273 3053//3272
f 2482//3306 3072//3299 3073//3300
f 479//364 480//363 493//297
f 706//1340 3900//633 3873//2167
f 3561//1769 2194//3884 2221//2291
f 2013//2840 2010//2801 3754//812
f 3533//1930 2032//2097 2016//2075
f 3562//1933 3519//481 2222//3308
f 1171//587 1154//571 1155//573
f 2586//3310 2566//2658 2565//2714
f 2982//3196 110//152 113//154
f 2562//3312 2376//2656 3077//3313
f 2376//2656 2375//2459 3012//3226
f 3012//3226 2145//2187 2148//2189
f 3077//3313 2148//2189 3015//3229
f 2963//3166 3047//3268 3046//3266
f 3051//3270 3078//3466 2970//3174
f 1683//1805 2173//853 491//424
f 3850//2105 2122//2060 1447//848
f 1986//2053 2181//2221 3734//3314
f 3079//3316 3080//3320 2546//2637
f 3081//3317 3079//3316 2575//2668
f 1983//2054 1986//2053 3768//3315
f 3082//3319 2323//2407 2319//2638
f 3080//3320 3082//3319 2545//2636
f 3734//3314 3732//3321 3082//3319
f 3732//3321 3748//2405 2323//2407
f 1309//637 1471//933 1888//1898
f 3073//3300 2595//2690 2772//3322
f 2760//2931 3083//3325 3084//3324
f 2760//2931 2085//2140 2088//2142
f 3085//3326 3084//3324 3086//3327
f 3089//3329 3085//3326 3090//3330
f 3089//3329 2762//2934 3084//3324
f 3092//3332 3088//3331 3090//3330
f 3093//3334 2748//2919 2744//2915
f 2751//2922 2747//2920 2748//2919
f 3093//3334 2741//2913 2752//2924
f 2742//2914 2741//2913 3093//3334
f 3094//3335 3093//3334 2743//2917
f 3096//3337 3097//3340 3098//3338
f 3099//3339 3096//3337 3087//3328
f 3097//3340 3094//3335 3095//3336
f 3100//3341 2743//2917 2746//2916
f 3101//3342 2927//3345 3102//3343
f 2764//3344 2766//2946 2927//3345
f 2745//2918 2764//3344 3101//3342
f 3102//3343 3092//3332 3091//3333
f 3100//3341 3091//3333 3095//3336
f 2869//3346 2802//3405 3592//3347
f 3102//3343 3103//3350 3104//3349
f 3658//3126 2868//3903 2869//3346
f 2927//3345 2926//3125 3103//3350
f 3098//3338 3095//3336 3091//3333
f 3087//3328 3098//3338 3090//3330
f 2088//2142 2125//2172 3105//3351
f 3083//3325 3105//3351 3086//3327
f 2483//2563 3073//3300 2771//3323
f 2401//2885 2186//2222 2185//2223
f 3099//3339 3086//3327 3105//3351
f 2125//2172 2207//2295 3106//3353
f 3108//3354 2737//2912 2742//2914
f 3107//3355 2742//2914 3094//3335
f 3110//3356 3108//3354 3107//3355
f 3109//3357 3107//3355 3097//3340
f 3111//3358 3109//3357 3096//3337
f 3112//3359 3110//3356 3109//3357
f 3113//3360 2738//2910 2737//2912
f 3115//3361 2723//2897 2722//3362
f 3117//3364 3115//3361 3114//3363
f 3119//3366 3117//3364 3116//3365
f 3118//3367 3116//3365 3120//3368
f 3116//3365 3114//3363 3113//3360
f 3122//3370 3112//3359 3111//3358
f 3122//3370 3123//3371 1755//2271
f 3124//3372 3125//3375 3126//3373
f 3125//3375 3118//3367 3121//3369
f 3128//3376 3119//3366 3118//3367
f 3129//3377 3128//3376 3125//3375
f 2020//2078 2712//3837 3128//3376
f 3853//671 3857//662 1346//664
f 1065//2174 1046//538 1047//537
f 1814//1665 3838//1653 3830//1445
f 2021//2079 2020//2078 3129//3377
f 3111//3358 3099//3339 3106//3353
f 3123//3371 3106//3353 2207//2295
f 2377//2460 2225//2293 2224//3379
f 3014//3228 2485//2565 113//154
f 1756//1802 2208//2272 3782//3380
f 3131//3382 3132//3397 2530//2622
f 3133//3383 3131//3382 2528//2620
f 1753//1803 1756//1802 3767//3381
f 3134//3385 3124//3372 3127//3374
f 2327//2410 2408//2482 2314//2506
f 2436//2515 2318//2402 2317//2404
f 2018//2077 2021//2079 3711//3387
f 2534//2625 3136//3390 3137//3389
f 2320//2403 2322//2406 3136//3390
f 2185//2223 2018//2077 3712//3388
f 3138//3392 3139//3867 2542//2633
f 3134//3385 3135//3386 3744//3393
f 3785//3395 3130//3378 3134//3385
f 3140//3396 3138//3392 2539//2630
f 2535//2626 3137//3389 3140//3396
f 3711//3387 2021//2079 3130//3378
f 2558//2652 2530//2622 3132//3397
f 3782//3380 3760//3400 3141//3398
f 2560//2654 2558//2652 3141//3398
f 3760//3400 3777//3419 3142//3399
f 958//999 888//1919 2976//3401
f 1933//3402 1932//1990 2980//3193
f 2399//3404 2424//2499 2418//2490
f 2348//2431 2342//2426 2343//2427
f 2322//2406 2320//2403 2319//2638
f 2718//3031 2717//2893 2874//3060
f 2709//2905 2729//2903 2873//3061
f 2894//3080 2871//3752 1361//1440
f 346//384 289//175 176//177
f 1876//1724 1877//1723 1882//1920
f 2802//3405 2803//3409 3607//3406
f 3104//3349 3144//3905 3088//3331
f 2974//3309 2222//3308 3649//2936
f 3089//3329 3145//3408 2761//2933
f 3088//3331 3144//3905 3145//3408
f 2803//3409 2974//3309 3603//3407
f 3870//2095 3909//2181 692//379
f 2123//2061 1419//785 1418//780
f 1365//762 1363//687 1368//688
f 1581//1380 1766//1597 1782//1696
f 3569//1337 2202//2277 2129//2176
f 3555//2128 2003//2065 2002//2245
f 3146//3410 2585//2677 2551//2644
f 3751//3412 3146//3410 3147//3411
f 3742//3414 3149//3415 3146//3410
f 3149//3415 2584//2676 2585//2677
f 3196//3416 3198//2236 3197//3417
f 3604//3418 2192//2248 2191//2249
f 3142//3399 3150//3420 2556//2647
f 3777//3419 3778//3422 3150//3420
f 3646//3421 3152//3425 2550//2641
f 3150//3420 3151//3423 2555//2648
f 3778//3422 3780//3904 3151//3423
f 3788//3424 3781//3427 3152//3425
f 3153//3426 3147//3411 2551//2644
f 3152//3425 3153//3426 2549//2642
f 3781//3427 3776//3428 3153//3426
f 3776//3428 3750//3413 3147//3411
f 3148//3429 2767//3483 2206//2269
f 2183//2886 2401//2885 2321//3352
f 2132//3430 2960//3179 2928//3293
f 3684//3431 3685//3913 2204//3432
f 3719//3433 2198//2253 2197//2255
f 2594//2689 2962//3294 2773//2952
f 2595//2690 2594//2689 2951//3435
f 1870//1713 798//1873 799//1716
f 3713//3436 2179//2217 2178//3437
f 3706//3438 2178//3437 3736//3439
f 336//510 3154//3443 3774//3441
f 339//512 3155//3912 3154//3443
f 3789//3444 3683//3445 3149//3415
f 3683//3445 3697//2678 2584//2676
f 2963//3166 2962//3294 3048//3301
f 3722//3442 3730//3452 337//3446
f 339//512 338//511 2566//2658
f 3156//3447 3157//3448 2168//2209
f 2610//3296 3156//3447 2167//3292
f 2954//3298 2953//3156 3156//3447
f 3157//3448 3156//3447 2953//3156
f 3707//3449 2166//2208 2169//2210
f 2567//2660 3158//3917 3159//3451
f 337//3446 3158//3917 2567//2660
f 3730//3452 3069//3291 2166//2208
f 3764//3453 2190//2247 1983//2054
f 2579//2671 3160//3454 3081//3317
f 2568//2662 3159//3451 3160//3454
f 3709//3450 2169//2210 2190//2247
f 3065//3284 3062//3282 3162//3455
f 3161//3456 3162//3455 1984//2052
f 3157//3448 3161//3456 2189//2246
f 2257//2342 3065//3284 3161//3456
f 734//400 735//399 1922//3457
f 3059//3280 3058//3277 2708//2887
f 3163//3458 2708//2887 2182//2219
f 3162//3455 3163//3458 1985//2224
f 3062//3282 3059//3280 3163//3458
f 3203//3459 3206//3561 3205//3460
f 2122//2060 2119//2059 1448//852
f 3817//886 1686//1158 1685//1160
f 139//95 140//94 444//2847
f 1570//1745 569//437 566//1320
f 2957//3159 3164//3464 3165//3463
f 2955//3157 3166//3476 3164//3464
f 1912//1758 454//275 341//499
f 3130//3378 3129//3377 3124//3372
f 1548//2355 322//1860 319//1861
f 1949//2204 1950//2024 1327//1729
f 2969//3175 2970//3174 3078//3466
f 3167//3467 3078//3466 3169//3468
f 3724//3470 2014//2074 2017//2076
f 3720//3471 2017//2076 2033//2098
f 3168//3469 3169//3468 3165//3463
f 3170//3472 3165//3463 3164//3464
f 3779//3474 3170//3472 3171//3473
f 3724//3470 3168//3469 3170//3472
f 3171//3473 3164//3464 3166//3476
f 3172//3477 3166//3476 3071//3297
f 3752//3479 3172//3477 3173//3478
f 3756//3475 3171//3473 3172//3477
f 3169//3468 3037//3256 3036//3255
f 2593//3303 3048//3301 2962//3294
f 3173//3478 3071//3297 2609//2708
f 3174//3481 2609//2708 2199//2710
f 3783//3482 3174//3481 2198//2253
f 3749//3480 3173//3478 3174//3481
f 2190//2247 2189//2246 1984//2052
f 2196//2252 2195//2251 2767//3483
f 2119//2059 2120//2085 1414//766
f 1464//947 1463//3857 1466//891
f 2199//2710 2611//2709 3069//3291
f 2457//2713 2456//2536 2587//3311
f 2226//2294 2225//2293 2562//3312
f 481//404 478//362 1627//1409
f 333//1261 1512//1053 235//1052
f 3078//3466 3051//3270 3037//3256
f 3040//3259 2264//2352 2997//3210
f 2219//2287 1934//1991 1933//3402
f 2385//2468 2384//2467 2497//3171
f 221//2566 2220//2286 3175//3484
f 2220//2286 1933//3402 3143//3403
f 3175//3484 3143//3403 2976//3401
f 2484//2564 3175//3484 2975//3186
f 2954//3298 3071//3297 3166//3476
f 2630//2737 1858//1908 110//152
f 1547//2838 319//1861 1952//1971
f 2091//3486 2090//2143 2188//3117
f 3733//3487 3736//3439 2178//3437
f 1918//1760 1919//1756 1927//1773
f 3563//2202 112//153 111//3488
f 955//1295 956//3183 960//3490
f 2037//3491 3014//3228 112//153
f 3143//3403 2980//3193 2981//3195
f 2218//2285 2211//2280 2214//2282
f 672//3184 3877//1202 3787//1204
f 2152//2203 3013//3227 3014//3228
f 1147//586 1144//578 1143//1862
f 2248//2328 2246//2325 1409//1480
f 1615//1721 1636//2331 1635//1703
f 1410//1481 1409//1480 2246//2325
f 3241//3492 3243//3529 3242//3493
f 1382//2307 3176//3495 3177//3494
f 3177//3494 1410//1481 2247//2324
f 2247//2324 1383//1465 3177//3494
f 3176//3495 2238//2306 2230//2301
f 1410//1481 3177//3494 3179//3497
f 3179//3497 3180//3754 2243//2313
f 1633//1700 3181//3498 2800//2977
f 1621//2326 1620//1688 2758//3103
f 1622//1689 1621//2326 2245//2323
f 2236//2304 1394//1470 3181//3498
f 2237//2305 2236//2304 3182//3499
f 2250//2329 1631//1698 2233//2302
f 2912//3108 1629//1697 1628//1699
f 135//1847 136//429 1564//1353
f 1567//1437 419//252 512//309
f 1085//1118 1084//1117 2653//2775
f 3184//3501 869//926 868//925
f 869//926 3184//3501 3057//3502
f 1266//1303 1268//1302 1098//1132
f 1267//1301 2147//2188 722//2722
f 937//976 1146//1188 2646//2764
f 2146//2298 1049//1078 722//2722
f 2211//2280 2218//2285 921//960
f 1957//2870 510//985 507//1359
f 1313//1370 1312//1369 2264//2352
f 1496//995 362//205 1493//1075
f 2887//3073 2937//3136 2933//3145
f 1687//3503 1688//3924 1659//1576
f 145//1011 1499//1010 1498//1223
f 37//19 38//21 418//1028
f 1935//1992 1934//1991 3185//3504
f 104//2810 89//67 301//438
f 2101//2018 2098//2012 2083//1998
f 543//1800 298//1407 360//1040
f 1934//1991 2219//2287 3186//3505
f 234//1055 1521//1077 212//173
f 3845//2090 3821//1668 1822//1666
f 1976//3506 1875//2146 1874//1715
f 223//308 3186//3505 2219//2287
f 3655//3507 3656//3600 3605//3508
f 2165//3510 2164//2214 467//410
f 467//410 468//287 2165//3510
f 773//421 476//2205 2165//3510
f 1935//1992 1212//1791 1728//3191
f 3240//2319 3225//2288 3226//2290
f 3261//3511 3249//3722 3250//3512
f 3215//2241 3216//2243 3244//3514
f 3265//3516 3221//2265 3215//2241
f 3267//3517 3245//2332 3198//2236
f 3205//3460 3206//3561 3269//3518
f 3214//3520 3211//2238 3265//3516
f 3271//3522 3213//2239 3214//3520
f 3251//3524 3252//3563 3239//3525
f 3222//3526 3221//2265 3266//3527
f 3232//2318 3235//2320 3234//2322
f 3216//2243 3242//3493 3243//3529
f 3196//3416 3193//2232 3268//3530
f 3244//3514 3243//3529 3254//3531
f 3238//2316 3239//3525 3247//2950
f 3264//3515 3244//3514 3255//3519
f 3253//3532 3242//3493 3216//2243
f 3211//2238 3266//3527 3221//2265
f 3257//3533 3217//2242 3218//2266
f 3258//3535 3222//3526 3272//3528
f 3274//3537 3275//3543 3280//3538
f 3228//3540 3229//3555 3262//3541
f 3275//3543 3231//3562 3281//3544
f 3226//2290 3227//2289 3273//3539
f 3236//2315 3263//3542 3260//3513
f 3281//3544 3263//3542 3236//2315
f 3287//1578 3271//3522 3192//3523
f 3235//2320 3226//2290 3280//3538
f 3234//2322 3280//3538 3281//3544
f 3288//3546 3290//3556 3259//3536
f 3260//3513 3250//3512 3276//3547
f 3289//3548 3212//2240 3278//3549
f 3210//3551 3209//2938 3224//2940
f 3199//2237 3202//2948 3201//3553
f 3228//3540 3231//3562 3230//3554
f 3290//3556 3288//3546 3285//3557
f 3282//1580 3279//3566 3271//3522
f 3260//3513 3263//3542 3262//3541
f 3243//3529 3241//3492 3268//3530
f 3267//3517 3268//3530 3241//3492
f 3194//2234 3207//3570 3208//3559
f 3191//3560 3270//3521 3269//3518
f 3270//3521 3191//3560 3192//3523
f 3275//3543 3274//3537 3230//3554
f 3264//3515 3269//3518 3270//3521
f 3252//3563 3251//3524 3276//3547
f 3248//3565 3252//3563 3291//3564
f 3213//2239 3271//3522 3279//3566
f 3272//3528 3266//3527 3289//3548
f 3277//3567 3278//3549 3212//2240
f 3228//3540 3263//3542 3281//3544
f 3220//3568 3225//2288 3253//3532
f 3219//3569 3253//3532 3217//2242
f 3256//3534 3218//2266 3222//3526
f 3247//2950 3239//3525 3252//3563
f 3245//2332 3267//3517 3232//2318
f 3266//3527 3211//2238 3212//2240
f 3208//3559 3205//3460 3255//3519
f 3288//3546 3289//3548 3284//3550
f 3204//3461 3205//3460 3208//3559
f 560//2229 1899//3127 3187//3571
f 3209//2938 3210//3551 3201//3553
f 3189//3545 3192//3523 3191//3560
f 448//1848 1980//1838 807//450
f 647//367 648//366 122//980
f 1833//1679 1848//1676 1780//1747
f 510//985 509//984 508//1360
f 3210//3551 1949//2204 1887//3465
f 1887//3465 15//8 3200//2235
f 15//8 16//2228 3197//3417
f 16//2228 3188//2227 3195//2233
f 3195//2233 3188//2227 3187//3571
f 3194//2234 3187//3571 1899//3127
f 3207//3570 1899//3127 375//3573
f 387//227 173//116 126//85
f 3189//3545 1791//2206 1760//2207
f 3577//3574 763//2211 757//406
f 763//2211 3577//3574 2172//2106
f 3583//3576 3582//3601 3580//3577
f 3581//3578 3580//3577 3579//3579
f 3594//3580 3597//3637 3596//3581
f 3400//3583 3601//3591 3602//3584
f 3626//3586 3624//3659 3625//3587
f 3631//3589 3635//3610 3599//3590
f 3636//3592 3637//3603 3595//3582
f 3647//3593 3584//3597 3588//3594
f 3650//3596 3582//3601 3584//3597
f 3653//3598 3579//3579 3580//3577
f 3653//3598 2176//2212 3654//1775
f 1801//1633 1864//950 3656//3600
f 3651//3599 3580//3577 3582//3601
f 3644//3602 3638//3626 3595//3582
f 1767//806 1768//1596 3659//3604
f 1597//1397 3663//805 3661//2103
f 1708//1524 1707//1523 3665//3142
f 3671//2258 3668//2257 3667//3605
f 3666//3606 3667//3605 3673//3607
f 1588//1526 1708//1524 3664//2256
f 2080//2338 3671//2258 3666//3606
f 2082//2006 3666//3606 3672//3608
f 3674//3609 3677//3611 3635//3610
f 3677//3611 3678//3623 3636//3592
f 3682//3612 3647//3593 3645//3595
f 3692//3614 3651//3599 3650//3596
f 3681//3613 3645//3595 3644//3602
f 786//1499 3694//3617 3692//3614
f 3694//3617 3653//3598 3651//3599
f 785//1500 3692//3614 3686//3615
f 497//3618 3686//3615 3682//3612
f 650//372 3682//3612 3681//3613
f 3696//3619 564//370 3681//3613
f 3405//3620 3606//3654 3605//3508
f 3702//3622 3699//3624 3678//3623
f 3699//3624 3698//3634 3679//3625
f 3645//3595 3588//3594 3638//3626
f 1799//1635 3657//3650 3659//3604
f 3708//3627 3704//3653 3458//3628
f 3462//3630 3710//3633 3708//3627
f 3714//577 463//576 564//370
f 3615//3631 3606//3654 3602//3584
f 3710//3633 3714//577 3696//3619
f 3635//3610 3636//3592 3596//3581
f 3629//3635 3626//3586 3627//3588
f 3597//3637 3600//3632 3599//3590
f 3630//3636 3716//3642 3715//3638
f 3627//3588 3625//3587 3597//3637
f 3717//3639 3716//3642 3723//3640
f 3715//3638 3663//805 3660//807
f 3716//3642 3717//3639 3725//2102
f 3668//2257 3665//3142 3661//2103
f 3668//2257 3725//2102 3717//3639
f 3667//3605 3717//3639 3718//3641
f 3727//3643 3728//3644 3673//3607
f 3728//3644 1576//2019 3672//3608
f 3726//3645 3727//3643 3718//3641
f 1576//2019 2101//2018 2084//1997
f 3727//3643 3726//3645 3731//3646
f 3203//3459 376//718 1387//719
f 3190//3572 1387//719 1791//2206
f 3283//3552 2152//2203 1949//2204
f 317//183 240//190 259//151
f 2000//1868 2176//2212 3653//3598
f 3601//3591 3599//3590 3600//3632
f 3589//3648 3588//3594 3584//3597
f 3577//3574 758//1497 756//426
f 3585//3649 3584//3597 3582//3601
f 3678//3623 3679//3625 3637//3603
f 3204//3461 375//3573 376//718
f 1801//1633 3655//3507 3657//3650
f 3729//3647 3735//3652 3728//3644
f 1575//1378 3735//3652 3738//3651
f 3735//3652 1575//1378 1576//2019
f 1776//1630 1795//1629 1796//1637
f 1293//661 1294//657 1290//649
f 1326//2200 14//9 1327//1729
f 1294//657 1245//627 1234//619
f 878//626 1244//625 1330//648
f 497//3618 373//2850 374//2231
f 122//980 648//366 413//240
f 3699//3624 3702//3622 3704//3653
f 3606//3654 3405//3620 3401//3585
f 3708//3627 3710//3633 3698//3634
f 3464//575 3714//577 3710//3633
f 3704//3653 3674//3609 3443//3655
f 439//271 398//1539 399//1352
f 1512//1053 1528//1099 1526//1098
f 1668//1475 1741//1563 1738//1567
f 839//3656 849//1431 1362//2226
f 1362//2226 1357//677 826//678
f 3843//1428 740//1934 1896//1589
f 2053//2009 2054//2008 2118//885
f 3888//2118 3887//2086 2120//2085
f 696//1234 697//1233 3816//3657
f 1826//2773 1878//1731 639//1453
f 3740//3658 3739//3661 3729//3647
f 956//3183 885//463 886//485
f 1980//1838 806//442 1922//3457
f 33//18 34//17 105//111
f 1343//659 1344//660 3856//666
f 3907//2069 2127//2068 2128//2073
f 1766//1597 1581//1380 1582//1382
f 14//9 1326//2200 2163//2197
f 595//354 98//72 99//1067
f 3233//2321 3238//2316 3246//2949
f 1346//664 1035//534 1044//535
f 748//1906 1888//1898 1425//800
f 3193//2232 3208//3559 3254//3531
f 3190//3572 3191//3560 3206//3561
f 3612//3509 3605//3508 3606//3654
f 3624//3659 3612//3509 3615//3631
f 3631//3589 3415//3660 3443//3655
f 3679//3625 3680//3616 3644//3602
f 3686//3615 3650//3596 3647//3593
f 3702//3622 3677//3611 3674//3609
f 3625//3587 3615//3631 3600//3632
f 3601//3591 3400//3583 3415//3660
f 3739//3661 3738//3651 3735//3652
f 3630//3636 3627//3588 3594//3580
f 3741//3662 3723//3640 3716//3642
f 1284//1792 1290//649 1288//651
f 3698//3634 3696//3619 3680//3616
f 1778//1616 1781//1615 1780//1747
f 1792//2099 1759//3883 1584//1631
f 695//2132 570//347 571//346
f 3638//3626 3741//3662 3594//3580
f 3741//3662 3638//3626 3588//3594
f 3247//2950 3248//3565 3209//2938
f 3292//3663 3293//3735 3294//3664
f 3296//3666 3297//3732 3298//3667
f 3299//3668 3298//3667 3300//3669
f 3302//3671 3303//3679 3304//3672
f 3306//3674 3307//3677 3308//3675
f 3307//3677 3310//3733 3311//3678
f 3303//3679 3302//3671 3301//3670
f 3312//3680 3305//3673 3304//3672
f 3314//3682 3315//3747 3316//3683
f 3318//3685 3319//3706 3320//3686
f 3324//3688 3318//3685 3321//3687
f 3326//3690 3327//3717 3328//3691
f 3329//3693 3330//4956 3331//3694
f 3333//3696 3334//3708 3335//3697
f 3337//3699 3338//3707 3339//3700
f 3333//3696 3336//3698 3341//3702
f 3342//3703 3341//3702 3343//3704
f 3319//3706 3345//3723 3344//3705
f 3338//3707 3335//3697 3334//3708
f 3346//3709 3301//3670 3302//3671
f 3305//3673 3348//3714 3347//3710
f 3312//3680 3224//2940 3223//2939
f 3350//3712 3337//3699 3340//3701
f 3312//3680 3349//3711 3348//3714
f 3352//3715 3343//3704 3341//3702
f 3311//3678 3353//3731 3354//3716
f 3341//3702 3336//3698 3327//3717
f 3359//3718 3360//3721 3361//3719
f 3360//3721 3359//3718 3250//3512
f 3318//3685 3363//3734 3345//3723
f 3364//3724 3363//3734 3318//3685
f 3314//3682 3364//3724 3324//3688
f 3366//3726 3299//3668 3301//3670
f 3299//3668 3366//3726 3367//3727
f 3308//3675 3354//3716 3368//3728
f 3369//3729 3317//3684 3295//3665
f 3317//3684 3369//3729 3364//3724
f 3370//3730 3295//3665 3317//3684
f 3325//3689 3371//3740 3365//3725
f 3352//3715 3320//3686 3319//3706
f 3296//3666 3367//3727 3353//3731
f 3297//3732 3296//3666 3311//3678
f 3363//3734 3368//3728 3354//3716
f 3345//3723 3354//3716 3353//3731
f 3344//3705 3353//3731 3367//3727
f 3366//3726 3333//3696 3342//3703
f 3347//3710 3339//3700 3334//3708
f 3339//3700 3347//3710 3348//3714
f 3348//3714 3349//3711 3351//3713
f 3363//3734 3364//3724 3369//3729
f 3294//3664 3309//3676 3368//3728
f 3293//3735 3306//3674 3309//3676
f 3331//3694 3373//3742 3374//3736
f 3346//3709 3334//3708 3333//3696
f 3323//3692 3322//3741 3352//3715
f 3356//3737 3355//3738 3321//3687
f 3355//3738 3357//3739 3325//3689
f 3357//3739 3358//3750 3371//3740
f 3322//3741 3356//3737 3320//3686
f 3361//3719 3330//4956 3329//3693
f 3373//3742 3372//3745 3375//3743
f 3374//3736 3375//3743 3376//3744
f 3329//3693 3332//3695 3376//3744
f 3327//3717 3375//3743 3372//3745
f 3336//3698 3335//3697 3375//3743
f 3335//3697 3338//3707 3376//3744
f 3376//3744 3338//3707 3337//3699
f 3337//3699 3350//3712 3359//3718
f 3359//3718 3350//3712 3276//3547
f 3377//3746 3292//3663 3295//3665
f 3277//3567 3316//3683 3315//3747
f 3371//3740 3378//3749 3379//3748
f 3378//3749 3371//3740 3358//3750
f 3365//3725 3379//3748 3315//3747
f 3316//3683 3277//3567 3279//3566
f 3282//1580 3377//3746 3370//3730
f 3313//3681 3283//3552 3224//2940
f 3378//3749 3285//3557 3284//3550
f 3380//3751 3286//3558 3285//3557
f 3379//3748 3284//3550 3278//3549
f 3276//3547 3350//3712 3351//3713
f 3291//3564 3351//3713 3349//3711
f 3313//3681 3304//3672 2965//3169
f 2965//3169 3304//3672 3303//3679
f 222//307 3303//3679 3300//3669
f 223//308 3300//3669 3298//3667
f 3298//3667 3297//3732 3185//3504
f 3297//3732 3310//3733 2977//3187
f 3310//3733 3307//3677 1213//1242
f 3307//3677 3306//3674 1214//1243
f 2532//3079 1214//1243 3306//3674
f 2894//3080 2532//3079 3293//3735
f 2871//3752 2894//3080 3292//3663
f 3253//3532 3225//2288 3240//2319
f 3283//3552 3313//3681 3013//3227
f 1997//1865 1996//1866 1889//1739
f 1237//1257 745//839 744//838
f 1535//1782 1534//1784 120//1816
f 1531//1119 1532//1367 201//137
f 1119//1151 1241//1262 1032//1066
f 946//478 948//477 824//489
f 163//213 8//4 5//6
f 3589//3648 3726//3645 3723//3640
f 1155//573 1156//572 1162//581
f 427//280 213//132 327//1304
f 553//1454 1902//1779 796//1498
f 3381//3753 2232//2300 2231//2303
f 3381//3753 3178//3496 2230//2301
f 2237//2305 3183//3500 3180//3754
f 3383//3755 3384//3758 3385//3756
f 3384//3758 3386//3760 3387//3759
f 3386//3760 3388//3762 3389//3761
f 3388//3762 3390//3788 3391//3763
f 3392//3764 3393//3783 3394//3765
f 3395//3766 3394//3765 3396//3767
f 3398//3769 3399//3770 3397//3768
f 3400//3583 3401//3585 3399//3770
f 3403//3771 3404//3773 3405//3620
f 3406//3772 3407//3775 3404//3773
f 3408//3774 3409//3777 3407//3775
f 3410//3776 3411//3779 3409//3777
f 3412//3778 3413//3825 3411//3779
f 3415//3660 3400//3583 3398//3769
f 3414//3780 3398//3769 3396//3767
f 3416//3781 3396//3767 3394//3765
f 3417//3782 3394//3765 3393//3783
f 3393//3783 3419//3786 3420//3785
f 3419//3786 3390//3788 3421//3787
f 3390//3788 3388//3762 3422//3789
f 3388//3762 3386//3760 3423//3790
f 3386//3760 3384//3758 3424//3791
f 3384//3758 3383//3755 3425//3792
f 3425//3792 3383//3755 3426//3793
f 2904//3093 3427//3853 3428//3794
f 3429//3795 3427//3853 2904//3093
f 3430//3797 3429//3795 2902//3796
f 2875//3065 3431//3829 3430//3797
f 3432//3798 3433//3830 2733//2909
f 2825//3008 3434//3805 3435//3799
f 3437//3800 3438//3832 3439//3801
f 3441//3803 3437//3800 3436//3802
f 2724//2898 2723//2897 3434//3805
f 3436//3802 3439//3801 3115//3361
f 3440//3804 3436//3802 3117//3364
f 3443//3655 3415//3660 3414//3780
f 3442//3806 3414//3780 3416//3781
f 3444//3807 3416//3781 3417//3782
f 3445//3808 3417//3782 3418//3784
f 3446//3809 3418//3784 3420//3785
f 3420//3785 3421//3787 3448//3811
f 3421//3787 3422//3789 3449//3812
f 3422//3789 3423//3790 3450//3813
f 3423//3790 3424//3791 3451//3814
f 3424//3791 3425//3792 3452//3815
f 3425//3792 3184//3501 3056//3275
f 3451//3814 3452//3815 2253//2334
f 3450//3813 3451//3814 2252//2336
f 3449//3812 3450//3813 1727//1790
f 3448//3811 3449//3812 2150//2273
f 3453//3816 3447//3810 3448//3811
f 3454//3817 3446//3809 3447//3810
f 3455//3818 3445//3808 3446//3809
f 3456//3819 3444//3807 3445//3808
f 3442//3806 3444//3807 3456//3819
f 3443//3655 3442//3806 3457//3820
f 3459//3821 3460//3629 3458//3628
f 3457//3820 3456//3819 3455//3818
f 3459//3821 3455//3818 3454//3817
f 3462//3630 3460//3629 3459//3821
f 3461//3822 3454//3817 3453//3816
f 3464//575 3462//3630 3461//3822
f 3463//3823 3453//3816 1941//2194
f 3404//3773 3399//3770 3401//3585
f 3407//3775 3397//3768 3399//3770
f 3409//3777 3395//3766 3397//3768
f 3411//3779 3392//3764 3395//3766
f 3465//3824 3466//3828 3413//3825
f 3467//3826 3468//3833 3469//3827
f 3465//3824 3412//3778 3431//3829
f 3470//3831 3467//3826 3466//3828
f 3438//3832 3470//3831 3432//3798
f 3467//3826 3470//3831 3438//3832
f 3468//3833 3467//3826 3437//3800
f 3471//3834 3469//3827 3468//3833
f 3472//3835 3468//3833 3441//3803
f 3473//3836 3441//3803 3440//3804
f 2712//3837 3440//3804 3119//3366
f 3475//3838 3471//3834 3472//3835
f 3474//3839 3472//3835 3473//3836
f 3476//3840 3473//3836 2712//3837
f 3477//3841 3476//3840 2711//2888
f 3478//3842 3474//3839 3476//3840
f 3479//3843 3475//3838 3474//3839
f 3392//3764 3411//3779 3413//3825
f 3466//3828 3469//3827 3480//3844
f 3419//3786 3393//3783 3392//3764
f 3390//3788 3419//3786 3480//3844
f 3469//3827 3471//3834 3391//3763
f 3389//3761 3391//3763 3471//3834
f 3387//3759 3389//3761 3475//3838
f 3385//3756 3387//3759 3479//3843
f 3482//3846 3477//3841 2400//2478
f 3483//3847 3478//3842 3477//3841
f 3481//3845 3479//3843 3478//3842
f 3484//3848 3482//3846 2402//2477
f 3058//3277 3484//3848 2707//2884
f 3061//3279 3485//3849 3484//3848
f 3485//3849 3483//3847 3482//3846
f 3382//3757 3385//3756 3481//3845
f 3486//3850 3481//3845 3483//3847
f 3426//3793 3383//3755 3382//3757
f 3487//3851 3382//3757 3486//3850
f 3486//3850 3485//3849 3061//3279
f 1961//2036 3057//3502 3487//3851
f 3057//3502 3184//3501 3426//3793
f 3428//3794 3403//3771 3402//3621
f 3427//3853 3406//3772 3403//3771
f 3429//3795 3408//3774 3406//3772
f 3430//3797 3410//3776 3408//3774
f 3431//3829 3412//3778 3410//3776
f 3470//3831 3465//3824 3433//3830
f 3434//3805 3439//3801 3438//3832
f 2723//2897 3115//3361 3439//3801
f 2875//3065 2733//2909 3433//3830
f 2736//2908 2824//3005 3435//3799
f 2947//3151 3428//3794 3488//3852
f 3464//575 3463//3823 1360//2001
f 1900//1742 1925//1768 1924//1781
f 1736//1561 1717//1559 1718//1841
f 1955//3485 1952//1971 1943//3854
f 1671//1474 1738//1567 1735//1560
f 1696//1506 1750//1591 1698//1516
f 1800//1634 1865//948 1864//950
f 2063//1957 2055//1945 2056//1947
f 1737//1568 1734//1558 1717//1559
f 1751//1592 1735//1560 1697//1562
f 943//2088 3885//1392 3899//1394
f 3656//3600 3488//3852 3402//3621
f 1577//1531 1578//1601 1764//1605
f 3917//1606 1598//1396 1599//1525
f 1945//3855 146//557 82//61
f 68//49 6//5 7//2726
f 147//97 1542//1179 1543//1189
f 1109//544 1135//2261 1133//558
f 1503//2788 1910//1831 1907//1832
f 1499//1010 1501//1007 1909//1814
f 452//274 1922//3457 735//399
f 1824//1670 2068//2718 3835//3856
f 1825//1671 2067//1960 2068//2718
f 1463//3857 1462//1989 1022//532
f 841//686 1012//521 1009//522
f 1568//1783 1547//2838 1955//3485
f 1910//1831 1503//2788 1502//2763
f 1939//3858 1502//2763 422//256
f 309//1031 280//167 1940//1787
f 1804//1638 1851//959 1866//3859
f 269//163 1482//971 1954//1799
f 2065//1969 1607//1406 2060//2882
f 3812//3462 1685//1160 1758//3860
f 280//167 276//169 552//1276
f 1875//2146 1873//1712 1869//1714
f 1739//1582 1721//1557 1734//1558
f 1778//1616 1779//1675 1790//1678
f 310//184 1920//1755 1915//1757
f 1909//1814 1908//1813 1906//1749
f 1789//1621 1783//1614 1778//1616
f 978//509 981//508 980//1401
f 1584//1631 1759//3883 1731//1549
f 425//1057 426//1056 311//1436
f 148//96 1543//1189 115//80
f 2044//1720 3897//1719 3894//2017
f 277//242 1910//1831 1939//3858
f 1943//3854 1946//2100 1945//3855
f 1461//936 1462//1989 1463//3857
f 2253//2334 3452//3815 3056//3275
f 2981//3195 2254//3194 3489//3861
f 2209//2275 2998//3214 3489//3861
f 2254//3194 2253//2334 3055//3276
f 2998//3214 926//965 958//999
f 2826//3009 2817//3863 2721//2896
f 3490//3862 2739//3866 2721//2896
f 2816//2996 3491//3868 3490//3862
f 2334//3864 2297//2384 2296//2383
f 2298//2388 2297//2384 2334//3864
f 2301//2396 2298//2388 2336//2419
f 2311//2398 2301//2396 2338//2421
f 2312//2397 2311//2398 2354//2437
f 2359//2443 2358//2442 2361//2448
f 2335//2418 2296//2383 2359//2443
f 2414//3865 2413//2486 2365//2447
f 2413//2486 2270//2359 2361//2448
f 2355//2438 2352//2434 2540//2631
f 2541//2632 2540//2631 2539//2630
f 2722//3362 2721//2896 2739//3866
f 3114//3363 2722//3362 2738//2910
f 3110//3356 3112//3359 3121//3369
f 3108//3354 3110//3356 3120//3368
f 3122//3370 1754//1801 3127//3374
f 3112//3359 3122//3370 3126//3373
f 3127//3374 1754//1801 1753//1803
f 3139//3867 3133//3383 2529//2619
f 3744//3393 3775//3384 3133//3383
f 3490//3862 2789//2967 2740//2911
f 3491//3868 2790//2968 2789//2967
f 228//144 229//143 91//2877
f 245//1786 244//318 243//340
f 248//385 7//2726 247//339
f 2//2 297//1291 296//1187
f 145//1011 146//557 300//2000
f 327//1304 213//132 210//134
f 329//332 332//3220 331//1091
f 239//1191 241//187 240//190
f 373//2850 376//718 375//3573
f 178//2199 177//1889 176//177
f 1218//606 1225//609 1228//623
f 3862//640 1231//621 1295//667
f 808//445 809//452 824//489
f 3858//923 3859//863 1013//550
f 3813//782 3810//781 1411//761
f 2154//2149 2149//2148 2159//2156
f 3845//2090 3835//3856 1758//3860
f 306//449 807//450 1922//3457
f 2157//2150 2153//2147 1976//3506
f 708//2182 709//1338 2031//1913
f 1450//2169 1226//615 1227//617
f 1672//1478 1604//1398 1605//1954
f 1813//3869 1814//1665 1821//1667
f 1717//1559 1716//1532 1715//1533
f 176//177 159//106 402//1493
f 1710//1842 1705//1744 3916//1512
f 1712//1553 1580//1555 1577//1531
f 1705//1744 1713//1529 1711//1528
f 971//501 978//509 979//733
f 822//448 823//447 1094//552
f 2909//3870 2810//3871 2793//2972
f 2810//3871 2769//2987 2795//2980
f 2799//2978 2910//3101 2249//2327
f 3662//3872 3643//3100 2910//3101
f 2769//2987 2768//2951 2801//2981
f 3177//3494 3176//3495 3178//3496
f 3178//3496 3381//3753 3180//3754
f 3181//3498 1394//1470 1393//1472
f 3181//3498 1633//1700 1632//1702
f 3182//3499 1632//1702 2244//2314
f 3183//3500 2244//2314 2243//2313
f 3492//3873 2791//2971 2790//2968
f 2808//3874 3492//3873 3491//3868
f 2239//3875 3574//1170 3572//3876
f 1149//2264 1150//1907 3571//3878
f 1150//1907 2009//2072 3567//1120
f 2202//2277 3569//1337 3566//1336
f 2921//3880 3564//2811 3565//1770
f 3568//3882 3560//1736 2133//2178
f 1777//1607 1579//1599 1759//3883
f 1201//598 1196//599 1183//588
f 3561//1769 3554//820 2195//2251
f 3553//1460 3576//3909 2770//3885
f 3927//1519 3925//2955 1687//3503
f 1516//1966 152//1441 154//104
f 3549//1590 3562//1933 2974//3309
f 3550//3886 3548//2881 2779//2966
f 2771//3323 2772//3322 3575//1587
f 3070//3295 2771//3323 3546//3887
f 3547//1640 3544//827 2775//2989
f 1376//714 1375//713 1370//705
f 2767//3483 3543//819 3556//3128
f 2195//2251 3554//820 3543//819
f 2775//2989 3544//827 3542//826
f 3377//3746 3282//1580 3545//1579
f 3804//2982 3802//3910 3539//3889
f 2776//2990 3542//826 3538//1577
f 2240//3877 3572//3876 3535//3891
f 2920//3892 3535//3891 3669//3893
f 3548//2881 3534//1048 2786//2963
f 1805//1673 1850//957 1851//959
f 3534//1048 3532//1639 2787//3055
f 2951//3435 2773//2952 3540//1492
f 2772//3322 2951//3435 3531//1765
f 2973//3181 2224//3379 3530//3895
f 2224//3379 2223//2292 3537//3897
f 1957//2870 1953//1970 320//983
f 306//449 305//1093 304//1199
f 2770//3885 3576//3909 3528//1171
f 2913//3104 3528//1171 3574//1170
f 2923//3881 3565//1770 3527//2826
f 308//185 1940//1787 431//262
f 207//131 208//130 132//90
f 1879//1916 1876//1724 1881//1936
f 3733//3487 3787//1204 3525//1203
f 2475//2556 3070//3295 3558//3888
f 2476//3288 2475//2556 3524//1208
f 2223//2292 2476//3288 3523//3898
f 3522//1159 3549//1590 2803//3409
f 2037//3491 3563//2202 11//2191
f 1959//1999 1958//2101 450//272
f 2003//2065 3555//2128 3520//2127
f 9//2190 10//2192 334//328
f 2009//2072 2008//2071 3518//3899
f 2008//2071 2973//3181 3536//3896
f 3877//1202 672//3184 673//2296
f 3515//1789 3550//3886 2778//2956
f 2935//3900 3514//2120 3513//1695
f 111//3488 1149//2264 3570//3879
f 3510//3901 3514//2120 2935//3900
f 683//2797 3876//1939 3885//1392
f 3508//1624 3557//1507 2810//3871
f 736//2821 733//398 732//2883
f 1795//1629 1804//1638 1803//1708
f 3505//987 3510//3901 2938//3137
f 3507//958 3505//987 2939//3139
f 2950//3154 3512//1173 3504//3902
f 2940//3141 2949//3153 3504//3902
f 3801//3155 3791//1174 3512//1173
f 2868//3903 3509//993 3502//992
f 2869//3346 3502//992 3522//1159
f 1024//614 1034//605 1023//593
f 3500//949 3503//2193 2948//3152
f 551//1277 1939//3858 442//487
f 2972//3180 3499//2880 3568//3882
f 2032//2097 3533//1930 3499//2880
f 216//138 93//70 1924//1781
f 203//236 202//135 201//137
f 1828//1677 1848//1676 1847//1694
f 1958//2101 1957//2870 449//273
f 272//350 271//1003 178//2199
f 2871//3752 3545//1579 3495//1439
f 3619//3894 3669//3893 3564//2811
f 2801//2981 2768//2951 3643//3100
f 2005//2213 3758//1776 3654//1775
f 960//3490 886//485 899//2835
f 3657//3650 3655//3507 3612//3509
f 3780//3904 3788//3424 3646//3421
f 3151//3423 3646//3421 3593//2650
f 2193//2250 3604//3418 3623//2937
f 3607//3406 3603//3407 3145//3408
f 3603//3407 3649//2936 2761//2933
f 3592//3347 3607//3406 3144//3905
f 2926//3125 3658//3126 3634//3348
f 3634//3348 3592//3347 3104//3349
f 3755//3307 3754//812 3746//3906
f 566//1320 567//1319 3758//1776
f 3488//3852 3656//3600 1864//950
f 1602//1399 1586//1389 2079//2005
f 2868//3903 3658//3126 3611//3124
f 2922//3290 3611//3124 3610//3123
f 2923//3881 3610//3123 3618//3115
f 3670//3116 3613//3112 2918//3113
f 3619//3894 3670//3116 3614//3114
f 2921//3880 3618//3115 3670//3116
f 2920//3892 3614//3114 3586//2308
f 3613//3112 3642//3109 2915//3107
f 2917//3120 2766//2946 3622//2947
f 2916//3122 2917//3120 3641//3110
f 2239//3875 3587//2310 3652//3105
f 2911//3907 3640//3099 3652//3105
f 3643//3100 3640//3099 2911//3907
f 2797//2979 2801//2981 3662//3872
f 2797//2979 3591//2976 3598//2927
f 3622//2947 3628//2943 2763//2941
f 3608//2929 3628//2943 2764//3344
f 2194//3884 3623//2937 3648//2935
f 2221//2291 3648//2935 3649//2936
f 2756//2942 3608//2929 3609//2928
f 2750//2974 3598//2927 3609//2928
f 3669//3893 3535//3891 1817//2135
f 3763//2780 3770//1647 1691//3908
f 2515//2601 3621//2610 3590//2649
f 2548//2639 3590//2649 3593//2650
f 2513//2599 2489//2572 3632//2611
f 2513//2599 3616//2609 3621//2610
f 2509//2595 3633//2592 3620//2378
f 2510//2604 3632//2611 3633//2592
f 2289//2593 3620//2378 3639//2371
f 2283//2376 3639//2371 3617//2370
f 2240//3877 3586//2308 3587//2310
f 3659//3604 3657//3650 3624//3659
f 716//377 2121//2089 3887//2086
f 727//375 1999//1869 3761//2110
f 2165//3510 2171//2108 2170//2107
f 3660//807 3659//3604 3626//3586
f 3743//2042 3581//3578 3578//1774
f 2175//3575 2172//2106 769//419
f 2100//630 500//304 2095//2007
f 3758//1776 567//1319 3757//2040
f 640//1452 3560//1736 3568//3882
f 1653//1644 3576//3909 3553//1460
f 1895//2270 3536//3896 3530//3895
f 746//1283 3530//3895 3537//3897
f 1653//1644 1810//1169 3528//1171
f 3762//1609 1603//3138 1604//1398
f 2093//1754 2075//1753 2073//1977
f 959//517 996//516 995//1751
f 962//491 899//2835 919//527
f 1400//749 1401//2337 1398//747
f 1000//1750 817//444 1127//551
f 956//3183 959//517 884//462
f 1662//1674 3548//2881 3550//3886
f 2034//1915 3558//3888 3546//3887
f 3926//2954 1689//3923 3539//3889
f 3535//3891 3572//3876 766//2136
f 3572//3876 3574//1170 765//2091
f 334//328 3570//3879 3571//3878
f 1868//1766 3531//1765 3540//1492
f 1684//3911 1651//1459 1652//1508
f 1682//1806 1683//1805 775//423
f 1585//1001 1603//3138 3762//1609
f 3763//2780 3762//1609 1672//1478
f 2173//853 2174//1900 490//1457
f 1658//825 3544//827 3547//1640
f 3556//3128 3543//819 1650//2184
f 1571//813 3754//812 2010//2801
f 1587//1388 3664//2256 3671//2258
f 2099//2011 2095//2007 2077//1982
f 787//1780 3761//2110 1999//1869
f 2000//1868 3694//3617 786//1499
f 3155//3912 339//512 3697//2678
f 3713//3436 3155//3912 3683//3445
f 2180//2218 2179//2217 3685//3913
f 3496//1664 2180//2218 3684//3431
f 1684//3911 3846//1017 3840//1019
f 1760//2207 464//1311 3495//1439
f 2607//2705 3689//2706 3693//2686
f 2581//2673 3676//2679 3689//2706
f 2371//2458 2502//2693 3700//2585
f 2371//2458 3695//2687 3693//2686
f 2587//3311 3676//2679 3675//2680
f 2586//3310 3675//2680 3697//2678
f 2497//3171 3691//2579 3687//2586
f 2502//2693 2503//2692 3687//2586
f 2494//2576 3691//2579 3690//2578
f 3690//2578 3688//2555 2472//2552
f 3688//2555 3701//2548 2468//2549
f 3701//2548 3703//2547 2469//3914
f 726//397 3908//2028 3892//2049
f 581//383 3567//1120 3518//3899
f 10//2192 3511//3489 3570//3879
f 1837//2119 3514//2120 3510//3901
f 741//1282 3537//3897 3523//3898
f 1299//636 3524//1208 3558//3888
f 1851//959 3507//958 3504//3902
f 3527//2826 3565//1770 1820//1772
f 580//343 3518//3899 3536//3896
f 1758//3860 1685//1160 3522//1159
f 1693//1016 3557//1507 3508//1624
f 3504//3902 3512//1173 1867//1709
f 1894//1733 1826//2773 3568//3882
f 2126//2259 1418//780 3813//782
f 3906//2260 2126//2259 3841//2114
f 2113//2039 3911//2043 3867//2045
f 2179//2217 3713//3436 3789//3444
f 624//360 3903//2050 3904//2062
f 2192//2248 3604//3418 3788//3424
f 2177//2216 3541//1663 3787//1204
f 1364//2125 3824//690 3833//681
f 3858//923 3855//910 1470//3915
f 3135//3386 1753//1803 3775//3384
f 2069//2055 3812//3462 3835//3856
f 1351//879 3861//670 3853//671
f 2108//3916 3882//1762 3901//1764
f 2089//2145 2092//2144 3736//3439
f 3828//684 3834//680 1358//683
f 2001//2064 3749//3480 3783//3482
f 2187//2244 3783//3482 3719//3433
f 2130//2276 3756//3475 3752//3479
f 2004//2066 3752//3479 3749//3480
f 2014//2074 3724//3470 3779//3474
f 2201//2262 3779//3474 3756//3475
f 3167//3467 3720//3471 3759//3176
f 3168//3469 3724//3470 3720//3471
f 3159//3451 3709//3450 3764//3453
f 3160//3454 3764//3453 3765//3318
f 3730//3452 3707//3449 3158//3917
f 3158//3917 3707//3449 3709//3450
f 2200//2254 3069//3291 3730//3452
f 3685//3913 3789//3444 3742//3414
f 3722//3442 3774//3441 2197//2255
f 3790//3440 3736//3439 2092//2144
f 3774//3441 3790//3440 3721//3434
f 3154//3443 3706//3438 3790//3440
f 3155//3912 3713//3436 3706//3438
f 2091//3486 3719//3433 3721//3434
f 2196//2252 3148//3429 3750//3413
f 2193//2250 2196//2252 3776//3428
f 3604//3418 2193//2250 3781//3427
f 2086//3918 2192//2248 3780//3904
f 2087//2141 2086//3918 3778//3422
f 2204//3432 3742//3414 3751//3412
f 2205//2268 3751//3412 3750//3413
f 3909//2181 3886//2165 574//391
f 2124//2173 2087//2141 3777//3419
f 2208//2272 2124//2173 3760//3400
f 3711//3387 3785//3395 3140//3396
f 3785//3395 3745//3394 3138//3392
f 3745//3394 3744//3393 3139//3867
f 3771//3391 3712//3388 3136//3390
f 3712//3388 3711//3387 3137//3389
f 3775//3384 3767//3381 3131//3382
f 3767//3381 3782//3380 3132//3397
f 1813//3869 3839//1650 3838//1653
f 1293//661 3854//1793 3856//666
f 2184//2220 2321//3352 3748//2405
f 2181//2221 2184//2220 3732//3321
f 3765//3318 3768//3315 3079//3316
f 3768//3315 3734//3314 3080//3320
f 709//1338 3873//2167 3875//2129
f 2774//2953 2961//3165 3737//3164
f 3786//1726 3769//3289 2134//2179
f 3809//413 3808//412 766//2136
f 2968//3173 3784//3178 3766//3163
f 2969//3175 3759//3176 3784//3178
f 2958//3167 3747//3161 3737//3164
f 2132//3430 3747//3161 3766//3163
f 2321//3352 2185//2223 3771//3391
f 3860//849 3848//850 1449//2113
f 3905//2157 3874//2153 582//1461
f 3886//2165 3889//2164 577//3098
f 3847//1659 3826//1658 1818//1771
f 705//2159 3902//2084 3887//2086
f 3816//3657 3912//2067 3907//2069
f 2111//2124 3883//2123 3911//2043
f 3810//781 3829//691 1366//2126
f 1812//1654 3839//1650 3822//1652
f 675//1662 3851//2093 3852//2094
f 3496//1664 3705//3118 3851//2093
f 2110//2038 3867//2045 3868//2033
f 2104//2026 3896//2029 3901//1764
f 2109//2031 3868//2033 3899//1394
f 3842//1427 3831//877 703//390
f 1680//1844 3811//1488 3846//1017
f 1639//1435 1627//1409 3819//1411
f 623//361 3904//2062 3906//2260
f 2139//2130 2140//2013 3866//2015
f 1808//1645 1640//1642 3844//2092
f 3820//1669 3821//1668 1819//2825
f 3872//2087 3914//631 3900//633
f 1646//1434 3832//1443 3830//1445
f 3889//2164 3890//2158 633//2170
f 2139//2130 3865//2122 3875//2129
f 2156//2152 2155//2151 3871//2166
f 674//3185 3852//2094 3913//2104
f 2117//887 3817//886 3812//3462
f 1815//1661 3822//1652 3847//1659
f 3855//910 3849//909 1444//846
f 697//1233 3906//2260 3912//2067
f 866//682 842//1433 3836//603
f 3864//2180 3869//2134 2136//2131
f 3585//3649 3731//3646 3726//3645
f 3583//3576 3740//3658 3731//3646
f 3753//2041 3746//3906 3738//3651
f 3740//3658 3583//3576 3581//3578
f 1088//1379 3738//3651 3746//3906
f 3739//3661 3740//3658 3743//2042
f 2791//2971 3492//3873 3493//3919
f 3492//3873 2808//3874 2807//2983
f 2792//2969 3493//3919 3494//3920
f 3493//3919 2807//2983 2806//3890
f 3508//1624 2909//3870 3494//3920
f 3516//3921 3494//3920 2806//3890
f 2948//3152 3503//2193 3791//1174
f 2105//2046 3908//2028 3896//2029
f 3538//1577 3802//3910 3804//2982
f 680//1417 3878//1937 3876//1939
f 1891//2175 1890//1740 3910//1730
f 2905//3095 3799//3097 3801//3155
f 2900//3088 3797//3089 3799//3097
f 2901//3091 3797//3089 3807//3090
f 2734//2907 2878//3064 3806//3066
f 2877//3092 3807//3090 3806//3066
f 2820//3001 3800//3922 3794//3059
f 2818//3053 3796//2998 3792//3011
f 2823//3007 3793//3003 3792//3011
f 2822//3016 3793//3003 3798//3000
f 2819//3004 2735//3006 3800//3922
f 2817//3863 3796//2998 3795//2997
f 2809//2992 3805//2985 3795//2997
f 2808//3874 3805//2985 3803//2984
f 2805//2991 3804//2982 3803//2984
f 1702//1513 3921//1509 3923//1511
f 3922//1627 3920//1632 1797//1636
f 3915//1788 3916//1512 1706//1514
f 3918//1520 3927//1519 1692//1505
f 1657//1917 3898//2757 3880//1728
f 1890//1740 1877//1723 3895//1617
f 3772//1648 3770//1647 1674//1483
f 1689//3923 1690//1646 3772//1648
f 3926//2954 3802//3910 3538//1577
f 3516//3921 3539//3889 1689//3923
f 3917//1606 3923//1511 1703//1510
f 1598//1396 3917//1606 3928//1602
f 3880//1728 3884//1618 1876//1724
f 1691//3908 1690//1646 3925//2955
f 3925//2955 3926//2954 1688//3924
f 3934//3930 3933//3936 3937//3931
f 3934//3930 3938//3932 3939//3933
f 3932//3935 3936//4045 3937//3931
f 3938//3932 3942//3940 3943//3937
f 3937//3931 3936//4045 3940//3938
f 3937//3931 3941//3939 3942//3940
f 3942//3940 3946//3944 3947//3941
f 3941//3939 3940//3938 3944//3942
f 3942//3940 3941//3939 3945//3943
f 3947//3941 3946//3944 3950//3945
f 3944//3942 3948//4046 3949//3947
f 3945//3943 3949//3947 3950//3945
f 3950//3945 3954//3951 3955//3948
f 3949//3947 3948//4046 3952//3949
f 3950//3945 3949//3947 3953//3950
f 3955//3948 3954//3951 3958//3952
f 3953//3950 3952//3949 3956//3954
f 3953//3950 3957//3955 3958//3952
f 3959//3953 3958//3952 3962//3956
f 3957//3955 3956//3954 3960//3958
f 3958//3952 3957//3955 3961//3959
f 3962//3956 3966//3962 3967//3960
f 3960//3958 3964//4047 3965//3961
f 3961//3959 3965//3961 3966//3962
f 3966//3962 3970//3966 3971//3963
f 3965//3961 3964//4047 3968//3964
f 3966//3962 3965//3961 3969//3965
f 3970//3966 3974//3969 3975//3967
f 3968//3964 3972//4048 3973//3968
f 3969//3965 3973//3968 3974//3969
f 3974//3969 3978//3973 3979//3970
f 3973//3968 3972//4048 3976//3971
f 3974//3969 3973//3968 3977//3972
f 3979//3970 3978//3973 3982//3974
f 3976//3971 3980//4049 3981//3976
f 3977//3972 3981//3976 3982//3974
f 3982//3974 3986//3980 3987//3977
f 3981//3976 3980//4049 3984//3978
f 3982//3974 3981//3976 3985//3979
f 3987//3977 3986//3980 3990//3981
f 3984//3978 3988//4050 3989//3983
f 3985//3979 3989//3983 3990//3981
f 3991//3982 3990//3981 3994//3984
f 3989//3983 3988//4050 3992//3986
f 3990//3981 3989//3983 3993//3987
f 3995//3985 3994//3984 3998//3988
f 3992//3986 3996//4051 3997//3990
f 3993//3987 3997//3990 3998//3988
f 3998//3988 4002//3994 4003//3991
f 3997//3990 3996//4051 4000//3992
f 3998//3988 3997//3990 4001//3993
f 4002//3994 4006//3997 4007//3995
f 4000//3992 4004//4052 4005//3996
f 4001//3993 4005//3996 4006//3997
f 4006//3997 4010//4001 4011//3998
f 4005//3996 4004//4052 4008//3999
f 4006//3997 4005//3996 4009//4000
f 4011//3998 4010//4001 4014//4002
f 4008//3999 4012//4053 4013//4004
f 4009//4000 4013//4004 4014//4002
f 4014//4002 4018//4008 4019//4005
f 4013//4004 4012//4053 4016//4006
f 4014//4002 4013//4004 4017//4007
f 4019//4005 4018//4008 4022//4009
f 4016//4006 4020//4054 4021//4011
f 4017//4007 4021//4011 4022//4009
f 4023//4010 4022//4009 4026//4012
f 4021//4011 4020//4054 4024//4014
f 4022//4009 4021//4011 4025//4015
f 4027//4013 4026//4012 4030//4016
f 4024//4014 4028//4055 4029//4018
f 4025//4015 4029//4018 4030//4016
f 4031//4017 4030//4016 4034//4019
f 4029//4018 4028//4055 4032//4021
f 4030//4016 4029//4018 4033//4022
f 4034//4019 4038//4025 4039//4023
f 4032//4021 4036//4056 4037//4024
f 4033//4022 4037//4024 4038//4025
f 4038//4025 4042//4029 4043//4026
f 4037//4024 4036//4056 4040//4027
f 4038//4025 4037//4024 4041//4028
f 4043//4026 4042//4029 4046//4030
f 4040//4027 4044//4057 4045//4032
f 4041//4028 4045//4032 4046//4030
f 4046//4030 4050//4036 4051//4033
f 4045//4032 4044//4057 4048//4034
f 4046//4030 4045//4032 4049//4035
f 4051//4033 4050//4036 4055//4037
f 4048//4034 4053//4042 4054//4039
f 4049//4035 4054//4039 4055//4037
f 4056//4038 4055//4037 4059//4040
f 4053//4042 4057//4058 4058//4043
f 4055//4037 4054//4039 4058//4043
f 4060//4041 4059//4040 3934//3930
f 4058//4043 4057//4058 3932//3935
f 4058//4043 3933//3936 3934//3930
f 4069//4059 4068//4076 4081//4060
f 4066//4062 4079//4077 4080//4063
f 4065//4065 4064//4078 4077//4066
f 4063//4068 4062//4080 4075//4069
f 4071//4071 4084//4083 4085//4072
f 4069//4059 4082//4061 4083//4074
f 4067//4064 4080//4063 4081//4060
f 4066//4062 4065//4065 4078//4067
f 4063//4068 4076//4070 4077//4066
f 4061//4079 4074//4085 4075//4069
f 4072//4073 4085//4072 4086//4081
f 4071//4071 4070//4075 4083//4074
f 4076//4070 4089//4094 4090//4084
f 4074//4085 4087//4472 4088//4086
f 4086//4081 4085//4072 4098//4087
f 4083//4074 4096//4095 4097//4089
f 4082//4061 4081//4060 4094//4090
f 4079//4077 4092//4096 4093//4092
f 4078//4067 4077//4066 4090//4084
f 4076//4070 4075//4069 4088//4086
f 4085//4072 4084//4083 4097//4089
f 4082//4061 4095//4091 4096//4095
f 4080//4063 4093//4092 4094//4090
f 4079//4077 4078//4067 4091//4093
f 4089//4094 4102//4106 4103//4097
f 4088//4086 4087//4472 4100//4098
f 4098//4087 4111//4107 4112//4100
f 4096//4095 4109//4108 4110//4101
f 4095//4091 4094//4090 4107//4102
f 4092//4096 4105//4109 4106//4104
f 4090//4084 4103//4097 4104//4105
f 4089//4094 4088//4086 4101//4099
f 4097//4089 4110//4101 4111//4107
f 4095//4091 4108//4103 4109//4108
f 4094//4090 4093//4092 4106//4104
f 4092//4096 4091//4093 4104//4105
f 4103//4097 4102//4106 4115//4110
f 4100//4098 4113//4957 4114//4112
f 4112//4100 4111//4107 4124//4113
f 4110//4101 4109//4108 4122//4115
f 4107//4102 4120//4120 4121//4117
f 4105//4109 4118//4121 4119//4118
f 4103//4097 4116//4111 4117//4119
f 4101//4099 4114//4112 4115//4110
f 4110//4101 4123//4116 4124//4113
f 4109//4108 4108//4103 4121//4117
f 4107//4102 4106//4104 4119//4118
f 4105//4109 4104//4105 4117//4119
f 4115//4110 4128//4132 4129//4122
f 4114//4112 4113//4957 4126//4123
f 4124//4113 4137//4133 4138//4125
f 4123//4116 4122//4115 4135//4126
f 4120//4120 4133//4134 4134//4128
f 4119//4118 4118//4121 4131//4129
f 4117//4119 4116//4111 4129//4122
f 4114//4112 4127//4124 4128//4132
f 4124//4113 4123//4116 4136//4127
f 4122//4115 4121//4117 4134//4128
f 4119//4118 4132//4130 4133//4134
f 4117//4119 4130//4131 4131//4129
f 4129//4122 4128//4132 4141//4135
f 4126//4123 4139//4471 4140//4137
f 4138//4125 4137//4133 4150//4138
f 4136//4127 4135//4126 4148//4140
f 4133//4134 4146//4145 4147//4142
f 4131//4129 4144//4146 4145//4143
f 4130//4131 4129//4122 4142//4136
f 4127//4124 4140//4137 4141//4135
f 4137//4133 4136//4127 4149//4141
f 4135//4126 4134//4128 4147//4142
f 4132//4130 4145//4143 4146//4145
f 4131//4129 4130//4131 4143//4144
f 4142//4136 4141//4135 4154//4147
f 4140//4137 4139//4471 4152//4149
f 4150//4138 4163//4157 4164//4151
f 4149//4141 4148//4140 4161//4152
f 4146//4145 4159//4158 4160//4154
f 4144//4146 4157//4159 4158//4155
f 4142//4136 4155//4148 4156//4156
f 4140//4137 4153//4150 4154//4147
f 4149//4141 4162//4153 4163//4157
f 4148//4140 4147//4142 4160//4154
f 4146//4145 4145//4143 4158//4155
f 4144//4146 4143//4144 4156//4156
f 4155//4148 4154//4147 4167//4160
f 4153//4150 4152//4149 4165//4162
f 4163//4157 4176//4170 4177//4164
f 4161//4152 4174//4171 4175//4165
f 4159//4158 4172//4172 4173//4166
f 4158//4155 4157//4159 4170//4167
f 4155//4148 4168//4161 4169//4169
f 4153//4150 4166//4163 4167//4160
f 4163//4157 4162//4153 4175//4165
f 4161//4152 4160//4154 4173//4166
f 4159//4158 4158//4155 4171//4168
f 4156//4156 4169//4169 4170//4167
f 4167//4160 4180//4182 4181//4173
f 4165//4162 4178//4186 4179//4174
f 4176//4170 4189//4183 4190//4175
f 4175//4165 4174//4171 4187//4176
f 4173//4166 4172//4172 4185//4178
f 4170//4167 4183//4184 4184//4180
f 4169//4169 4168//4161 4181//4173
f 4167//4160 4166//4163 4179//4174
f 4175//4165 4188//4177 4189//4183
f 4173//4166 4186//4179 4187//4176
f 4171//4168 4184//4180 4185//4178
f 4170//4167 4169//4169 4182//4181
f 4180//4182 4193//4195 4194//4185
f 4178//4186 4191//4470 4192//4187
f 4190//4175 4189//4183 4202//4188
f 4187//4176 4200//4196 4201//4190
f 4186//4179 4185//4178 4198//4191
f 4183//4184 4196//4197 4197//4193
f 4182//4181 4181//4173 4194//4185
f 4180//4182 4179//4174 4192//4187
f 4189//4183 4188//4177 4201//4190
f 4186//4179 4199//4192 4200//4196
f 4184//4180 4197//4193 4198//4191
f 4183//4184 4182//4181 4195//4194
f 4193//4195 4206//4207 4207//4198
f 4192//4187 4191//4470 4204//4199
f 4202//4188 4215//4208 4216//4201
f 4200//4196 4213//4209 4214//4202
f 4199//4192 4198//4191 4211//4203
f 4196//4197 4209//4210 4210//4205
f 4194//4185 4207//4198 4208//4206
f 4193//4195 4192//4187 4205//4200
f 4201//4190 4214//4202 4215//4208
f 4199//4192 4212//4204 4213//4209
f 4198//4191 4197//4193 4210//4205
f 4196//4197 4195//4194 4208//4206
f 4207//4198 4206//4207 4219//4211
f 4204//4199 4217//4958 4218//4213
f 4216//4201 4215//4208 4228//4214
f 4213//4209 4226//4220 4227//4216
f 4211//4203 4224//4221 4225//4217
f 4209//4210 4222//4222 4223//4218
f 4207//4198 4220//4212 4221//4219
f 4205//4200 4218//4213 4219//4211
f 4214//4202 4227//4216 4228//4214
f 4213//4209 4212//4204 4225//4217
f 4211//4203 4210//4205 4223//4218
f 4209//4210 4208//4206 4221//4219
f 4219//4211 4232//4233 4233//4223
f 4218//4213 4217//4958 4230//4224
f 4228//4214 4241//4234 4242//4226
f 4226//4220 4239//4235 4240//4227
f 4225//4217 4224//4221 4237//4228
f 4223//4218 4222//4222 4235//4230
f 4221//4219 4220//4212 4233//4223
f 4218//4213 4231//4225 4232//4233
f 4228//4214 4227//4216 4240//4227
f 4226//4220 4225//4217 4238//4229
f 4223//4218 4236//4231 4237//4228
f 4221//4219 4234//4232 4235//4230
f 4233//4223 4232//4233 4245//4236
f 4230//4224 4243//4469 4244//4238
f 4242//4226 4241//4234 4254//4239
f 4240//4227 4239//4235 4252//4241
f 4237//4228 4250//4246 4251//4243
f 4235//4230 4248//4247 4249//4244
f 4234//4232 4233//4223 4246//4237
f 4231//4225 4244//4238 4245//4236
f 4241//4234 4240//4227 4253//4242
f 4239//4235 4238//4229 4251//4243
f 4236//4231 4249//4244 4250//4246
f 4235//4230 4234//4232 4247//4245
f 4246//4237 4245//4236 4258//4248
f 4244//4238 4243//4469 4256//4250
f 4254//4239 4267//4258 4268//4252
f 4253//4242 4252//4241 4265//4253
f 4250//4246 4263//4259 4264//4255
f 4248//4247 4261//4260 4262//4256
f 4246//4237 4259//4249 4260//4257
f 4244//4238 4257//4251 4258//4248
f 4253//4242 4266//4254 4267//4258
f 4252//4241 4251//4243 4264//4255
f 4250//4246 4249//4244 4262//4256
f 4248//4247 4247//4245 4260//4257
f 4259//4249 4258//4248 4271//4261
f 4257//4251 4256//4250 4269//4263
f 4267//4258 4280//4271 4281//4265
f 4265//4253 4278//4272 4279//4266
f 4263//4259 4276//4273 4277//4267
f 4262//4256 4261//4260 4274//4268
f 4259//4249 4272//4262 4273//4270
f 4257//4251 4270//4264 4271//4261
f 4266//4254 4279//4266 4280//4271
f 4265//4253 4264//4255 4277//4267
f 4263//4259 4262//4256 4275//4269
f 4260//4257 4273//4270 4274//4268
f 4271//4261 4284//4284 4285//4274
f 4269//4263 4282//4287 4283//4275
f 4281//4265 4280//4271 4293//4276
f 4279//4266 4278//4272 4291//4278
f 4277//4267 4276//4273 4289//4280
f 4274//4268 4287//4285 4288//4282
f 4273//4270 4272//4262 4285//4274
f 4271//4261 4270//4264 4283//4275
f 4280//4271 4279//4266 4292//4279
f 4277//4267 4290//4281 4291//4278
f 4275//4269 4288//4282 4289//4280
f 4274//4268 4273//4270 4286//4283
f 4284//4284 4297//4296 4298//4286
f 4282//4287 4295//4468 4296//4288
f 4294//4277 4293//4276 4306//4289
f 4291//4278 4304//4297 4305//4291
f 4290//4281 4289//4280 4302//4292
f 4287//4285 4300//4298 4301//4294
f 4286//4283 4285//4274 4298//4286
f 4284//4284 4283//4275 4296//4288
f 4293//4276 4292//4279 4305//4291
f 4290//4281 4303//4293 4304//4297
f 4288//4282 4301//4294 4302//4292
f 4287//4285 4286//4283 4299//4295
f 4297//4296 4310//4308 4311//4299
f 4296//4288 4295//4468 4308//4300
f 4306//4289 4319//4309 4320//4302
f 4304//4297 4317//4310 4318//4303
f 4303//4293 4302//4292 4315//4304
f 4300//4298 4313//4311 4314//4306
f 4298//4286 4311//4299 4312//4307
f 4297//4296 4296//4288 4309//4301
f 4305//4291 4318//4303 4319//4309
f 4304//4297 4303//4293 4316//4305
f 4302//4292 4301//4294 4314//4306
f 4300//4298 4299//4295 4312//4307
f 4310//4308 4323//4322 4324//4312
f 4308//4300 4321//4813 4322//4313
f 4320//4302 4319//4309 4332//4314
f 4318//4303 4317//4310 4330//4316
f 4316//4305 4315//4304 4328//4318
f 4313//4311 4326//4323 4327//4320
f 4311//4299 4324//4312 4325//4321
f 4310//4308 4309//4301 4322//4313
f 4318//4303 4331//4317 4332//4314
f 4316//4305 4329//4319 4330//4316
f 4315//4304 4314//4306 4327//4320
f 4312//4307 4325//4321 4326//4323
f 4323//4322 4336//4334 4337//4324
f 4322//4313 4321//4813 4334//4325
f 4332//4314 4345//4335 4346//4327
f 4330//4316 4343//4336 4344//4328
f 4329//4319 4328//4318 4341//4329
f 4327//4320 4326//4323 4339//4331
f 4325//4321 4324//4312 4337//4324
f 4322//4313 4335//4326 4336//4334
f 4332//4314 4331//4317 4344//4328
f 4330//4316 4329//4319 4342//4330
f 4327//4320 4340//4332 4341//4329
f 4325//4321 4338//4333 4339//4331
f 4337//4324 4336//4334 4350//4337
f 4334//4325 4348//4467 4349//4339
f 4346//4327 4345//4335 4359//4340
f 4344//4328 4343//4336 4357//4342
f 4341//4329 4355//4348 4356//4344
f 4340//4332 4339//4331 4353//4345
f 4338//4333 4337//4324 4351//4338
f 4335//4326 4349//4339 4350//4337
f 4345//4335 4344//4328 4358//4343
f 4343//4336 4342//4330 4356//4344
f 4340//4332 4354//4346 4355//4348
f 4338//4333 4352//4347 4353//4345
f 4351//4338 4350//4337 4363//4349
f 4349//4339 4348//4467 4361//4351
f 4359//4340 4372//4360 4373//4353
f 4358//4343 4357//4342 4370//4354
f 4355//4348 4368//4361 4369//4356
f 4354//4346 4353//4345 4366//4357
f 4351//4338 4364//4350 4365//4359
f 4349//4339 4362//4352 4363//4349
f 4358//4343 4371//4355 4372//4360
f 4357//4342 4356//4344 4369//4356
f 4355//4348 4354//4346 4367//4358
f 4352//4347 4365//4359 4366//4357
f 4364//4350 4363//4349 4376//4362
f 4362//4352 4361//4351 4374//4364
f 4373//4353 4372//4360 4385//4366
f 4370//4354 4383//4373 4384//4368
f 4368//4361 4381//4374 4382//4369
f 4367//4358 4366//4357 4379//4370
f 4364//4350 4377//4363 4378//4372
f 4362//4352 4375//4365 4376//4362
f 4372//4360 4371//4355 4384//4368
f 4370//4354 4369//4356 4382//4369
f 4368//4361 4367//4358 4380//4371
f 4365//4359 4378//4372 4379//4370
f 4376//4362 4389//4384 4390//4375
f 4374//4364 4387//4388 4388//4376
f 4385//4366 4398//4385 4399//4377
f 4384//4368 4383//4373 4396//4378
f 4382//4369 4381//4374 4394//4380
f 4379//4370 4392//4386 4393//4382
f 4378//4372 4377//4363 4390//4375
f 4376//4362 4375//4365 4388//4376
f 4384//4368 4397//4379 4398//4385
f 4382//4369 4395//4381 4396//4378
f 4380//4371 4393//4382 4394//4380
f 4379//4370 4378//4372 4391//4383
f 4389//4384 4402//4398 4403//4387
f 4387//4388 4400//4466 4401//4389
f 4399//4377 4398//4385 4411//4390
f 4396//4378 4409//4399 4410//4392
f 4395//4381 4394//4380 4407//4393
f 4393//4382 4392//4386 4405//4395
f 4391//4383 4390//4375 4403//4387
f 4389//4384 4388//4376 4401//4389
f 4398//4385 4397//4379 4410//4392
f 4395//4381 4408//4394 4409//4399
f 4393//4382 4406//4396 4407//4393
f 4391//4383 4404//4397 4405//4395
f 4402//4398 4415//4410 4416//4400
f 4401//4389 4400//4466 4413//4401
f 4411//4390 4424//4411 4425//4403
f 4409//4399 4422//4412 4423//4404
f 4408//4394 4407//4393 4420//4405
f 4406//4396 4405//4395 4418//4407
f 4403//4387 4416//4400 4417//4409
f 4402//4398 4401//4389 4414//4402
f 4410//4392 4423//4404 4424//4411
f 4408//4394 4421//4406 4422//4412
f 4407//4393 4406//4396 4419//4408
f 4404//4397 4417//4409 4418//4407
f 4416//4400 4415//4410 4428//4413
f 4413//4401 4426//4426 4427//4415
f 4425//4403 4424//4411 4437//4416
f 4423//4404 4422//4412 4435//4418
f 4421//4406 4420//4405 4433//4420
f 4418//4407 4431//4424 4432//4422
f 4416//4400 4429//4414 4430//4423
f 4415//4410 4414//4402 4427//4415
f 4423//4404 4436//4419 4437//4416
f 4421//4406 4434//4421 4435//4418
f 4420//4405 4419//4408 4432//4422
f 4418//4407 4417//4409 4430//4423
f 4428//4413 4441//4435 4442//4425
f 4426//4426 4439//4440 4440//4427
f 4437//4416 4450//4436 4451//4428
f 4435//4418 4448//4437 4449//4429
f 4434//4421 4433//4420 4446//4430
f 4432//4422 4431//4424 4444//4432
f 4430//4423 4429//4414 4442//4425
f 4427//4415 4440//4427 4441//4435
f 4437//4416 4436//4419 4449//4429
f 4435//4418 4434//4421 4447//4431
f 4432//4422 4445//4433 4446//4430
f 4430//4423 4443//4434 4444//4432
f 4442//4425 4441//4435 4454//4438
f 4439//4440 4452//4465 4453//4441
f 4451//4428 4450//4436 4463//4442
f 4449//4429 4448//4437 4461//4444
f 4446//4430 4459//4449 4460//4446
f 4444//4432 4457//4450 4458//4447
f 4443//4434 4442//4425 4455//4439
f 4440//4427 4453//4441 4454//4438
f 4450//4436 4449//4429 4462//4445
f 4447//4431 4460//4446 4461//4444
f 4445//4433 4458//4447 4459//4449
f 4444//4432 4443//4434 4456//4448
f 4455//4439 4454//4438 4467//4451
f 4453//4441 4452//4465 4465//4453
f 4463//4442 4476//4461 4477//4455
f 4462//4445 4461//4444 4474//4456
f 4459//4449 4472//4462 4473//4458
f 4457//4450 4470//4463 4471//4459
f 4455//4439 4468//4452 4469//4460
f 4453//4441 4466//4454 4467//4451
f 4462//4445 4475//4457 4476//4461
f 4461//4444 4460//4446 4473//4458
f 4459//4449 4458//4447 4471//4459
f 4457//4450 4456//4448 4469//4460
f 4468//4452 4467//4451 4063//4068
f 4466//4454 4465//4453 4061//4079
f 4477//4455 4476//4461 4072//4073
f 4474//4456 4070//4075 4071//4071
f 4472//4462 4068//4076 4069//4059
f 4471//4459 4470//4463 4066//4062
f 4468//4452 4064//4078 4065//4065
f 4466//4454 4062//4080 4063//4068
f 4476//4461 4475//4457 4071//4071
f 4474//4456 4473//4458 4069//4059
f 4472//4462 4471//4459 4067//4064
f 4469//4460 4065//4065 4066//4062
f 3935//3934 4061//4079 4465//4453
f 4465//4453 4452//4465 4056//4038
f 4452//4465 4439//4440 4051//4033
f 4439//4440 4426//4426 4047//4031
f 4047//4031 4426//4426 4413//4401
f 4043//4026 4413//4401 4400//4466
f 4039//4023 4400//4466 4387//4388
f 4387//4388 4374//4364 4031//4017
f 4031//4017 4374//4364 4361//4351
f 4361//4351 4348//4467 4023//4010
f 4348//4467 4334//4325 4019//4005
f 4334//4325 4321//4813 4015//4003
f 4015//4003 4321//4813 4308//4300
f 4011//3998 4308//4300 4295//4468
f 4007//3995 4295//4468 4282//4287
f 4282//4287 4269//4263 3999//3989
f 3999//3989 4269//4263 4256//4250
f 4256//4250 4243//4469 3991//3982
f 4243//4469 4230//4224 3987//3977
f 4230//4224 4217//4958 3983//3975
f 3983//3975 4217//4958 4204//4199
f 3979//3970 4204//4199 4191//4470
f 3975//3967 4191//4470 4178//4186
f 4178//4186 4165//4162 3967//3960
f 3967//3960 4165//4162 4152//4149
f 4152//4149 4139//4471 3959//3953
f 4139//4471 4126//4123 3955//3948
f 4126//4123 4113//4957 3951//3946
f 3951//3946 4113//4957 4100//4098
f 3947//3941 4100//4098 4087//4472
f 3943//3937 4087//4472 4074//4085
f 4074//4085 4061//4079 3935//3934
f 4480//4473 4479//4477 4483//3931
f 4480//4473 4484//4474 4485//4475
f 4479//4477 4478//4583 4482//4478
f 4484//4474 4488//4481 4489//4479
f 4482//4478 4486//4584 4487//4480
f 4483//3931 4487//4480 4488//4481
f 4488//4481 4492//4485 4493//4482
f 4487//4480 4486//4584 4490//4483
f 4488//4481 4487//4480 4491//4484
f 4493//4482 4492//4485 4496//4486
f 4490//4483 4494//4585 4495//4488
f 4491//4484 4495//4488 4496//4486
f 4496//4486 4500//3951 4501//4489
f 4495//4488 4494//4585 4498//4490
f 4496//4486 4495//4488 4499//4491
f 4501//4489 4500//3951 4504//4492
f 4498//4490 4502//4586 4503//4494
f 4499//4491 4503//4494 4504//4492
f 4505//4493 4504//4492 4508//4495
f 4503//4494 4502//4586 4506//4497
f 4504//4492 4503//4494 4507//4498
f 4509//4496 4508//4495 4512//4499
f 4506//4497 4510//4587 4511//4501
f 4507//4498 4511//4501 4512//4499
f 4513//4500 4512//4499 4516//4502
f 4511//4501 4510//4587 4514//4504
f 4512//4499 4511//4501 4515//4505
f 4516//4502 4520//4508 4521//4506
f 4514//4504 4518//4510 4519//4507
f 4515//4505 4519//4507 4520//4508
f 4520//4508 4524//4512 4525//4509
f 4518//4510 4522//4515 4523//4511
f 4520//4508 4519//4507 4523//4511
f 4525//4509 4524//4512 4528//4513
f 4522//4515 4526//4588 4527//4516
f 4523//4511 4527//4516 4528//4513
f 4528//4513 4532//4520 4533//4517
f 4527//4516 4526//4588 4530//4518
f 4528//4513 4527//4516 4531//4519
f 4533//4517 4532//4520 4536//4521
f 4530//4518 4534//4526 4535//4523
f 4531//4519 4535//4523 4536//4521
f 4537//4522 4536//4521 4540//4524
f 4534//4526 4538//4589 4539//4527
f 4536//4521 4535//4523 4539//4527
f 4541//4525 4540//4524 4544//4528
f 4539//4527 4538//4589 4542//4530
f 4539//4527 4543//4531 4544//4528
f 4544//4528 4548//4534 4549//4532
f 4542//4530 4546//4590 4547//4533
f 4544//4528 4543//4531 4547//4533
f 4548//4534 4552//3997 4553//4535
f 4547//4533 4546//4590 4550//4536
f 4547//4533 4551//4537 4552//3997
f 4552//3997 4556//4001 4557//4538
f 4551//4537 4550//4536 4554//4539
f 4552//3997 4551//4537 4555//4540
f 4557//4538 4556//4001 4560//4541
f 4554//4539 4558//4591 4559//4543
f 4555//4540 4559//4543 4560//4541
f 4560//4541 4564//4547 4565//4544
f 4559//4543 4558//4591 4562//4545
f 4560//4541 4559//4543 4563//4546
f 4565//4544 4564//4547 4568//4548
f 4562//4545 4566//4592 4567//4550
f 4563//4546 4567//4550 4568//4548
f 4569//4549 4568//4548 4572//4551
f 4567//4550 4566//4592 4570//4553
f 4568//4548 4567//4550 4571//4554
f 4572//4551 4576//4557 4577//4555
f 4570//4553 4574//4593 4575//4556
f 4571//4554 4575//4556 4576//4557
f 4576//4557 4580//4561 4581//4558
f 4575//4556 4574//4593 4578//4559
f 4576//4557 4575//4556 4579//4560
f 4580//4561 4584//4564 4585//4562
f 4578//4559 4582//4594 4583//4563
f 4579//4560 4583//4563 4584//4564
f 4584//4564 4588//4568 4589//4565
f 4583//4563 4582//4594 4586//4566
f 4584//4564 4583//4563 4587//4567
f 4589//4565 4588//4568 4592//4569
f 4586//4566 4590//4595 4591//4571
f 4587//4567 4591//4571 4592//4569
f 4592//4569 4596//4575 4597//4572
f 4591//4571 4590//4595 4594//4573
f 4592//4569 4591//4571 4595//4574
f 4597//4572 4596//4575 4601//4576
f 4594//4573 4599//4596 4600//4578
f 4595//4574 4600//4578 4601//4576
f 4602//4577 4601//4576 4605//4579
f 4600//4578 4599//4596 4603//4581
f 4601//4576 4600//4578 4604//4582
f 4606//4580 4605//4579 4480//4473
f 4603//4581 4478//4583 4479//4477
f 4604//4582 4479//4477 4480//4473
f 4615//4597 4614//4612 4627//4598
f 4612//4600 4625//4613 4626//4601
f 4611//4603 4610//4614 4623//4066
f 4609//4605 4608//4616 4621//4069
f 4618//4607 4617//4071 4630//4608
f 4615//4597 4628//4599 4629//4610
f 4613//4602 4626//4601 4627//4598
f 4612//4600 4611//4603 4624//4604
f 4609//4605 4622//4606 4623//4066
f 4607//4615 4620//4619 4621//4069
f 4619//4617 4618//4607 4631//4609
f 4617//4071 4616//4611 4629//4610
f 4622//4606 4635//4628 4636//4084
f 4620//4619 4633//4954 4634//4620
f 4632//4618 4631//4609 4644//4621
f 4629//4610 4642//4629 4643//4089
f 4628//4599 4627//4598 4640//4623
f 4626//4601 4625//4613 4638//4625
f 4624//4604 4623//4066 4636//4084
f 4622//4606 4621//4069 4634//4620
f 4631//4609 4630//4608 4643//4089
f 4628//4599 4641//4624 4642//4629
f 4626//4601 4639//4626 4640//4623
f 4624//4604 4637//4627 4638//4625
f 4635//4628 4648//4106 4649//4630
f 4634//4620 4633//4954 4646//4631
f 4644//4621 4657//4639 4658//4633
f 4642//4629 4655//4640 4656//4634
f 4641//4624 4640//4623 4653//4102
f 4639//4626 4638//4625 4651//4636
f 4636//4084 4649//4630 4650//4638
f 4635//4628 4634//4620 4647//4632
f 4643//4089 4656//4634 4657//4639
f 4642//4629 4641//4624 4654//4635
f 4640//4623 4639//4626 4652//4637
f 4637//4627 4650//4638 4651//4636
f 4648//4106 4661//4648 4662//4641
f 4646//4631 4659//4959 4660//4642
f 4658//4633 4657//4639 4670//4643
f 4656//4634 4655//4640 4668//4644
f 4653//4102 4666//4649 4667//4646
f 4651//4636 4664//4121 4665//4647
f 4649//4630 4662//4641 4663//4119
f 4648//4106 4647//4632 4660//4642
f 4656//4634 4669//4645 4670//4643
f 4654//4635 4667//4646 4668//4644
f 4653//4102 4652//4637 4665//4647
f 4651//4636 4650//4638 4663//4119
f 4661//4648 4674//4659 4675//4650
f 4660//4642 4659//4959 4672//4651
f 4670//4643 4683//4660 4684//4653
f 4668//4644 4681//4661 4682//4654
f 4667//4646 4666//4649 4679//4655
f 4665//4647 4664//4121 4677//4657
f 4663//4119 4662//4641 4675//4650
f 4661//4648 4660//4642 4673//4652
f 4670//4643 4669//4645 4682//4654
f 4667//4646 4680//4656 4681//4661
f 4665//4647 4678//4658 4679//4655
f 4663//4119 4676//4131 4677//4657
f 4675//4650 4674//4659 4687//4662
f 4672//4651 4685//4471 4686//4664
f 4684//4653 4683//4660 4696//4665
f 4682//4654 4681//4661 4694//4667
f 4679//4655 4692//4673 4693//4669
f 4678//4658 4677//4657 4690//4670
f 4676//4131 4675//4650 4688//4663
f 4673//4652 4686//4664 4687//4662
f 4683//4660 4682//4654 4695//4668
f 4681//4661 4680//4656 4693//4669
f 4678//4658 4691//4671 4692//4673
f 4676//4131 4689//4672 4690//4670
f 4688//4663 4687//4662 4700//4674
f 4686//4664 4685//4471 4698//4676
f 4696//4665 4709//4683 4710//4678
f 4695//4668 4694//4667 4707//4679
f 4692//4673 4705//4684 4706//4680
f 4691//4671 4690//4670 4703//4159
f 4688//4663 4701//4675 4702//4682
f 4686//4664 4699//4677 4700//4674
f 4695//4668 4708//4153 4709//4683
f 4694//4667 4693//4669 4706//4680
f 4692//4673 4691//4671 4704//4681
f 4689//4672 4702//4682 4703//4159
f 4701//4675 4700//4674 4713//4685
f 4699//4677 4698//4676 4711//4687
f 4710//4678 4709//4683 4722//4689
f 4707//4679 4720//4696 4721//4691
f 4705//4684 4718//4697 4719//4692
f 4704//4681 4703//4159 4716//4693
f 4701//4675 4714//4686 4715//4695
f 4699//4677 4712//4688 4713//4685
f 4709//4683 4708//4153 4721//4691
f 4707//4679 4706//4680 4719//4692
f 4705//4684 4704//4681 4717//4694
f 4702//4682 4715//4695 4716//4693
f 4713//4685 4726//4708 4727//4698
f 4711//4687 4724//4711 4725//4699
f 4723//4690 4722//4689 4735//4700
f 4721//4691 4720//4696 4733//4702
f 4719//4692 4718//4697 4731//4704
f 4716//4693 4729//4709 4730//4706
f 4715//4695 4714//4686 4727//4698
f 4713//4685 4712//4688 4725//4699
f 4721//4691 4734//4703 4735//4700
f 4719//4692 4732//4705 4733//4702
f 4717//4694 4730//4706 4731//4704
f 4716//4693 4715//4695 4728//4707
f 4726//4708 4739//4718 4740//4710
f 4724//4711 4737//4953 4738//4712
f 4736//4701 4735//4700 4748//4713
f 4733//4702 4746//4719 4747//4714
f 4732//4705 4731//4704 4744//4191
f 4730//4706 4729//4709 4742//4716
f 4728//4707 4727//4698 4740//4710
f 4726//4708 4725//4699 4738//4712
f 4735//4700 4734//4703 4747//4714
f 4732//4705 4745//4715 4746//4719
f 4730//4706 4743//4717 4744//4191
f 4728//4707 4741//4194 4742//4716
f 4739//4718 4752//4727 4753//4720
f 4738//4712 4737//4953 4750//4721
f 4748//4713 4761//4728 4762//4723
f 4746//4719 4759//4209 4760//4724
f 4745//4715 4744//4191 4757//4203
f 4743//4717 4742//4716 4755//4725
f 4740//4710 4753//4720 4754//4206
f 4739//4718 4738//4712 4751//4722
f 4747//4714 4760//4724 4761//4728
f 4745//4715 4758//4204 4759//4209
f 4744//4191 4743//4717 4756//4726
f 4741//4194 4754//4206 4755//4725
f 4753//4720 4752//4727 4765//4729
f 4750//4721 4763//4960 4764//4731
f 4762//4723 4761//4728 4774//4732
f 4759//4209 4772//4739 4773//4734
f 4758//4204 4757//4203 4770//4735
f 4755//4725 4768//4222 4769//4737
f 4753//4720 4766//4730 4767//4738
f 4752//4727 4751//4722 4764//4731
f 4760//4724 4773//4734 4774//4732
f 4758//4204 4771//4736 4772//4739
f 4757//4203 4756//4726 4769//4737
f 4755//4725 4754//4206 4767//4738
f 4765//4729 4778//4233 4779//4740
f 4764//4731 4763//4960 4776//4741
f 4774//4732 4787//4234 4788//4742
f 4772//4739 4785//4749 4786//4743
f 4771//4736 4770//4735 4783//4744
f 4769//4737 4768//4222 4781//4746
f 4767//4738 4766//4730 4779//4740
f 4765//4729 4764//4731 4777//4225
f 4774//4732 4773//4734 4786//4743
f 4771//4736 4784//4745 4785//4749
f 4769//4737 4782//4747 4783//4744
f 4767//4738 4780//4748 4781//4746
f 4779//4740 4778//4233 4791//4236
f 4776//4741 4789//4952 4790//4751
f 4788//4742 4787//4234 4800//4752
f 4786//4743 4785//4749 4798//4241
f 4783//4744 4796//4758 4797//4755
f 4782//4747 4781//4746 4794//4756
f 4780//4748 4779//4740 4792//4750
f 4777//4225 4790//4751 4791//4236
f 4787//4234 4786//4743 4799//4754
f 4785//4749 4784//4745 4797//4755
f 4782//4747 4795//4244 4796//4758
f 4780//4748 4793//4757 4794//4756
f 4792//4750 4791//4236 4804//4759
f 4790//4751 4789//4952 4802//4761
f 4800//4752 4813//4770 4814//4763
f 4799//4754 4798//4241 4811//4764
f 4796//4758 4809//4771 4810//4766
f 4795//4244 4794//4756 4807//4767
f 4792//4750 4805//4760 4806//4769
f 4790//4751 4803//4762 4804//4759
f 4799//4754 4812//4765 4813//4770
f 4798//4241 4797//4755 4810//4766
f 4796//4758 4795//4244 4808//4768
f 4793//4757 4806//4769 4807//4767
f 4805//4760 4804//4759 4817//4772
f 4803//4762 4802//4761 4815//4774
f 4814//4763 4813//4770 4826//4776
f 4811//4764 4824//4780 4825//4778
f 4809//4771 4822//4781 4823//4779
f 4808//4768 4807//4767 4820//4268
f 4805//4760 4818//4773 4819//4270
f 4803//4762 4816//4775 4817//4772
f 4813//4770 4812//4765 4825//4778
f 4811//4764 4810//4766 4823//4779
f 4809//4771 4808//4768 4821//4269
f 4806//4769 4819//4270 4820//4268
f 4817//4772 4830//4790 4831//4782
f 4815//4774 4828//4793 4829//4783
f 4826//4776 4839//4791 4840//4784
f 4825//4778 4824//4780 4837//4785
f 4823//4779 4822//4781 4835//4787
f 4820//4268 4833//4285 4834//4788
f 4819//4270 4818//4773 4831//4782
f 4817//4772 4816//4775 4829//4783
f 4825//4778 4838//4786 4839//4791
f 4823//4779 4836//4281 4837//4785
f 4821//4269 4834//4788 4835//4787
f 4820//4268 4819//4270 4832//4789
f 4830//4790 4843//4800 4844//4792
f 4828//4793 4841//4951 4842//4794
f 4840//4784 4839//4791 4852//4289
f 4837//4785 4850//4801 4851//4291
f 4836//4281 4835//4787 4848//4796
f 4834//4788 4833//4285 4846//4798
f 4832//4789 4831//4782 4844//4792
f 4830//4790 4829//4783 4842//4794
f 4839//4791 4838//4786 4851//4291
f 4836//4281 4849//4797 4850//4801
f 4834//4788 4847//4799 4848//4796
f 4832//4789 4845//4295 4846//4798
f 4843//4800 4856//4809 4857//4299
f 4842//4794 4841//4951 4854//4802
f 4852//4289 4865//4810 4866//4803
f 4850//4801 4863//4811 4864//4804
f 4849//4797 4848//4796 4861//4304
f 4847//4799 4846//4798 4859//4806
f 4844//4792 4857//4299 4858//4808
f 4843//4800 4842//4794 4855//4301
f 4851//4291 4864//4804 4865//4810
f 4849//4797 4862//4805 4863//4811
f 4848//4796 4847//4799 4860//4807
f 4845//4295 4858//4808 4859//4806
f 4857//4299 4856//4809 4869//4322
f 4855//4301 4854//4802 4867//4813
f 4866//4803 4865//4810 4878//4815
f 4864//4804 4863//4811 4876//4817
f 4862//4805 4861//4304 4874//4819
f 4859//4806 4872//4822 4873//4320
f 4857//4299 4870//4812 4871//4821
f 4856//4809 4855//4301 4868//4814
f 4864//4804 4877//4818 4878//4815
f 4862//4805 4875//4820 4876//4817
f 4861//4304 4860//4807 4873//4320
f 4859//4806 4858//4808 4871//4821
f 4869//4322 4882//4832 4883//4823
f 4868//4814 4867//4813 4880//4824
f 4878//4815 4891//4833 4892//4825
f 4877//4818 4876//4817 4889//4826
f 4874//4819 4887//4834 4888//4828
f 4873//4320 4872//4822 4885//4829
f 4871//4821 4870//4812 4883//4823
f 4868//4814 4881//4326 4882//4832
f 4878//4815 4877//4818 4890//4827
f 4876//4817 4875//4820 4888//4828
f 4873//4320 4886//4830 4887//4834
f 4871//4821 4884//4831 4885//4829
f 4883//4823 4882//4832 4896//4835
f 4880//4824 4894//4950 4895//4339
f 4892//4825 4891//4833 4905//4837
f 4890//4827 4889//4826 4903//4839
f 4887//4834 4901//4844 4902//4841
f 4885//4829 4899//4845 4900//4842
f 4884//4831 4883//4823 4897//4836
f 4881//4326 4895//4339 4896//4835
f 4891//4833 4890//4827 4904//4840
f 4889//4826 4888//4828 4902//4841
f 4886//4830 4900//4842 4901//4844
f 4885//4829 4884//4831 4898//4843
f 4897//4836 4896//4835 4909//4846
f 4895//4339 4894//4950 4907//4848
f 4905//4837 4918//4854 4919//4849
f 4904//4840 4903//4839 4916//4850
f 4901//4844 4914//4855 4915//4851
f 4899//4845 4912//4856 4913//4852
f 4897//4836 4910//4847 4911//4853
f 4895//4339 4908//4352 4909//4846
f 4904//4840 4917//4355 4918//4854
f 4903//4839 4902//4841 4915//4851
f 4901//4844 4900//4842 4913//4852
f 4899//4845 4898//4843 4911//4853
f 4910//4847 4909//4846 4922//4857
f 4908//4352 4907//4848 4920//4859
f 4919//4849 4918//4854 4931//4861
f 4916//4850 4929//4868 4930//4863
f 4914//4855 4927//4869 4928//4864
f 4913//4852 4912//4856 4925//4865
f 4910//4847 4923//4858 4924//4867
f 4908//4352 4921//4860 4922//4857
f 4918//4854 4917//4355 4930//4863
f 4916//4850 4915//4851 4928//4864
f 4914//4855 4913//4852 4926//4866
f 4911//4853 4924//4867 4925//4865
f 4922//4857 4935//4877 4936//4870
f 4920//4859 4933//4880 4934//4871
f 4931//4861 4944//4878 4945//4872
f 4930//4863 4929//4868 4942//4873
f 4928//4864 4927//4869 4940//4380
f 4925//4865 4938//4386 4939//4382
f 4924//4867 4923//4858 4936//4870
f 4922//4857 4921//4860 4934//4871
f 4930//4863 4943//4874 4944//4878
f 4928//4864 4941//4875 4942//4873
f 4926//4866 4939//4382 4940//4380
f 4925//4865 4924//4867 4937//4876
f 4935//4877 4948//4888 4949//4879
f 4933//4880 4946//4949 4947//4881
f 4945//4872 4944//4878 4957//4882
f 4942//4873 4955//4889 4956//4884
f 4941//4875 4940//4380 4953//4885
f 4938//4386 4951//4890 4952//4887
f 4937//4876 4936//4870 4949//4879
f 4935//4877 4934//4871 4947//4881
f 4944//4878 4943//4874 4956//4884
f 4941//4875 4954//4886 4955//4889
f 4939//4382 4952//4887 4953//4885
f 4938//4386 4937//4876 4950//4397
f 4948//4888 4961//4898 4962//4891
f 4947//4881 4946//4949 4959//4892
f 4957//4882 4970//4899 4971//4894
f 4955//4889 4968//4900 4969//4895
f 4954//4886 4953//4885 4966//4896
f 4951//4890 4964//4901 4965//4408
f 4949//4879 4962//4891 4963//4409
f 4948//4888 4947//4881 4960//4893
f 4956//4884 4969//4895 4970//4899
f 4954//4886 4967//4897 4968//4900
f 4953//4885 4952//4887 4965//4408
f 4951//4890 4950//4397 4963//4409
f 4962//4891 4961//4898 4974//4902
f 4959//4892 4972//4961 4973//4904
f 4971//4894 4970//4899 4983//4416
f 4968//4900 4981//4910 4982//4906
f 4966//4896 4979//4420 4980//4907
f 4964//4901 4977//4911 4978//4908
f 4962//4891 4975//4903 4976//4909
f 4960//4893 4973//4904 4974//4902
f 4969//4895 4982//4906 4983//4416
f 4967//4897 4980//4907 4981//4910
f 4966//4896 4965//4408 4978//4908
f 4964//4901 4963//4409 4976//4909
f 4975//4903 4974//4902 4987//4912
f 4973//4904 4972//4961 4985//4914
f 4983//4416 4996//4922 4997//4916
f 4981//4910 4994//4923 4995//4917
f 4979//4420 4992//4924 4993//4918
f 4978//4908 4977//4911 4990//4919
f 4976//4909 4975//4903 4988//4913
f 4973//4904 4986//4915 4987//4912
f 4983//4416 4982//4906 4995//4917
f 4981//4910 4980//4907 4993//4918
f 4978//4908 4991//4920 4992//4924
f 4976//4909 4989//4921 4990//4919
f 4988//4913 4987//4912 5000//4925
f 4985//4914 4998//4948 4999//4441
f 4997//4916 4996//4922 5009//4926
f 4995//4917 4994//4923 5007//4928
f 4992//4924 5005//4934 5006//4930
f 4991//4920 4990//4919 5003//4931
f 4989//4921 4988//4913 5001//4439
f 4986//4915 4999//4441 5000//4925
f 4996//4922 4995//4917 5008//4929
f 4994//4923 4993//4918 5006//4930
f 4991//4920 5004//4932 5005//4934
f 4989//4921 5002//4933 5003//4931
f 5001//4439 5000//4925 5013//4935
f 4999//4441 4998//4948 5011//4937
f 5009//4926 5022//4946 5023//4939
f 5008//4929 5007//4928 5020//4940
f 5005//4934 5018//4947 5019//4942
f 5004//4932 5003//4931 5016//4943
f 5001//4439 5014//4936 5015//4945
f 4999//4441 5012//4938 5013//4935
f 5008//4929 5021//4941 5022//4946
f 5007//4928 5006//4930 5019//4942
f 5005//4934 5004//4932 5017//4944
f 5002//4933 5015//4945 5016//4943
f 5014//4936 5013//4935 4609//4605
f 5012//4938 5011//4937 4607//4615
f 5022//4946 4618//4607 4619//4617
f 5020//4940 4616//4611 4617//4071
f 5018//4947 4614//4612 4615//4597
f 5017//4944 5016//4943 4612//4600
f 5014//4936 4610//4614 4611//4603
f 5012//4938 4608//4616 4609//4605
f 5021//4941 4617//4071 4618//4607
f 5020//4940 5019//4942 4615//4597
f 5018//4947 5017//4944 4613//4602
f 5015//4945 4611//4603 4612//4600
f 4481//4476 4607//4615 5011//4937
f 5011//4937 4998//4948 4602//4577
f 4998//4948 4985//4914 4597//4572
f 4985//4914 4972//4961 4593//4570
f 4593//4570 4972//4961 4959//4892
f 4589//4565 4959//4892 4946//4949
f 4585//4562 4946//4949 4933//4880
f 4933//4880 4920//4859 4577//4555
f 4577//4555 4920//4859 4907//4848
f 4907//4848 4894//4950 4569//4549
f 4894//4950 4880//4824 4565//4544
f 4880//4824 4867//4813 4561//4542
f 4561//4542 4867//4813 4854//4802
f 4557//4538 4854//4802 4841//4951
f 4553//4535 4841//4951 4828//4793
f 4828//4793 4815//4774 4545//4529
f 4545//4529 4815//4774 4802//4761
f 4802//4761 4789//4952 4537//4522
f 4789//4952 4776//4741 4533//4517
f 4776//4741 4763//4960 4529//4514
f 4529//4514 4763//4960 4750//4721
f 4525//4509 4750//4721 4737//4953
f 4521//4506 4737//4953 4724//4711
f 4724//4711 4711//4687 4513//4500
f 4513//4500 4711//4687 4698//4676
f 4698//4676 4685//4471 4505//4493
f 4685//4471 4672//4651 4501//4489
f 4672//4651 4659//4959 4497//4487
f 4497//4487 4659//4959 4646//4631
f 4493//4482 4646//4631 4633//4954
f 4489//4479 4633//4954 4620//4619
f 4620//4619 4607//4615 4481//4476
